Ticker,Date,Result,PnL,RS_Rating,AD_Rating,VCP_Tight,VCP_DryUp,ATR_Risk,Has_FVG
META,2015-12-01,Loss,-7.398157804460361,,54.922898249494466,True,False,5.1121894199503926,True
META,2016-03-11,Win,33.177478146631515,77.39285714285714,52.11245901733913,True,True,4.733140584141964,True
META,2017-05-01,Win,25.314861005449046,98.60714285714286,55.902340913673996,True,False,7.585406663589846,True
META,2017-11-28,Win,15.144167548434249,96.25,55.16401063385028,True,True,5.159333066222474,True
META,2018-05-10,Win,28.91108492897082,77.0,50.73158782421744,True,True,4.006630469662407,True
META,2019-04-25,Win,37.02763882333953,79.35714285714286,61.23009861680211,True,False,11.940382074341343,True
META,2020-02-10,Loss,-16.801262190971094,99.0,61.88881643260871,True,False,9.218183636750156,True
META,2020-04-06,Win,64.25914716950915,23.178571428571427,50.72044145782814,True,True,4.179147278355276,True
META,2021-06-29,Loss,-12.254975613802761,61.285714285714285,54.56464469656132,True,True,9.406882154494609,True
META,2022-10-25,Loss,-14.327208912568464,26.321428571428573,51.364616170554264,True,True,5.060655220929411,True
META,2022-11-23,Win,47.26516190692391,20.821428571428573,47.55814192235798,True,True,7.081453073262852,True
META,2023-09-05,Win,25.39137334812648,69.53571428571428,47.14326156195284,True,True,4.750401688029764,True
META,2024-03-14,Loss,-8.453121100840177,72.67857142857142,59.39767966242084,True,True,5.279282240896686,True
META,2024-05-15,Loss,-10.280616010114093,25.142857142857142,54.03817181487249,True,True,6.406424069871572,True
GOOGL,2015-12-01,Loss,-7.398157804460361,,54.922898249494466,True,False,5.1121894199503926,True
GOOGL,2016-03-11,Win,33.177478146631515,77.39285714285714,52.11245901733913,True,True,4.733140584141964,True
GOOGL,2017-05-01,Win,25.314861005449046,98.60714285714286,55.902340913673996,True,False,7.585406663589846,True
GOOGL,2017-11-28,Win,15.144167548434249,96.25,55.16401063385028,True,True,5.159333066222474,True
GOOGL,2018-05-10,Win,28.91108492897082,77.0,50.73158782421744,True,True,4.006630469662407,True
GOOGL,2019-04-25,Win,37.02763882333953,79.35714285714286,61.23009861680211,True,False,11.940382074341343,True
GOOGL,2020-02-10,Loss,-16.801262190971094,99.0,61.88881643260871,True,False,9.218183636750156,True
GOOGL,2020-04-06,Win,64.25914716950915,23.178571428571427,50.72044145782814,True,True,4.179147278355276,True
GOOGL,2021-06-29,Loss,-12.254975613802761,61.285714285714285,54.56464469656132,True,True,9.406882154494609,True
GOOGL,2022-10-25,Loss,-14.327208912568464,26.321428571428573,51.364616170554264,True,True,5.060655220929411,True
GOOGL,2022-11-23,Win,47.26516190692391,20.821428571428573,47.55814192235798,True,True,7.081453073262852,True
GOOGL,2023-09-05,Win,25.39137334812648,69.53571428571428,47.14326156195284,True,True,4.750401688029764,True
GOOGL,2024-03-14,Loss,-8.453121100840177,72.67857142857142,59.39767966242084,True,True,5.279282240896686,True
GOOGL,2024-05-15,Loss,-10.280616010114093,25.142857142857142,54.03817181487249,True,True,6.406424069871572,True
NVDA,2015-12-01,Loss,-7.398157804460361,,54.922898249494466,True,False,5.1121894199503926,True
NVDA,2016-03-11,Win,33.177478146631515,77.39285714285714,52.11245901733913,True,True,4.733140584141964,True
NVDA,2017-05-01,Win,25.314861005449046,98.60714285714286,55.902340913673996,True,False,7.585406663589846,True
NVDA,2017-11-28,Win,15.144167548434249,96.25,55.16401063385028,True,True,5.159333066222474,True
NVDA,2018-05-10,Win,28.91108492897082,77.0,50.73158782421744,True,True,4.006630469662407,True
NVDA,2019-04-25,Win,37.02763882333953,79.35714285714286,61.23009861680211,True,False,11.940382074341343,True
NVDA,2020-02-10,Loss,-16.801262190971094,99.0,61.88881643260871,True,False,9.218183636750156,True
NVDA,2020-04-06,Win,64.25914716950915,23.178571428571427,50.72044145782814,True,True,4.179147278355276,True
NVDA,2021-06-29,Loss,-12.254975613802761,61.285714285714285,54.56464469656132,True,True,9.406882154494609,True
NVDA,2022-10-25,Loss,-14.327208912568464,26.321428571428573,51.364616170554264,True,True,5.060655220929411,True
NVDA,2022-11-23,Win,47.26516190692391,20.821428571428573,47.55814192235798,True,True,7.081453073262852,True
NVDA,2023-09-05,Win,25.39137334812648,69.53571428571428,47.14326156195284,True,True,4.750401688029764,True
NVDA,2024-03-14,Loss,-8.453121100840177,72.67857142857142,59.39767966242084,True,True,5.279282240896686,True
NVDA,2024-05-15,Loss,-10.280616010114093,25.142857142857142,54.03817181487249,True,True,6.406424069871572,True
AAPL,2015-12-01,Loss,-7.398157804460361,,54.922898249494466,True,False,5.1121894199503926,True
AAPL,2016-03-11,Win,33.177478146631515,77.39285714285714,52.11245901733913,True,True,4.733140584141964,True
AAPL,2017-05-01,Win,25.314861005449046,98.60714285714286,55.902340913673996,True,False,7.585406663589846,True
AAPL,2017-11-28,Win,15.144167548434249,96.25,55.16401063385028,True,True,5.159333066222474,True
AAPL,2018-05-10,Win,28.91108492897082,77.0,50.73158782421744,True,True,4.006630469662407,True
AAPL,2019-04-25,Win,37.02763882333953,79.35714285714286,61.23009861680211,True,False,11.940382074341343,True
AAPL,2020-02-10,Loss,-16.801262190971094,99.0,61.88881643260871,True,False,9.218183636750156,True
AAPL,2020-04-06,Win,64.25914716950915,23.178571428571427,50.72044145782814,True,True,4.179147278355276,True
AAPL,2021-06-29,Loss,-12.254975613802761,61.285714285714285,54.56464469656132,True,True,9.406882154494609,True
AAPL,2022-10-25,Loss,-14.327208912568464,26.321428571428573,51.364616170554264,True,True,5.060655220929411,True
AAPL,2022-11-23,Win,47.26516190692391,20.821428571428573,47.55814192235798,True,True,7.081453073262852,True
AAPL,2023-09-05,Win,25.39137334812648,69.53571428571428,47.14326156195284,True,True,4.750401688029764,True
AAPL,2024-03-14,Loss,-8.453121100840177,72.67857142857142,59.39767966242084,True,True,5.279282240896686,True
AAPL,2024-05-15,Loss,-10.280616010114093,25.142857142857142,54.03817181487249,True,True,6.406424069871572,True
GOOG,2015-12-01,Loss,-7.398157804460361,,54.922898249494466,True,False,5.1121894199503926,True
GOOG,2016-03-11,Win,33.177478146631515,77.39285714285714,52.11245901733913,True,True,4.733140584141964,True
GOOG,2017-05-01,Win,25.314861005449046,98.60714285714286,55.902340913673996,True,False,7.585406663589846,True
GOOG,2017-11-28,Win,15.144167548434249,96.25,55.16401063385028,True,True,5.159333066222474,True
GOOG,2018-05-10,Win,28.91108492897082,77.0,50.73158782421744,True,True,4.006630469662407,True
GOOG,2019-04-25,Win,37.02763882333953,79.35714285714286,61.23009861680211,True,False,11.940382074341343,True
GOOG,2020-02-10,Loss,-16.801262190971094,99.0,61.88881643260871,True,False,9.218183636750156,True
GOOG,2020-04-06,Win,64.25914716950915,23.178571428571427,50.72044145782814,True,True,4.179147278355276,True
GOOG,2021-06-29,Loss,-12.254975613802761,61.285714285714285,54.56464469656132,True,True,9.406882154494609,True
GOOG,2022-10-25,Loss,-14.327208912568464,26.321428571428573,51.364616170554264,True,True,5.060655220929411,True
GOOG,2022-11-23,Win,47.26516190692391,20.821428571428573,47.55814192235798,True,True,7.081453073262852,True
GOOG,2023-09-05,Win,25.39137334812648,69.53571428571428,47.14326156195284,True,True,4.750401688029764,True
GOOG,2024-03-14,Loss,-8.453121100840177,72.67857142857142,59.39767966242084,True,True,5.279282240896686,True
GOOG,2024-05-15,Loss,-10.280616010114093,25.142857142857142,54.03817181487249,True,True,6.406424069871572,True
TSLA,2015-12-01,Loss,-7.398157804460361,,54.922898249494466,True,False,5.1121894199503926,True
TSLA,2016-03-11,Win,33.177478146631515,77.39285714285714,52.11245901733913,True,True,4.733140584141964,True
TSLA,2017-05-01,Win,25.314861005449046,98.60714285714286,55.902340913673996,True,False,7.585406663589846,True
TSLA,2017-11-28,Win,15.144167548434249,96.25,55.16401063385028,True,True,5.159333066222474,True
TSLA,2018-05-10,Win,28.91108492897082,77.0,50.73158782421744,True,True,4.006630469662407,True
TSLA,2019-04-25,Win,37.02763882333953,79.35714285714286,61.23009861680211,True,False,11.940382074341343,True
TSLA,2020-02-10,Loss,-16.801262190971094,99.0,61.88881643260871,True,False,9.218183636750156,True
TSLA,2020-04-06,Win,64.25914716950915,23.178571428571427,50.72044145782814,True,True,4.179147278355276,True
TSLA,2021-06-29,Loss,-12.254975613802761,61.285714285714285,54.56464469656132,True,True,9.406882154494609,True
TSLA,2022-10-25,Loss,-14.327208912568464,26.321428571428573,51.364616170554264,True,True,5.060655220929411,True
TSLA,2022-11-23,Win,47.26516190692391,20.821428571428573,47.55814192235798,True,True,7.081453073262852,True
TSLA,2023-09-05,Win,25.39137334812648,69.53571428571428,47.14326156195284,True,True,4.750401688029764,True
TSLA,2024-03-14,Loss,-8.453121100840177,72.67857142857142,59.39767966242084,True,True,5.279282240896686,True
TSLA,2024-05-15,Loss,-10.280616010114093,25.142857142857142,54.03817181487249,True,True,6.406424069871572,True
AMZN,2015-12-01,Loss,-7.398157804460361,,54.922898249494466,True,False,5.1121894199503926,True
AMZN,2016-03-11,Win,33.177478146631515,77.39285714285714,52.11245901733913,True,True,4.733140584141964,True
AMZN,2017-05-01,Win,25.314861005449046,98.60714285714286,55.902340913673996,True,False,7.585406663589846,True
AMZN,2017-11-28,Win,15.144167548434249,96.25,55.16401063385028,True,True,5.159333066222474,True
AMZN,2018-05-10,Win,28.91108492897082,77.0,50.73158782421744,True,True,4.006630469662407,True
AMZN,2019-04-25,Win,37.02763882333953,79.35714285714286,61.23009861680211,True,False,11.940382074341343,True
AMZN,2020-02-10,Loss,-16.801262190971094,99.0,61.88881643260871,True,False,9.218183636750156,True
AMZN,2020-04-06,Win,64.25914716950915,23.178571428571427,50.72044145782814,True,True,4.179147278355276,True
AMZN,2021-06-29,Loss,-12.254975613802761,61.285714285714285,54.56464469656132,True,True,9.406882154494609,True
AMZN,2022-10-25,Loss,-14.327208912568464,26.321428571428573,51.364616170554264,True,True,5.060655220929411,True
AMZN,2022-11-23,Win,47.26516190692391,20.821428571428573,47.55814192235798,True,True,7.081453073262852,True
AMZN,2023-09-05,Win,25.39137334812648,69.53571428571428,47.14326156195284,True,True,4.750401688029764,True
AMZN,2024-03-14,Loss,-8.453121100840177,72.67857142857142,59.39767966242084,True,True,5.279282240896686,True
AMZN,2024-05-15,Loss,-10.280616010114093,25.142857142857142,54.03817181487249,True,True,6.406424069871572,True
AVGO,2015-12-01,Loss,-7.398157804460361,,54.922898249494466,True,False,5.1121894199503926,True
AVGO,2016-03-11,Win,33.177478146631515,77.39285714285714,52.11245901733913,True,True,4.733140584141964,True
AVGO,2017-05-01,Win,25.314861005449046,98.60714285714286,55.902340913673996,True,False,7.585406663589846,True
AVGO,2017-11-28,Win,15.144167548434249,96.25,55.16401063385028,True,True,5.159333066222474,True
AVGO,2018-05-10,Win,28.91108492897082,77.0,50.73158782421744,True,True,4.006630469662407,True
AVGO,2019-04-25,Win,37.02763882333953,79.35714285714286,61.23009861680211,True,False,11.940382074341343,True
AVGO,2020-02-10,Loss,-16.801262190971094,99.0,61.88881643260871,True,False,9.218183636750156,True
AVGO,2020-04-06,Win,64.25914716950915,23.178571428571427,50.72044145782814,True,True,4.179147278355276,True
AVGO,2021-06-29,Loss,-12.254975613802761,61.285714285714285,54.56464469656132,True,True,9.406882154494609,True
AVGO,2022-10-25,Loss,-14.327208912568464,26.321428571428573,51.364616170554264,True,True,5.060655220929411,True
AVGO,2022-11-23,Win,47.26516190692391,20.821428571428573,47.55814192235798,True,True,7.081453073262852,True
AVGO,2023-09-05,Win,25.39137334812648,69.53571428571428,47.14326156195284,True,True,4.750401688029764,True
AVGO,2024-03-14,Loss,-8.453121100840177,72.67857142857142,59.39767966242084,True,True,5.279282240896686,True
AVGO,2024-05-15,Loss,-10.280616010114093,25.142857142857142,54.03817181487249,True,True,6.406424069871572,True
MSFT,2015-12-01,Loss,-7.398157804460361,,54.922898249494466,True,False,5.1121894199503926,True
MSFT,2016-03-11,Win,33.177478146631515,77.39285714285714,52.11245901733913,True,True,4.733140584141964,True
MSFT,2017-05-01,Win,25.314861005449046,98.60714285714286,55.902340913673996,True,False,7.585406663589846,True
MSFT,2017-11-28,Win,15.144167548434249,96.25,55.16401063385028,True,True,5.159333066222474,True
MSFT,2018-05-10,Win,28.91108492897082,77.0,50.73158782421744,True,True,4.006630469662407,True
MSFT,2019-04-25,Win,37.02763882333953,79.35714285714286,61.23009861680211,True,False,11.940382074341343,True
MSFT,2020-02-10,Loss,-16.801262190971094,99.0,61.88881643260871,True,False,9.218183636750156,True
MSFT,2020-04-06,Win,64.25914716950915,23.178571428571427,50.72044145782814,True,True,4.179147278355276,True
MSFT,2021-06-29,Loss,-12.254975613802761,61.285714285714285,54.56464469656132,True,True,9.406882154494609,True
MSFT,2022-10-25,Loss,-14.327208912568464,26.321428571428573,51.364616170554264,True,True,5.060655220929411,True
MSFT,2022-11-23,Win,47.26516190692391,20.821428571428573,47.55814192235798,True,True,7.081453073262852,True
MSFT,2023-09-05,Win,25.39137334812648,69.53571428571428,47.14326156195284,True,True,4.750401688029764,True
MSFT,2024-03-14,Loss,-8.453121100840177,72.67857142857142,59.39767966242084,True,True,5.279282240896686,True
MSFT,2024-05-15,Loss,-10.280616010114093,25.142857142857142,54.03817181487249,True,True,6.406424069871572,True
BRK-B,2015-12-01,Loss,-7.398157804460361,,54.922898249494466,True,False,5.1121894199503926,True
BRK-B,2016-03-11,Win,33.177478146631515,77.39285714285714,52.11245901733913,True,True,4.733140584141964,True
BRK-B,2017-05-01,Win,25.314861005449046,98.60714285714286,55.902340913673996,True,False,7.585406663589846,True
BRK-B,2017-11-28,Win,15.144167548434249,96.25,55.16401063385028,True,True,5.159333066222474,True
BRK-B,2018-05-10,Win,28.91108492897082,77.0,50.73158782421744,True,True,4.006630469662407,True
BRK-B,2019-04-25,Win,37.02763882333953,79.35714285714286,61.23009861680211,True,False,11.940382074341343,True
BRK-B,2020-02-10,Loss,-16.801262190971094,99.0,61.88881643260871,True,False,9.218183636750156,True
BRK-B,2020-04-06,Win,64.25914716950915,23.178571428571427,50.72044145782814,True,True,4.179147278355276,True
BRK-B,2021-06-29,Loss,-12.254975613802761,61.285714285714285,54.56464469656132,True,True,9.406882154494609,True
BRK-B,2022-10-25,Loss,-14.327208912568464,26.321428571428573,51.364616170554264,True,True,5.060655220929411,True
BRK-B,2022-11-23,Win,47.26516190692391,20.821428571428573,47.55814192235798,True,True,7.081453073262852,True
BRK-B,2023-09-05,Win,25.39137334812648,69.53571428571428,47.14326156195284,True,True,4.750401688029764,True
BRK-B,2024-03-14,Loss,-8.453121100840177,72.67857142857142,59.39767966242084,True,True,5.279282240896686,True
BRK-B,2024-05-15,Loss,-10.280616010114093,25.142857142857142,54.03817181487249,True,True,6.406424069871572,True
JPM,2015-11-23,Loss,-13.936258561845866,,59.02066106924886,True,False,6.117576125265098,True
JPM,2016-03-02,Win,59.81798882132816,45.964285714285715,48.946928097492005,True,True,6.979487867877256,True
JPM,2017-05-12,Win,29.50533430651397,53.82142857142857,55.261622140449354,True,True,8.10145577088393,True
JPM,2018-01-11,Win,32.80745119130856,99.0,58.035532614147165,True,True,9.174451118304223,True
JPM,2018-06-14,Loss,-10.954879619710187,82.10714285714286,53.30638496780945,True,True,10.913729853389874,True
JPM,2019-01-16,Win,71.78848936471192,14.535714285714286,51.94702597859061,True,True,7.892433459507812,True
JPM,2020-07-06,Loss,-21.87255329749736,99.0,59.72393103088422,True,False,9.645380765886797,True
JPM,2022-07-19,Loss,-15.015816875425692,16.892857142857142,50.4764559744816,True,True,4.0106966033802065,True
JPM,2023-01-13,Win,56.00877069323528,39.67857142857143,48.982229431156874,True,False,6.131015449748419,True
JPM,2024-01-26,Win,33.84425467065489,98.60714285714286,59.157341434105014,True,True,6.31124911721642,True
JPM,2024-12-04,Loss,-12.066833159244931,51.85714285714286,53.29824891323912,True,True,5.724602919646785,True
V,2015-11-23,Loss,-13.936258561845866,,59.02066106924886,True,False,6.117576125265098,True
V,2016-03-02,Win,59.81798882132816,45.964285714285715,48.946928097492005,True,True,6.979487867877256,True
V,2017-05-12,Win,29.50533430651397,53.82142857142857,55.261622140449354,True,True,8.10145577088393,True
V,2018-01-11,Win,32.80745119130856,99.0,58.035532614147165,True,True,9.174451118304223,True
V,2018-06-14,Loss,-10.954879619710187,82.10714285714286,53.30638496780945,True,True,10.913729853389874,True
V,2019-01-16,Win,71.78848936471192,14.535714285714286,51.94702597859061,True,True,7.892433459507812,True
V,2020-07-06,Loss,-21.87255329749736,99.0,59.72393103088422,True,False,9.645380765886797,True
V,2022-07-19,Loss,-15.015816875425692,16.892857142857142,50.4764559744816,True,True,4.0106966033802065,True
V,2023-01-13,Win,56.00877069323528,39.67857142857143,48.982229431156874,True,False,6.131015449748419,True
V,2024-01-26,Win,33.84425467065489,98.60714285714286,59.157341434105014,True,True,6.31124911721642,True
V,2024-12-04,Loss,-12.066833159244931,51.85714285714286,53.29824891323912,True,True,5.724602919646785,True
NFLX,2015-11-23,Loss,-13.936258561845866,,59.02066106924886,True,False,6.117576125265098,True
NFLX,2016-03-02,Win,59.81798882132816,45.964285714285715,48.946928097492005,True,True,6.979487867877256,True
NFLX,2017-05-12,Win,29.50533430651397,53.82142857142857,55.261622140449354,True,True,8.10145577088393,True
NFLX,2018-01-11,Win,32.80745119130856,99.0,58.035532614147165,True,True,9.174451118304223,True
NFLX,2018-06-14,Loss,-10.954879619710187,82.10714285714286,53.30638496780945,True,True,10.913729853389874,True
NFLX,2019-01-16,Win,71.78848936471192,14.535714285714286,51.94702597859061,True,True,7.892433459507812,True
NFLX,2020-07-06,Loss,-21.87255329749736,99.0,59.72393103088422,True,False,9.645380765886797,True
NFLX,2022-07-19,Loss,-15.015816875425692,16.892857142857142,50.4764559744816,True,True,4.0106966033802065,True
NFLX,2023-01-13,Win,56.00877069323528,39.67857142857143,48.982229431156874,True,False,6.131015449748419,True
NFLX,2024-01-26,Win,33.84425467065489,98.60714285714286,59.157341434105014,True,True,6.31124911721642,True
NFLX,2024-12-04,Loss,-12.066833159244931,51.85714285714286,53.29824891323912,True,True,5.724602919646785,True
LLY,2015-11-23,Loss,-13.936258561845866,,59.02066106924886,True,False,6.117576125265098,True
LLY,2016-03-02,Win,59.81798882132816,45.964285714285715,48.946928097492005,True,True,6.979487867877256,True
LLY,2017-05-12,Win,29.50533430651397,53.82142857142857,55.261622140449354,True,True,8.10145577088393,True
LLY,2018-01-11,Win,32.80745119130856,99.0,58.035532614147165,True,True,9.174451118304223,True
LLY,2018-06-14,Loss,-10.954879619710187,82.10714285714286,53.30638496780945,True,True,10.913729853389874,True
LLY,2019-01-16,Win,71.78848936471192,14.535714285714286,51.94702597859061,True,True,7.892433459507812,True
LLY,2020-07-06,Loss,-21.87255329749736,99.0,59.72393103088422,True,False,9.645380765886797,True
LLY,2022-07-19,Loss,-15.015816875425692,16.892857142857142,50.4764559744816,True,True,4.0106966033802065,True
LLY,2023-01-13,Win,56.00877069323528,39.67857142857143,48.982229431156874,True,False,6.131015449748419,True
LLY,2024-01-26,Win,33.84425467065489,98.60714285714286,59.157341434105014,True,True,6.31124911721642,True
LLY,2024-12-04,Loss,-12.066833159244931,51.85714285714286,53.29824891323912,True,True,5.724602919646785,True
JNJ,2015-12-01,Loss,-17.633683448397644,,58.71028385644298,True,False,9.512766526412411,True
JNJ,2016-02-18,Win,57.77305609190729,68.75,46.37527344910368,True,False,5.238687941832694,True
JNJ,2016-06-23,Win,28.3122424405379,98.60714285714286,60.317123198076715,True,True,4.857225461443174,True
JNJ,2016-09-19,Win,35.32146304196541,83.28571428571429,56.75003299825626,True,False,4.407791894204322,True
JNJ,2016-12-15,Win,47.51917967269482,99.0,56.812998145420835,True,False,4.7772912537203664,True
JNJ,2017-07-12,Win,49.29216806776222,71.10714285714286,55.08252182708889,True,True,5.03531592994628,True
JNJ,2018-01-29,Loss,-23.180058878048,39.67857142857143,56.16325388249579,True,True,9.844906879524334,True
JNJ,2019-01-18,Win,66.8308032833997,15.714285714285714,48.8842898475903,True,True,5.381294455917226,True
JNJ,2020-02-11,Loss,-15.045179358374208,99.0,55.77358187863254,True,False,5.78079243979726,True
JNJ,2020-05-07,Win,52.163219329684566,92.71428571428571,53.00931303693742,True,True,5.522696964476895,True
JNJ,2020-08-17,Win,67.00667260727991,98.21428571428572,56.77784159900076,True,True,7.697031234112125,True
JNJ,2021-08-05,Win,45.48349577719365,55.392857142857146,58.43584956734029,True,True,4.796945854993767,True
JNJ,2022-03-18,Loss,-23.49828531608285,24.357142857142854,51.99391380678846,True,True,4.882739543226245,True
JNJ,2022-07-20,Loss,-22.648955508486708,15.321428571428571,52.21820797480062,True,False,5.631697767460262,True
JNJ,2022-12-13,Loss,-18.24581198847635,67.17857142857143,50.255116457125546,True,True,4.743203085458244,True
JNJ,2023-01-17,Win,69.41046872174083,80.53571428571429,55.957158310589875,True,True,5.86353626791725,True
JNJ,2023-05-18,Win,56.60867992182498,92.71428571428571,56.15510076951972,True,False,6.868435024864728,True
JNJ,2023-10-11,Loss,-14.19819772732653,81.32142857142857,49.448963856559295,True,True,5.518296763225122,True
JNJ,2023-11-10,Win,61.381580226840896,63.24999999999999,52.3386979937579,True,False,7.153783755763054,True
JNJ,2024-02-23,Win,74.0530455028878,86.03571428571429,58.89403695604531,True,False,6.694933008111754,True
JNJ,2024-10-07,Loss,-20.445113021231826,27.892857142857142,51.09341888728686,True,True,6.1132938275264515,True
JNJ,2025-05-07,Win,62.7606466127226,18.464285714285715,54.29163860121686,True,True,6.505672314781824,True
WMT,2015-12-01,Loss,-17.633683448397644,,58.71028385644298,True,False,9.512766526412411,True
WMT,2016-02-18,Win,57.77305609190729,68.75,46.37527344910368,True,False,5.238687941832694,True
WMT,2016-06-23,Win,28.3122424405379,98.60714285714286,60.317123198076715,True,True,4.857225461443174,True
WMT,2016-09-19,Win,35.32146304196541,83.28571428571429,56.75003299825626,True,False,4.407791894204322,True
WMT,2016-12-15,Win,47.51917967269482,99.0,56.812998145420835,True,False,4.7772912537203664,True
WMT,2017-07-12,Win,49.29216806776222,71.10714285714286,55.08252182708889,True,True,5.03531592994628,True
WMT,2018-01-29,Loss,-23.180058878048,39.67857142857143,56.16325388249579,True,True,9.844906879524334,True
WMT,2019-01-18,Win,66.8308032833997,15.714285714285714,48.8842898475903,True,True,5.381294455917226,True
WMT,2020-02-11,Loss,-15.045179358374208,99.0,55.77358187863254,True,False,5.78079243979726,True
WMT,2020-05-07,Win,52.163219329684566,92.71428571428571,53.00931303693742,True,True,5.522696964476895,True
WMT,2020-08-17,Win,67.00667260727991,98.21428571428572,56.77784159900076,True,True,7.697031234112125,True
WMT,2021-08-05,Win,45.48349577719365,55.392857142857146,58.43584956734029,True,True,4.796945854993767,True
WMT,2022-03-18,Loss,-23.49828531608285,24.357142857142854,51.99391380678846,True,True,4.882739543226245,True
WMT,2022-07-20,Loss,-22.648955508486708,15.321428571428571,52.21820797480062,True,False,5.631697767460262,True
WMT,2022-12-13,Loss,-18.24581198847635,67.17857142857143,50.255116457125546,True,True,4.743203085458244,True
WMT,2023-01-17,Win,69.41046872174083,80.53571428571429,55.957158310589875,True,True,5.86353626791725,True
WMT,2023-05-18,Win,56.60867992182498,92.71428571428571,56.15510076951972,True,False,6.868435024864728,True
WMT,2023-10-11,Loss,-14.19819772732653,81.32142857142857,49.448963856559295,True,True,5.518296763225122,True
WMT,2023-11-10,Win,61.381580226840896,63.24999999999999,52.3386979937579,True,False,7.153783755763054,True
WMT,2024-02-23,Win,74.0530455028878,86.03571428571429,58.89403695604531,True,False,6.694933008111754,True
WMT,2024-10-07,Loss,-20.445113021231826,27.892857142857142,51.09341888728686,True,True,6.1132938275264515,True
WMT,2025-05-07,Win,62.7606466127226,18.464285714285715,54.29163860121686,True,True,6.505672314781824,True
ORCL,2015-12-01,Loss,-17.633683448397644,,58.71028385644298,True,False,9.512766526412411,True
ORCL,2016-02-18,Win,57.77305609190729,68.75,46.37527344910368,True,False,5.238687941832694,True
ORCL,2016-06-23,Win,28.3122424405379,98.60714285714286,60.317123198076715,True,True,4.857225461443174,True
ORCL,2016-09-19,Win,35.32146304196541,83.28571428571429,56.75003299825626,True,False,4.407791894204322,True
ORCL,2016-12-15,Win,47.51917967269482,99.0,56.812998145420835,True,False,4.7772912537203664,True
ORCL,2017-07-12,Win,49.29216806776222,71.10714285714286,55.08252182708889,True,True,5.03531592994628,True
ORCL,2018-01-29,Loss,-23.180058878048,39.67857142857143,56.16325388249579,True,True,9.844906879524334,True
ORCL,2019-01-18,Win,66.8308032833997,15.714285714285714,48.8842898475903,True,True,5.381294455917226,True
ORCL,2020-02-11,Loss,-15.045179358374208,99.0,55.77358187863254,True,False,5.78079243979726,True
ORCL,2020-05-07,Win,52.163219329684566,92.71428571428571,53.00931303693742,True,True,5.522696964476895,True
ORCL,2020-08-17,Win,67.00667260727991,98.21428571428572,56.77784159900076,True,True,7.697031234112125,True
ORCL,2021-08-05,Win,45.48349577719365,55.392857142857146,58.43584956734029,True,True,4.796945854993767,True
ORCL,2022-03-18,Loss,-23.49828531608285,24.357142857142854,51.99391380678846,True,True,4.882739543226245,True
ORCL,2022-07-20,Loss,-22.648955508486708,15.321428571428571,52.21820797480062,True,False,5.631697767460262,True
ORCL,2022-12-13,Loss,-18.24581198847635,67.17857142857143,50.255116457125546,True,True,4.743203085458244,True
ORCL,2023-01-17,Win,69.41046872174083,80.53571428571429,55.957158310589875,True,True,5.86353626791725,True
ORCL,2023-05-18,Win,56.60867992182498,92.71428571428571,56.15510076951972,True,False,6.868435024864728,True
ORCL,2023-10-11,Loss,-14.19819772732653,81.32142857142857,49.448963856559295,True,True,5.518296763225122,True
ORCL,2023-11-10,Win,61.381580226840896,63.24999999999999,52.3386979937579,True,False,7.153783755763054,True
ORCL,2024-02-23,Win,74.0530455028878,86.03571428571429,58.89403695604531,True,False,6.694933008111754,True
ORCL,2024-10-07,Loss,-20.445113021231826,27.892857142857142,51.09341888728686,True,True,6.1132938275264515,True
ORCL,2025-05-07,Win,62.7606466127226,18.464285714285715,54.29163860121686,True,True,6.505672314781824,True
HD,2015-12-01,Loss,-17.633683448397644,,58.71028385644298,True,False,9.512766526412411,True
HD,2016-02-18,Win,57.77305609190729,68.75,46.37527344910368,True,False,5.238687941832694,True
HD,2016-06-23,Win,28.3122424405379,98.60714285714286,60.317123198076715,True,True,4.857225461443174,True
HD,2016-09-19,Win,35.32146304196541,83.28571428571429,56.75003299825626,True,False,4.407791894204322,True
HD,2016-12-15,Win,47.51917967269482,99.0,56.812998145420835,True,False,4.7772912537203664,True
HD,2017-07-12,Win,49.29216806776222,71.10714285714286,55.08252182708889,True,True,5.03531592994628,True
HD,2018-01-29,Loss,-23.180058878048,39.67857142857143,56.16325388249579,True,True,9.844906879524334,True
HD,2019-01-18,Win,66.8308032833997,15.714285714285714,48.8842898475903,True,True,5.381294455917226,True
HD,2020-02-11,Loss,-15.045179358374208,99.0,55.77358187863254,True,False,5.78079243979726,True
HD,2020-05-07,Win,52.163219329684566,92.71428571428571,53.00931303693742,True,True,5.522696964476895,True
HD,2020-08-17,Win,67.00667260727991,98.21428571428572,56.77784159900076,True,True,7.697031234112125,True
HD,2021-08-05,Win,45.48349577719365,55.392857142857146,58.43584956734029,True,True,4.796945854993767,True
HD,2022-03-18,Loss,-23.49828531608285,24.357142857142854,51.99391380678846,True,True,4.882739543226245,True
HD,2022-07-20,Loss,-22.648955508486708,15.321428571428571,52.21820797480062,True,False,5.631697767460262,True
HD,2022-12-13,Loss,-18.24581198847635,67.17857142857143,50.255116457125546,True,True,4.743203085458244,True
HD,2023-01-17,Win,69.41046872174083,80.53571428571429,55.957158310589875,True,True,5.86353626791725,True
HD,2023-05-18,Win,56.60867992182498,92.71428571428571,56.15510076951972,True,False,6.868435024864728,True
HD,2023-10-11,Loss,-14.19819772732653,81.32142857142857,49.448963856559295,True,True,5.518296763225122,True
HD,2023-11-10,Win,61.381580226840896,63.24999999999999,52.3386979937579,True,False,7.153783755763054,True
HD,2024-02-23,Win,74.0530455028878,86.03571428571429,58.89403695604531,True,False,6.694933008111754,True
HD,2024-10-07,Loss,-20.445113021231826,27.892857142857142,51.09341888728686,True,True,6.1132938275264515,True
HD,2025-05-07,Win,62.7606466127226,18.464285714285715,54.29163860121686,True,True,6.505672314781824,True
MA,2015-12-01,Loss,-17.633683448397644,,58.71028385644298,True,False,9.512766526412411,True
MA,2016-02-18,Win,57.77305609190729,68.75,46.37527344910368,True,False,5.238687941832694,True
MA,2016-06-23,Win,28.3122424405379,98.60714285714286,60.317123198076715,True,True,4.857225461443174,True
MA,2016-09-19,Win,35.32146304196541,83.28571428571429,56.75003299825626,True,False,4.407791894204322,True
MA,2016-12-15,Win,47.51917967269482,99.0,56.812998145420835,True,False,4.7772912537203664,True
MA,2017-07-12,Win,49.29216806776222,71.10714285714286,55.08252182708889,True,True,5.03531592994628,True
MA,2018-01-29,Loss,-23.180058878048,39.67857142857143,56.16325388249579,True,True,9.844906879524334,True
MA,2019-01-18,Win,66.8308032833997,15.714285714285714,48.8842898475903,True,True,5.381294455917226,True
MA,2020-02-11,Loss,-15.045179358374208,99.0,55.77358187863254,True,False,5.78079243979726,True
MA,2020-05-07,Win,52.163219329684566,92.71428571428571,53.00931303693742,True,True,5.522696964476895,True
MA,2020-08-17,Win,67.00667260727991,98.21428571428572,56.77784159900076,True,True,7.697031234112125,True
MA,2021-08-05,Win,45.48349577719365,55.392857142857146,58.43584956734029,True,True,4.796945854993767,True
MA,2022-03-18,Loss,-23.49828531608285,24.357142857142854,51.99391380678846,True,True,4.882739543226245,True
MA,2022-07-20,Loss,-22.648955508486708,15.321428571428571,52.21820797480062,True,False,5.631697767460262,True
MA,2022-12-13,Loss,-18.24581198847635,67.17857142857143,50.255116457125546,True,True,4.743203085458244,True
MA,2023-01-17,Win,69.41046872174083,80.53571428571429,55.957158310589875,True,True,5.86353626791725,True
MA,2023-05-18,Win,56.60867992182498,92.71428571428571,56.15510076951972,True,False,6.868435024864728,True
MA,2023-10-11,Loss,-14.19819772732653,81.32142857142857,49.448963856559295,True,True,5.518296763225122,True
MA,2023-11-10,Win,61.381580226840896,63.24999999999999,52.3386979937579,True,False,7.153783755763054,True
MA,2024-02-23,Win,74.0530455028878,86.03571428571429,58.89403695604531,True,False,6.694933008111754,True
MA,2024-10-07,Loss,-20.445113021231826,27.892857142857142,51.09341888728686,True,True,6.1132938275264515,True
MA,2025-05-07,Win,62.7606466127226,18.464285714285715,54.29163860121686,True,True,6.505672314781824,True
ABBV,2016-01-28,Win,59.18995354764939,92.32142857142857,52.71141831137436,True,False,5.716681812540982,True
ABBV,2017-09-07,Loss,-6.6451232240151965,93.89285714285714,59.948328371584125,True,True,4.81879638147414,True
ABBV,2017-10-17,Loss,-10.096638702364478,77.0,56.00445071176772,True,True,8.43852598481175,True
ABBV,2018-04-26,Loss,-15.307874195633353,9.821428571428571,52.38733943569952,True,False,6.16115671700823,True
ABBV,2019-01-15,Win,57.18108065086215,28.285714285714285,50.8106523225259,True,True,5.86059767750573,True
ABBV,2020-06-23,Loss,-10.540198888190996,96.64285714285714,55.79855914972012,True,True,4.077289483408537,True
ABBV,2020-07-31,Win,37.0260775240672,91.14285714285714,55.90737759655735,True,True,4.845369737329516,True
ABBV,2021-07-23,Loss,-11.352384527548951,91.53571428571429,53.64548231161069,True,True,5.400844446092763,True
ABBV,2021-11-15,Loss,-13.123539571307402,21.607142857142858,48.20344037027834,True,False,5.360733875125452,True
ABBV,2021-12-27,Loss,-15.214620955395656,22.0,47.05125270836477,True,True,5.6370276669738315,True
ABBV,2022-03-24,Loss,-17.063526255584048,10.607142857142856,47.28405145919886,True,True,4.850466544819335,True
ABBV,2022-07-19,Loss,-14.003307091473477,21.607142857142858,49.18746989910014,True,True,4.142947442025837,True
ABBV,2023-01-03,Win,34.94273616450274,73.85714285714286,45.56460269297609,True,True,3.6531721801674193,True
ABBV,2023-03-14,Win,45.943502483245,98.21428571428572,50.32876605071554,True,True,5.093482508665621,True
ABBV,2023-06-23,Win,50.57908880399329,99.0,56.2144736647322,True,True,6.096851653136735,True
COST,2016-01-28,Win,59.18995354764939,92.32142857142857,52.71141831137436,True,False,5.716681812540982,True
COST,2017-09-07,Loss,-6.6451232240151965,93.89285714285714,59.948328371584125,True,True,4.81879638147414,True
COST,2017-10-17,Loss,-10.096638702364478,77.0,56.00445071176772,True,True,8.43852598481175,True
COST,2018-04-26,Loss,-15.307874195633353,9.821428571428571,52.38733943569952,True,False,6.16115671700823,True
COST,2019-01-15,Win,57.18108065086215,28.285714285714285,50.8106523225259,True,True,5.86059767750573,True
COST,2020-06-23,Loss,-10.540198888190996,96.64285714285714,55.79855914972012,True,True,4.077289483408537,True
COST,2020-07-31,Win,37.0260775240672,91.14285714285714,55.90737759655735,True,True,4.845369737329516,True
COST,2021-07-23,Loss,-11.352384527548951,91.53571428571429,53.64548231161069,True,True,5.400844446092763,True
COST,2021-11-15,Loss,-13.123539571307402,21.607142857142858,48.20344037027834,True,False,5.360733875125452,True
COST,2021-12-27,Loss,-15.214620955395656,22.0,47.05125270836477,True,True,5.6370276669738315,True
COST,2022-03-24,Loss,-17.063526255584048,10.607142857142856,47.28405145919886,True,True,4.850466544819335,True
COST,2022-07-19,Loss,-14.003307091473477,21.607142857142858,49.18746989910014,True,True,4.142947442025837,True
COST,2023-01-03,Win,34.94273616450274,73.85714285714286,45.56460269297609,True,True,3.6531721801674193,True
COST,2023-03-14,Win,45.943502483245,98.21428571428572,50.32876605071554,True,True,5.093482508665621,True
COST,2023-06-23,Win,50.57908880399329,99.0,56.2144736647322,True,True,6.096851653136735,True
XOM,2016-01-28,Win,59.18995354764939,92.32142857142857,52.71141831137436,True,False,5.716681812540982,True
XOM,2017-09-07,Loss,-6.6451232240151965,93.89285714285714,59.948328371584125,True,True,4.81879638147414,True
XOM,2017-10-17,Loss,-10.096638702364478,77.0,56.00445071176772,True,True,8.43852598481175,True
XOM,2018-04-26,Loss,-15.307874195633353,9.821428571428571,52.38733943569952,True,False,6.16115671700823,True
XOM,2019-01-15,Win,57.18108065086215,28.285714285714285,50.8106523225259,True,True,5.86059767750573,True
XOM,2020-06-23,Loss,-10.540198888190996,96.64285714285714,55.79855914972012,True,True,4.077289483408537,True
XOM,2020-07-31,Win,37.0260775240672,91.14285714285714,55.90737759655735,True,True,4.845369737329516,True
XOM,2021-07-23,Loss,-11.352384527548951,91.53571428571429,53.64548231161069,True,True,5.400844446092763,True
XOM,2021-11-15,Loss,-13.123539571307402,21.607142857142858,48.20344037027834,True,False,5.360733875125452,True
XOM,2021-12-27,Loss,-15.214620955395656,22.0,47.05125270836477,True,True,5.6370276669738315,True
XOM,2022-03-24,Loss,-17.063526255584048,10.607142857142856,47.28405145919886,True,True,4.850466544819335,True
XOM,2022-07-19,Loss,-14.003307091473477,21.607142857142858,49.18746989910014,True,True,4.142947442025837,True
XOM,2023-01-03,Win,34.94273616450274,73.85714285714286,45.56460269297609,True,True,3.6531721801674193,True
XOM,2023-03-14,Win,45.943502483245,98.21428571428572,50.32876605071554,True,True,5.093482508665621,True
XOM,2023-06-23,Win,50.57908880399329,99.0,56.2144736647322,True,True,6.096851653136735,True
PG,2016-01-28,Win,59.18995354764939,92.32142857142857,52.71141831137436,True,False,5.716681812540982,True
PG,2017-09-07,Loss,-6.6451232240151965,93.89285714285714,59.948328371584125,True,True,4.81879638147414,True
PG,2017-10-17,Loss,-10.096638702364478,77.0,56.00445071176772,True,True,8.43852598481175,True
PG,2018-04-26,Loss,-15.307874195633353,9.821428571428571,52.38733943569952,True,False,6.16115671700823,True
PG,2019-01-15,Win,57.18108065086215,28.285714285714285,50.8106523225259,True,True,5.86059767750573,True
PG,2020-06-23,Loss,-10.540198888190996,96.64285714285714,55.79855914972012,True,True,4.077289483408537,True
PG,2020-07-31,Win,37.0260775240672,91.14285714285714,55.90737759655735,True,True,4.845369737329516,True
PG,2021-07-23,Loss,-11.352384527548951,91.53571428571429,53.64548231161069,True,True,5.400844446092763,True
PG,2021-11-15,Loss,-13.123539571307402,21.607142857142858,48.20344037027834,True,False,5.360733875125452,True
PG,2021-12-27,Loss,-15.214620955395656,22.0,47.05125270836477,True,True,5.6370276669738315,True
PG,2022-03-24,Loss,-17.063526255584048,10.607142857142856,47.28405145919886,True,True,4.850466544819335,True
PG,2022-07-19,Loss,-14.003307091473477,21.607142857142858,49.18746989910014,True,True,4.142947442025837,True
PG,2023-01-03,Win,34.94273616450274,73.85714285714286,45.56460269297609,True,True,3.6531721801674193,True
PG,2023-03-14,Win,45.943502483245,98.21428571428572,50.32876605071554,True,True,5.093482508665621,True
PG,2023-06-23,Win,50.57908880399329,99.0,56.2144736647322,True,True,6.096851653136735,True
PLTR,2016-01-28,Win,59.18995354764939,92.32142857142857,52.71141831137436,True,False,5.716681812540982,True
PLTR,2017-09-07,Loss,-6.6451232240151965,93.89285714285714,59.948328371584125,True,True,4.81879638147414,True
PLTR,2017-10-17,Loss,-10.096638702364478,77.0,56.00445071176772,True,True,8.43852598481175,True
PLTR,2018-04-26,Loss,-15.307874195633353,9.821428571428571,52.38733943569952,True,False,6.16115671700823,True
PLTR,2019-01-15,Win,57.18108065086215,28.285714285714285,50.8106523225259,True,True,5.86059767750573,True
PLTR,2020-06-23,Loss,-10.540198888190996,96.64285714285714,55.79855914972012,True,True,4.077289483408537,True
PLTR,2020-07-31,Win,37.0260775240672,91.14285714285714,55.90737759655735,True,True,4.845369737329516,True
PLTR,2021-07-23,Loss,-11.352384527548951,91.53571428571429,53.64548231161069,True,True,5.400844446092763,True
PLTR,2021-11-15,Loss,-13.123539571307402,21.607142857142858,48.20344037027834,True,False,5.360733875125452,True
PLTR,2021-12-27,Loss,-15.214620955395656,22.0,47.05125270836477,True,True,5.6370276669738315,True
PLTR,2022-03-24,Loss,-17.063526255584048,10.607142857142856,47.28405145919886,True,True,4.850466544819335,True
PLTR,2022-07-19,Loss,-14.003307091473477,21.607142857142858,49.18746989910014,True,True,4.142947442025837,True
PLTR,2023-01-03,Win,34.94273616450274,73.85714285714286,45.56460269297609,True,True,3.6531721801674193,True
PLTR,2023-03-14,Win,45.943502483245,98.21428571428572,50.32876605071554,True,True,5.093482508665621,True
PLTR,2023-06-23,Win,50.57908880399329,99.0,56.2144736647322,True,True,6.096851653136735,True
UNH,2015-12-01,Loss,-14.969433349438322,,51.0099874962748,True,False,5.127220301429951,True
UNH,2016-04-05,Loss,-24.27604374082518,82.5,50.42401896509172,True,False,6.368287504111647,True
UNH,2016-07-25,Loss,-19.954521040789952,54.21428571428572,47.97046907915095,True,True,7.757618894981139,True
UNH,2016-12-20,Win,46.53958749829313,66.78571428571429,47.99472463631162,True,True,6.103916731879548,True
UNH,2017-04-25,Loss,-18.877267225608158,91.53571428571429,54.969710303577976,True,True,8.163107367130914,True
UNH,2018-06-06,Loss,-16.134078554469667,21.607142857142858,52.861260112836575,True,True,5.255821933663725,True
UNH,2018-10-26,Loss,-26.61994538550015,63.642857142857146,52.437808192067706,True,False,5.216563838457235,True
UNH,2019-06-17,Win,68.76390991725309,9.821428571428571,49.699963386174524,True,True,5.799206091597056,True
UNH,2019-12-18,Win,55.39258228379429,99.0,55.69755575485159,True,True,8.081170799446452,True
UNH,2020-06-01,Win,76.4015609634266,93.89285714285714,50.471755843737476,True,True,7.386428404551236,True
UNH,2020-08-17,Win,81.37870072487856,97.42857142857142,53.90735910990379,True,True,6.645214235470511,True
UNH,2020-12-31,Win,74.51819430140749,89.57142857142857,58.87936423650374,True,True,5.84879425192725,True
UNH,2022-01-03,Loss,-27.620266532934462,51.85714285714286,56.925361170929634,True,True,6.734142335734897,True
UNH,2022-03-21,Loss,-25.528685614624585,16.892857142857142,52.09253397154144,True,False,5.164299859877622,True
UNH,2022-07-21,Loss,-22.03233649516291,17.285714285714285,48.52208309538686,True,True,4.929438306275119,True
UNH,2023-03-31,Loss,-22.572159264212484,86.42857142857143,60.42884022340007,True,True,6.060220957599535,True
UNH,2023-05-19,Win,51.32242302523666,44.785714285714285,51.81978094843881,True,True,5.215709537108432,True
UNH,2023-07-17,Loss,-18.76644636586706,99.0,56.952331956720414,True,True,6.921758368696526,True
UNH,2023-09-11,Loss,-23.929815478965256,85.25,53.90887817165091,True,False,5.753188939155548,True
UNH,2023-11-28,Loss,-22.913178405993374,60.892857142857146,53.69298297937015,True,True,5.77019171384142,True
UNH,2024-04-29,Win,89.70780594972454,36.92857142857143,52.92110017974837,True,False,8.365398703560947,True
UNH,2025-08-11,Win,41.73647621572309,55.392857142857146,50.61833164875308,True,True,4.184863263669669,True
CVX,2015-12-01,Loss,-14.969433349438322,,51.0099874962748,True,False,5.127220301429951,True
CVX,2016-04-05,Loss,-24.27604374082518,82.5,50.42401896509172,True,False,6.368287504111647,True
CVX,2016-07-25,Loss,-19.954521040789952,54.21428571428572,47.97046907915095,True,True,7.757618894981139,True
CVX,2016-12-20,Win,46.53958749829313,66.78571428571429,47.99472463631162,True,True,6.103916731879548,True
CVX,2017-04-25,Loss,-18.877267225608158,91.53571428571429,54.969710303577976,True,True,8.163107367130914,True
CVX,2018-06-06,Loss,-16.134078554469667,21.607142857142858,52.861260112836575,True,True,5.255821933663725,True
CVX,2018-10-26,Loss,-26.61994538550015,63.642857142857146,52.437808192067706,True,False,5.216563838457235,True
CVX,2019-06-17,Win,68.76390991725309,9.821428571428571,49.699963386174524,True,True,5.799206091597056,True
CVX,2019-12-18,Win,55.39258228379429,99.0,55.69755575485159,True,True,8.081170799446452,True
CVX,2020-06-01,Win,76.4015609634266,93.89285714285714,50.471755843737476,True,True,7.386428404551236,True
CVX,2020-08-17,Win,81.37870072487856,97.42857142857142,53.90735910990379,True,True,6.645214235470511,True
CVX,2020-12-31,Win,74.51819430140749,89.57142857142857,58.87936423650374,True,True,5.84879425192725,True
CVX,2022-01-03,Loss,-27.620266532934462,51.85714285714286,56.925361170929634,True,True,6.734142335734897,True
CVX,2022-03-21,Loss,-25.528685614624585,16.892857142857142,52.09253397154144,True,False,5.164299859877622,True
CVX,2022-07-21,Loss,-22.03233649516291,17.285714285714285,48.52208309538686,True,True,4.929438306275119,True
CVX,2023-03-31,Loss,-22.572159264212484,86.42857142857143,60.42884022340007,True,True,6.060220957599535,True
CVX,2023-05-19,Win,51.32242302523666,44.785714285714285,51.81978094843881,True,True,5.215709537108432,True
CVX,2023-07-17,Loss,-18.76644636586706,99.0,56.952331956720414,True,True,6.921758368696526,True
CVX,2023-09-11,Loss,-23.929815478965256,85.25,53.90887817165091,True,False,5.753188939155548,True
CVX,2023-11-28,Loss,-22.913178405993374,60.892857142857146,53.69298297937015,True,True,5.77019171384142,True
CVX,2024-04-29,Win,89.70780594972454,36.92857142857143,52.92110017974837,True,False,8.365398703560947,True
CVX,2025-08-11,Win,41.73647621572309,55.392857142857146,50.61833164875308,True,True,4.184863263669669,True
AMD,2015-12-01,Loss,-14.969433349438322,,51.0099874962748,True,False,5.127220301429951,True
AMD,2016-04-05,Loss,-24.27604374082518,82.5,50.42401896509172,True,False,6.368287504111647,True
AMD,2016-07-25,Loss,-19.954521040789952,54.21428571428572,47.97046907915095,True,True,7.757618894981139,True
AMD,2016-12-20,Win,46.53958749829313,66.78571428571429,47.99472463631162,True,True,6.103916731879548,True
AMD,2017-04-25,Loss,-18.877267225608158,91.53571428571429,54.969710303577976,True,True,8.163107367130914,True
AMD,2018-06-06,Loss,-16.134078554469667,21.607142857142858,52.861260112836575,True,True,5.255821933663725,True
AMD,2018-10-26,Loss,-26.61994538550015,63.642857142857146,52.437808192067706,True,False,5.216563838457235,True
AMD,2019-06-17,Win,68.76390991725309,9.821428571428571,49.699963386174524,True,True,5.799206091597056,True
AMD,2019-12-18,Win,55.39258228379429,99.0,55.69755575485159,True,True,8.081170799446452,True
AMD,2020-06-01,Win,76.4015609634266,93.89285714285714,50.471755843737476,True,True,7.386428404551236,True
AMD,2020-08-17,Win,81.37870072487856,97.42857142857142,53.90735910990379,True,True,6.645214235470511,True
AMD,2020-12-31,Win,74.51819430140749,89.57142857142857,58.87936423650374,True,True,5.84879425192725,True
AMD,2022-01-03,Loss,-27.620266532934462,51.85714285714286,56.925361170929634,True,True,6.734142335734897,True
AMD,2022-03-21,Loss,-25.528685614624585,16.892857142857142,52.09253397154144,True,False,5.164299859877622,True
AMD,2022-07-21,Loss,-22.03233649516291,17.285714285714285,48.52208309538686,True,True,4.929438306275119,True
AMD,2023-03-31,Loss,-22.572159264212484,86.42857142857143,60.42884022340007,True,True,6.060220957599535,True
AMD,2023-05-19,Win,51.32242302523666,44.785714285714285,51.81978094843881,True,True,5.215709537108432,True
AMD,2023-07-17,Loss,-18.76644636586706,99.0,56.952331956720414,True,True,6.921758368696526,True
AMD,2023-09-11,Loss,-23.929815478965256,85.25,53.90887817165091,True,False,5.753188939155548,True
AMD,2023-11-28,Loss,-22.913178405993374,60.892857142857146,53.69298297937015,True,True,5.77019171384142,True
AMD,2024-04-29,Win,89.70780594972454,36.92857142857143,52.92110017974837,True,False,8.365398703560947,True
AMD,2025-08-11,Win,41.73647621572309,55.392857142857146,50.61833164875308,True,True,4.184863263669669,True
GE,2015-12-01,Loss,-14.969433349438322,,51.0099874962748,True,False,5.127220301429951,True
GE,2016-04-05,Loss,-24.27604374082518,82.5,50.42401896509172,True,False,6.368287504111647,True
GE,2016-07-25,Loss,-19.954521040789952,54.21428571428572,47.97046907915095,True,True,7.757618894981139,True
GE,2016-12-20,Win,46.53958749829313,66.78571428571429,47.99472463631162,True,True,6.103916731879548,True
GE,2017-04-25,Loss,-18.877267225608158,91.53571428571429,54.969710303577976,True,True,8.163107367130914,True
GE,2018-06-06,Loss,-16.134078554469667,21.607142857142858,52.861260112836575,True,True,5.255821933663725,True
GE,2018-10-26,Loss,-26.61994538550015,63.642857142857146,52.437808192067706,True,False,5.216563838457235,True
GE,2019-06-17,Win,68.76390991725309,9.821428571428571,49.699963386174524,True,True,5.799206091597056,True
GE,2019-12-18,Win,55.39258228379429,99.0,55.69755575485159,True,True,8.081170799446452,True
GE,2020-06-01,Win,76.4015609634266,93.89285714285714,50.471755843737476,True,True,7.386428404551236,True
GE,2020-08-17,Win,81.37870072487856,97.42857142857142,53.90735910990379,True,True,6.645214235470511,True
GE,2020-12-31,Win,74.51819430140749,89.57142857142857,58.87936423650374,True,True,5.84879425192725,True
GE,2022-01-03,Loss,-27.620266532934462,51.85714285714286,56.925361170929634,True,True,6.734142335734897,True
GE,2022-03-21,Loss,-25.528685614624585,16.892857142857142,52.09253397154144,True,False,5.164299859877622,True
GE,2022-07-21,Loss,-22.03233649516291,17.285714285714285,48.52208309538686,True,True,4.929438306275119,True
GE,2023-03-31,Loss,-22.572159264212484,86.42857142857143,60.42884022340007,True,True,6.060220957599535,True
GE,2023-05-19,Win,51.32242302523666,44.785714285714285,51.81978094843881,True,True,5.215709537108432,True
GE,2023-07-17,Loss,-18.76644636586706,99.0,56.952331956720414,True,True,6.921758368696526,True
GE,2023-09-11,Loss,-23.929815478965256,85.25,53.90887817165091,True,False,5.753188939155548,True
GE,2023-11-28,Loss,-22.913178405993374,60.892857142857146,53.69298297937015,True,True,5.77019171384142,True
GE,2024-04-29,Win,89.70780594972454,36.92857142857143,52.92110017974837,True,False,8.365398703560947,True
GE,2025-08-11,Win,41.73647621572309,55.392857142857146,50.61833164875308,True,True,4.184863263669669,True
PM,2015-12-01,Loss,-14.969433349438322,,51.0099874962748,True,False,5.127220301429951,True
PM,2016-04-05,Loss,-24.27604374082518,82.5,50.42401896509172,True,False,6.368287504111647,True
PM,2016-07-25,Loss,-19.954521040789952,54.21428571428572,47.97046907915095,True,True,7.757618894981139,True
PM,2016-12-20,Win,46.53958749829313,66.78571428571429,47.99472463631162,True,True,6.103916731879548,True
PM,2017-04-25,Loss,-18.877267225608158,91.53571428571429,54.969710303577976,True,True,8.163107367130914,True
PM,2018-06-06,Loss,-16.134078554469667,21.607142857142858,52.861260112836575,True,True,5.255821933663725,True
PM,2018-10-26,Loss,-26.61994538550015,63.642857142857146,52.437808192067706,True,False,5.216563838457235,True
PM,2019-06-17,Win,68.76390991725309,9.821428571428571,49.699963386174524,True,True,5.799206091597056,True
PM,2019-12-18,Win,55.39258228379429,99.0,55.69755575485159,True,True,8.081170799446452,True
PM,2020-06-01,Win,76.4015609634266,93.89285714285714,50.471755843737476,True,True,7.386428404551236,True
PM,2020-08-17,Win,81.37870072487856,97.42857142857142,53.90735910990379,True,True,6.645214235470511,True
PM,2020-12-31,Win,74.51819430140749,89.57142857142857,58.87936423650374,True,True,5.84879425192725,True
PM,2022-01-03,Loss,-27.620266532934462,51.85714285714286,56.925361170929634,True,True,6.734142335734897,True
PM,2022-03-21,Loss,-25.528685614624585,16.892857142857142,52.09253397154144,True,False,5.164299859877622,True
PM,2022-07-21,Loss,-22.03233649516291,17.285714285714285,48.52208309538686,True,True,4.929438306275119,True
PM,2023-03-31,Loss,-22.572159264212484,86.42857142857143,60.42884022340007,True,True,6.060220957599535,True
PM,2023-05-19,Win,51.32242302523666,44.785714285714285,51.81978094843881,True,True,5.215709537108432,True
PM,2023-07-17,Loss,-18.76644636586706,99.0,56.952331956720414,True,True,6.921758368696526,True
PM,2023-09-11,Loss,-23.929815478965256,85.25,53.90887817165091,True,False,5.753188939155548,True
PM,2023-11-28,Loss,-22.913178405993374,60.892857142857146,53.69298297937015,True,True,5.77019171384142,True
PM,2024-04-29,Win,89.70780594972454,36.92857142857143,52.92110017974837,True,False,8.365398703560947,True
PM,2025-08-11,Win,41.73647621572309,55.392857142857146,50.61833164875308,True,True,4.184863263669669,True
WFC,2015-12-01,Loss,-14.969433349438322,,51.0099874962748,True,False,5.127220301429951,True
WFC,2016-04-05,Loss,-24.27604374082518,82.5,50.42401896509172,True,False,6.368287504111647,True
WFC,2016-07-25,Loss,-19.954521040789952,54.21428571428572,47.97046907915095,True,True,7.757618894981139,True
WFC,2016-12-20,Win,46.53958749829313,66.78571428571429,47.99472463631162,True,True,6.103916731879548,True
WFC,2017-04-25,Loss,-18.877267225608158,91.53571428571429,54.969710303577976,True,True,8.163107367130914,True
WFC,2018-06-06,Loss,-16.134078554469667,21.607142857142858,52.861260112836575,True,True,5.255821933663725,True
WFC,2018-10-26,Loss,-26.61994538550015,63.642857142857146,52.437808192067706,True,False,5.216563838457235,True
WFC,2019-06-17,Win,68.76390991725309,9.821428571428571,49.699963386174524,True,True,5.799206091597056,True
WFC,2019-12-18,Win,55.39258228379429,99.0,55.69755575485159,True,True,8.081170799446452,True
WFC,2020-06-01,Win,76.4015609634266,93.89285714285714,50.471755843737476,True,True,7.386428404551236,True
WFC,2020-08-17,Win,81.37870072487856,97.42857142857142,53.90735910990379,True,True,6.645214235470511,True
WFC,2020-12-31,Win,74.51819430140749,89.57142857142857,58.87936423650374,True,True,5.84879425192725,True
WFC,2022-01-03,Loss,-27.620266532934462,51.85714285714286,56.925361170929634,True,True,6.734142335734897,True
WFC,2022-03-21,Loss,-25.528685614624585,16.892857142857142,52.09253397154144,True,False,5.164299859877622,True
WFC,2022-07-21,Loss,-22.03233649516291,17.285714285714285,48.52208309538686,True,True,4.929438306275119,True
WFC,2023-03-31,Loss,-22.572159264212484,86.42857142857143,60.42884022340007,True,True,6.060220957599535,True
WFC,2023-05-19,Win,51.32242302523666,44.785714285714285,51.81978094843881,True,True,5.215709537108432,True
WFC,2023-07-17,Loss,-18.76644636586706,99.0,56.952331956720414,True,True,6.921758368696526,True
WFC,2023-09-11,Loss,-23.929815478965256,85.25,53.90887817165091,True,False,5.753188939155548,True
WFC,2023-11-28,Loss,-22.913178405993374,60.892857142857146,53.69298297937015,True,True,5.77019171384142,True
WFC,2024-04-29,Win,89.70780594972454,36.92857142857143,52.92110017974837,True,False,8.365398703560947,True
WFC,2025-08-11,Win,41.73647621572309,55.392857142857146,50.61833164875308,True,True,4.184863263669669,True
IBM,2015-12-01,Loss,-14.969433349438322,,51.0099874962748,True,False,5.127220301429951,True
IBM,2016-04-05,Loss,-24.27604374082518,82.5,50.42401896509172,True,False,6.368287504111647,True
IBM,2016-07-25,Loss,-19.954521040789952,54.21428571428572,47.97046907915095,True,True,7.757618894981139,True
IBM,2016-12-20,Win,46.53958749829313,66.78571428571429,47.99472463631162,True,True,6.103916731879548,True
IBM,2017-04-25,Loss,-18.877267225608158,91.53571428571429,54.969710303577976,True,True,8.163107367130914,True
IBM,2018-06-06,Loss,-16.134078554469667,21.607142857142858,52.861260112836575,True,True,5.255821933663725,True
IBM,2018-10-26,Loss,-26.61994538550015,63.642857142857146,52.437808192067706,True,False,5.216563838457235,True
IBM,2019-06-17,Win,68.76390991725309,9.821428571428571,49.699963386174524,True,True,5.799206091597056,True
IBM,2019-12-18,Win,55.39258228379429,99.0,55.69755575485159,True,True,8.081170799446452,True
IBM,2020-06-01,Win,76.4015609634266,93.89285714285714,50.471755843737476,True,True,7.386428404551236,True
IBM,2020-08-17,Win,81.37870072487856,97.42857142857142,53.90735910990379,True,True,6.645214235470511,True
IBM,2020-12-31,Win,74.51819430140749,89.57142857142857,58.87936423650374,True,True,5.84879425192725,True
IBM,2022-01-03,Loss,-27.620266532934462,51.85714285714286,56.925361170929634,True,True,6.734142335734897,True
IBM,2022-03-21,Loss,-25.528685614624585,16.892857142857142,52.09253397154144,True,False,5.164299859877622,True
IBM,2022-07-21,Loss,-22.03233649516291,17.285714285714285,48.52208309538686,True,True,4.929438306275119,True
IBM,2023-03-31,Loss,-22.572159264212484,86.42857142857143,60.42884022340007,True,True,6.060220957599535,True
IBM,2023-05-19,Win,51.32242302523666,44.785714285714285,51.81978094843881,True,True,5.215709537108432,True
IBM,2023-07-17,Loss,-18.76644636586706,99.0,56.952331956720414,True,True,6.921758368696526,True
IBM,2023-09-11,Loss,-23.929815478965256,85.25,53.90887817165091,True,False,5.753188939155548,True
IBM,2023-11-28,Loss,-22.913178405993374,60.892857142857146,53.69298297937015,True,True,5.77019171384142,True
IBM,2024-04-29,Win,89.70780594972454,36.92857142857143,52.92110017974837,True,False,8.365398703560947,True
IBM,2025-08-11,Win,41.73647621572309,55.392857142857146,50.61833164875308,True,True,4.184863263669669,True
CSCO,2015-12-01,Loss,-14.969433349438322,,51.0099874962748,True,False,5.127220301429951,True
CSCO,2016-04-05,Loss,-24.27604374082518,82.5,50.42401896509172,True,False,6.368287504111647,True
CSCO,2016-07-25,Loss,-19.954521040789952,54.21428571428572,47.97046907915095,True,True,7.757618894981139,True
CSCO,2016-12-20,Win,46.53958749829313,66.78571428571429,47.99472463631162,True,True,6.103916731879548,True
CSCO,2017-04-25,Loss,-18.877267225608158,91.53571428571429,54.969710303577976,True,True,8.163107367130914,True
CSCO,2018-06-06,Loss,-16.134078554469667,21.607142857142858,52.861260112836575,True,True,5.255821933663725,True
CSCO,2018-10-26,Loss,-26.61994538550015,63.642857142857146,52.437808192067706,True,False,5.216563838457235,True
CSCO,2019-06-17,Win,68.76390991725309,9.821428571428571,49.699963386174524,True,True,5.799206091597056,True
CSCO,2019-12-18,Win,55.39258228379429,99.0,55.69755575485159,True,True,8.081170799446452,True
CSCO,2020-06-01,Win,76.4015609634266,93.89285714285714,50.471755843737476,True,True,7.386428404551236,True
CSCO,2020-08-17,Win,81.37870072487856,97.42857142857142,53.90735910990379,True,True,6.645214235470511,True
CSCO,2020-12-31,Win,74.51819430140749,89.57142857142857,58.87936423650374,True,True,5.84879425192725,True
CSCO,2022-01-03,Loss,-27.620266532934462,51.85714285714286,56.925361170929634,True,True,6.734142335734897,True
CSCO,2022-03-21,Loss,-25.528685614624585,16.892857142857142,52.09253397154144,True,False,5.164299859877622,True
CSCO,2022-07-21,Loss,-22.03233649516291,17.285714285714285,48.52208309538686,True,True,4.929438306275119,True
CSCO,2023-03-31,Loss,-22.572159264212484,86.42857142857143,60.42884022340007,True,True,6.060220957599535,True
CSCO,2023-05-19,Win,51.32242302523666,44.785714285714285,51.81978094843881,True,True,5.215709537108432,True
CSCO,2023-07-17,Loss,-18.76644636586706,99.0,56.952331956720414,True,True,6.921758368696526,True
CSCO,2023-09-11,Loss,-23.929815478965256,85.25,53.90887817165091,True,False,5.753188939155548,True
CSCO,2023-11-28,Loss,-22.913178405993374,60.892857142857146,53.69298297937015,True,True,5.77019171384142,True
CSCO,2024-04-29,Win,89.70780594972454,36.92857142857143,52.92110017974837,True,False,8.365398703560947,True
CSCO,2025-08-11,Win,41.73647621572309,55.392857142857146,50.61833164875308,True,True,4.184863263669669,True
KO,2015-12-01,Loss,-14.969433349438322,,51.0099874962748,True,False,5.127220301429951,True
KO,2016-04-05,Loss,-24.27604374082518,82.5,50.42401896509172,True,False,6.368287504111647,True
KO,2016-07-25,Loss,-19.954521040789952,54.21428571428572,47.97046907915095,True,True,7.757618894981139,True
KO,2016-12-20,Win,46.53958749829313,66.78571428571429,47.99472463631162,True,True,6.103916731879548,True
KO,2017-04-25,Loss,-18.877267225608158,91.53571428571429,54.969710303577976,True,True,8.163107367130914,True
KO,2018-06-06,Loss,-16.134078554469667,21.607142857142858,52.861260112836575,True,True,5.255821933663725,True
KO,2018-10-26,Loss,-26.61994538550015,63.642857142857146,52.437808192067706,True,False,5.216563838457235,True
KO,2019-06-17,Win,68.76390991725309,9.821428571428571,49.699963386174524,True,True,5.799206091597056,True
KO,2019-12-18,Win,55.39258228379429,99.0,55.69755575485159,True,True,8.081170799446452,True
KO,2020-06-01,Win,76.4015609634266,93.89285714285714,50.471755843737476,True,True,7.386428404551236,True
KO,2020-08-17,Win,81.37870072487856,97.42857142857142,53.90735910990379,True,True,6.645214235470511,True
KO,2020-12-31,Win,74.51819430140749,89.57142857142857,58.87936423650374,True,True,5.84879425192725,True
KO,2022-01-03,Loss,-27.620266532934462,51.85714285714286,56.925361170929634,True,True,6.734142335734897,True
KO,2022-03-21,Loss,-25.528685614624585,16.892857142857142,52.09253397154144,True,False,5.164299859877622,True
KO,2022-07-21,Loss,-22.03233649516291,17.285714285714285,48.52208309538686,True,True,4.929438306275119,True
KO,2023-03-31,Loss,-22.572159264212484,86.42857142857143,60.42884022340007,True,True,6.060220957599535,True
KO,2023-05-19,Win,51.32242302523666,44.785714285714285,51.81978094843881,True,True,5.215709537108432,True
KO,2023-07-17,Loss,-18.76644636586706,99.0,56.952331956720414,True,True,6.921758368696526,True
KO,2023-09-11,Loss,-23.929815478965256,85.25,53.90887817165091,True,False,5.753188939155548,True
KO,2023-11-28,Loss,-22.913178405993374,60.892857142857146,53.69298297937015,True,True,5.77019171384142,True
KO,2024-04-29,Win,89.70780594972454,36.92857142857143,52.92110017974837,True,False,8.365398703560947,True
KO,2025-08-11,Win,41.73647621572309,55.392857142857146,50.61833164875308,True,True,4.184863263669669,True
BAC,2015-12-01,Loss,-14.969433349438322,,51.0099874962748,True,False,5.127220301429951,True
BAC,2016-04-05,Loss,-24.27604374082518,82.5,50.42401896509172,True,False,6.368287504111647,True
BAC,2016-07-25,Loss,-19.954521040789952,54.21428571428572,47.97046907915095,True,True,7.757618894981139,True
BAC,2016-12-20,Win,46.53958749829313,66.78571428571429,47.99472463631162,True,True,6.103916731879548,True
BAC,2017-04-25,Loss,-18.877267225608158,91.53571428571429,54.969710303577976,True,True,8.163107367130914,True
BAC,2018-06-06,Loss,-16.134078554469667,21.607142857142858,52.861260112836575,True,True,5.255821933663725,True
BAC,2018-10-26,Loss,-26.61994538550015,63.642857142857146,52.437808192067706,True,False,5.216563838457235,True
BAC,2019-06-17,Win,68.76390991725309,9.821428571428571,49.699963386174524,True,True,5.799206091597056,True
BAC,2019-12-18,Win,55.39258228379429,99.0,55.69755575485159,True,True,8.081170799446452,True
BAC,2020-06-01,Win,76.4015609634266,93.89285714285714,50.471755843737476,True,True,7.386428404551236,True
BAC,2020-08-17,Win,81.37870072487856,97.42857142857142,53.90735910990379,True,True,6.645214235470511,True
BAC,2020-12-31,Win,74.51819430140749,89.57142857142857,58.87936423650374,True,True,5.84879425192725,True
BAC,2022-01-03,Loss,-27.620266532934462,51.85714285714286,56.925361170929634,True,True,6.734142335734897,True
BAC,2022-03-21,Loss,-25.528685614624585,16.892857142857142,52.09253397154144,True,False,5.164299859877622,True
BAC,2022-07-21,Loss,-22.03233649516291,17.285714285714285,48.52208309538686,True,True,4.929438306275119,True
BAC,2023-03-31,Loss,-22.572159264212484,86.42857142857143,60.42884022340007,True,True,6.060220957599535,True
BAC,2023-05-19,Win,51.32242302523666,44.785714285714285,51.81978094843881,True,True,5.215709537108432,True
BAC,2023-07-17,Loss,-18.76644636586706,99.0,56.952331956720414,True,True,6.921758368696526,True
BAC,2023-09-11,Loss,-23.929815478965256,85.25,53.90887817165091,True,False,5.753188939155548,True
BAC,2023-11-28,Loss,-22.913178405993374,60.892857142857146,53.69298297937015,True,True,5.77019171384142,True
BAC,2024-04-29,Win,89.70780594972454,36.92857142857143,52.92110017974837,True,False,8.365398703560947,True
BAC,2025-08-11,Win,41.73647621572309,55.392857142857146,50.61833164875308,True,True,4.184863263669669,True
CAT,2015-11-20,Loss,-9.449001578321083,,53.53588279672059,True,False,6.312489008616893,True
CAT,2016-02-02,Loss,-13.687313478944668,92.32142857142857,50.44843782893511,True,False,4.599065269345022,True
CAT,2016-07-18,Win,37.43757576049068,4.321428571428571,52.0652765057432,True,True,10.133271720128013,True
CAT,2017-11-27,Loss,-6.54159209570241,87.60714285714285,55.81197132401439,True,True,6.10895880056825,True
CAT,2018-03-09,Win,47.49491117932153,71.89285714285714,54.63320361000225,True,True,7.333179165594409,True
CAT,2020-10-12,Win,36.52390284991795,41.642857142857146,53.28965871694697,True,True,5.84804121476972,True
CAT,2021-04-01,Win,24.454935080045043,99.0,49.93947816626171,True,False,4.278044024785579,False
CAT,2021-07-26,Loss,-11.27138224198582,88.78571428571429,54.527077203034345,True,False,8.31001082290909,True
CAT,2022-07-07,Loss,-13.333487725104781,14.928571428571427,48.04478242058466,True,True,4.009018922322763,True
CAT,2022-10-25,Loss,-11.4735848074566,33.785714285714285,50.69192773952948,True,False,4.152064850180446,True
CAT,2022-11-30,Win,57.38228107080799,34.57142857142857,46.88170375595989,True,True,7.072044333669081,True
CAT,2024-04-26,Loss,-14.738007409216092,97.82142857142857,52.630325047566764,True,False,7.597167405146207,True
CAT,2025-06-10,Win,43.25013060862879,45.964285714285715,49.79245585921365,True,True,6.48421791252767,True
RTX,2015-11-20,Loss,-9.449001578321083,,53.53588279672059,True,False,6.312489008616893,True
RTX,2016-02-02,Loss,-13.687313478944668,92.32142857142857,50.44843782893511,True,False,4.599065269345022,True
RTX,2016-07-18,Win,37.43757576049068,4.321428571428571,52.0652765057432,True,True,10.133271720128013,True
RTX,2017-11-27,Loss,-6.54159209570241,87.60714285714285,55.81197132401439,True,True,6.10895880056825,True
RTX,2018-03-09,Win,47.49491117932153,71.89285714285714,54.63320361000225,True,True,7.333179165594409,True
RTX,2020-10-12,Win,36.52390284991795,41.642857142857146,53.28965871694697,True,True,5.84804121476972,True
RTX,2021-04-01,Win,24.454935080045043,99.0,49.93947816626171,True,False,4.278044024785579,False
RTX,2021-07-26,Loss,-11.27138224198582,88.78571428571429,54.527077203034345,True,False,8.31001082290909,True
RTX,2022-07-07,Loss,-13.333487725104781,14.928571428571427,48.04478242058466,True,True,4.009018922322763,True
RTX,2022-10-25,Loss,-11.4735848074566,33.785714285714285,50.69192773952948,True,False,4.152064850180446,True
RTX,2022-11-30,Win,57.38228107080799,34.57142857142857,46.88170375595989,True,True,7.072044333669081,True
RTX,2024-04-26,Loss,-14.738007409216092,97.82142857142857,52.630325047566764,True,False,7.597167405146207,True
RTX,2025-06-10,Win,43.25013060862879,45.964285714285715,49.79245585921365,True,True,6.48421791252767,True
CRM,2015-11-20,Loss,-9.449001578321083,,53.53588279672059,True,False,6.312489008616893,True
CRM,2016-02-02,Loss,-13.687313478944668,92.32142857142857,50.44843782893511,True,False,4.599065269345022,True
CRM,2016-07-18,Win,37.43757576049068,4.321428571428571,52.0652765057432,True,True,10.133271720128013,True
CRM,2017-11-27,Loss,-6.54159209570241,87.60714285714285,55.81197132401439,True,True,6.10895880056825,True
CRM,2018-03-09,Win,47.49491117932153,71.89285714285714,54.63320361000225,True,True,7.333179165594409,True
CRM,2020-10-12,Win,36.52390284991795,41.642857142857146,53.28965871694697,True,True,5.84804121476972,True
CRM,2021-04-01,Win,24.454935080045043,99.0,49.93947816626171,True,False,4.278044024785579,False
CRM,2021-07-26,Loss,-11.27138224198582,88.78571428571429,54.527077203034345,True,False,8.31001082290909,True
CRM,2022-07-07,Loss,-13.333487725104781,14.928571428571427,48.04478242058466,True,True,4.009018922322763,True
CRM,2022-10-25,Loss,-11.4735848074566,33.785714285714285,50.69192773952948,True,False,4.152064850180446,True
CRM,2022-11-30,Win,57.38228107080799,34.57142857142857,46.88170375595989,True,True,7.072044333669081,True
CRM,2024-04-26,Loss,-14.738007409216092,97.82142857142857,52.630325047566764,True,False,7.597167405146207,True
CRM,2025-06-10,Win,43.25013060862879,45.964285714285715,49.79245585921365,True,True,6.48421791252767,True
LIN,2015-11-20,Loss,-9.449001578321083,,53.53588279672059,True,False,6.312489008616893,True
LIN,2016-02-02,Loss,-13.687313478944668,92.32142857142857,50.44843782893511,True,False,4.599065269345022,True
LIN,2016-07-18,Win,37.43757576049068,4.321428571428571,52.0652765057432,True,True,10.133271720128013,True
LIN,2017-11-27,Loss,-6.54159209570241,87.60714285714285,55.81197132401439,True,True,6.10895880056825,True
LIN,2018-03-09,Win,47.49491117932153,71.89285714285714,54.63320361000225,True,True,7.333179165594409,True
LIN,2020-10-12,Win,36.52390284991795,41.642857142857146,53.28965871694697,True,True,5.84804121476972,True
LIN,2021-04-01,Win,24.454935080045043,99.0,49.93947816626171,True,False,4.278044024785579,False
LIN,2021-07-26,Loss,-11.27138224198582,88.78571428571429,54.527077203034345,True,False,8.31001082290909,True
LIN,2022-07-07,Loss,-13.333487725104781,14.928571428571427,48.04478242058466,True,True,4.009018922322763,True
LIN,2022-10-25,Loss,-11.4735848074566,33.785714285714285,50.69192773952948,True,False,4.152064850180446,True
LIN,2022-11-30,Win,57.38228107080799,34.57142857142857,46.88170375595989,True,True,7.072044333669081,True
LIN,2024-04-26,Loss,-14.738007409216092,97.82142857142857,52.630325047566764,True,False,7.597167405146207,True
LIN,2025-06-10,Win,43.25013060862879,45.964285714285715,49.79245585921365,True,True,6.48421791252767,True
DIS,2015-11-20,Loss,-9.449001578321083,,53.53588279672059,True,False,6.312489008616893,True
DIS,2016-02-02,Loss,-13.687313478944668,92.32142857142857,50.44843782893511,True,False,4.599065269345022,True
DIS,2016-07-18,Win,37.43757576049068,4.321428571428571,52.0652765057432,True,True,10.133271720128013,True
DIS,2017-11-27,Loss,-6.54159209570241,87.60714285714285,55.81197132401439,True,True,6.10895880056825,True
DIS,2018-03-09,Win,47.49491117932153,71.89285714285714,54.63320361000225,True,True,7.333179165594409,True
DIS,2020-10-12,Win,36.52390284991795,41.642857142857146,53.28965871694697,True,True,5.84804121476972,True
DIS,2021-04-01,Win,24.454935080045043,99.0,49.93947816626171,True,False,4.278044024785579,False
DIS,2021-07-26,Loss,-11.27138224198582,88.78571428571429,54.527077203034345,True,False,8.31001082290909,True
DIS,2022-07-07,Loss,-13.333487725104781,14.928571428571427,48.04478242058466,True,True,4.009018922322763,True
DIS,2022-10-25,Loss,-11.4735848074566,33.785714285714285,50.69192773952948,True,False,4.152064850180446,True
DIS,2022-11-30,Win,57.38228107080799,34.57142857142857,46.88170375595989,True,True,7.072044333669081,True
DIS,2024-04-26,Loss,-14.738007409216092,97.82142857142857,52.630325047566764,True,False,7.597167405146207,True
DIS,2025-06-10,Win,43.25013060862879,45.964285714285715,49.79245585921365,True,True,6.48421791252767,True
ABT,2015-11-20,Loss,-9.449001578321083,,53.53588279672059,True,False,6.312489008616893,True
ABT,2016-02-02,Loss,-13.687313478944668,92.32142857142857,50.44843782893511,True,False,4.599065269345022,True
ABT,2016-07-18,Win,37.43757576049068,4.321428571428571,52.0652765057432,True,True,10.133271720128013,True
ABT,2017-11-27,Loss,-6.54159209570241,87.60714285714285,55.81197132401439,True,True,6.10895880056825,True
ABT,2018-03-09,Win,47.49491117932153,71.89285714285714,54.63320361000225,True,True,7.333179165594409,True
ABT,2020-10-12,Win,36.52390284991795,41.642857142857146,53.28965871694697,True,True,5.84804121476972,True
ABT,2021-04-01,Win,24.454935080045043,99.0,49.93947816626171,True,False,4.278044024785579,False
ABT,2021-07-26,Loss,-11.27138224198582,88.78571428571429,54.527077203034345,True,False,8.31001082290909,True
ABT,2022-07-07,Loss,-13.333487725104781,14.928571428571427,48.04478242058466,True,True,4.009018922322763,True
ABT,2022-10-25,Loss,-11.4735848074566,33.785714285714285,50.69192773952948,True,False,4.152064850180446,True
ABT,2022-11-30,Win,57.38228107080799,34.57142857142857,46.88170375595989,True,True,7.072044333669081,True
ABT,2024-04-26,Loss,-14.738007409216092,97.82142857142857,52.630325047566764,True,False,7.597167405146207,True
ABT,2025-06-10,Win,43.25013060862879,45.964285714285715,49.79245585921365,True,True,6.48421791252767,True
MCD,2015-11-20,Loss,-9.449001578321083,,53.53588279672059,True,False,6.312489008616893,True
MCD,2016-02-02,Loss,-13.687313478944668,92.32142857142857,50.44843782893511,True,False,4.599065269345022,True
MCD,2016-07-18,Win,37.43757576049068,4.321428571428571,52.0652765057432,True,True,10.133271720128013,True
MCD,2017-11-27,Loss,-6.54159209570241,87.60714285714285,55.81197132401439,True,True,6.10895880056825,True
MCD,2018-03-09,Win,47.49491117932153,71.89285714285714,54.63320361000225,True,True,7.333179165594409,True
MCD,2020-10-12,Win,36.52390284991795,41.642857142857146,53.28965871694697,True,True,5.84804121476972,True
MCD,2021-04-01,Win,24.454935080045043,99.0,49.93947816626171,True,False,4.278044024785579,False
MCD,2021-07-26,Loss,-11.27138224198582,88.78571428571429,54.527077203034345,True,False,8.31001082290909,True
MCD,2022-07-07,Loss,-13.333487725104781,14.928571428571427,48.04478242058466,True,True,4.009018922322763,True
MCD,2022-10-25,Loss,-11.4735848074566,33.785714285714285,50.69192773952948,True,False,4.152064850180446,True
MCD,2022-11-30,Win,57.38228107080799,34.57142857142857,46.88170375595989,True,True,7.072044333669081,True
MCD,2024-04-26,Loss,-14.738007409216092,97.82142857142857,52.630325047566764,True,False,7.597167405146207,True
MCD,2025-06-10,Win,43.25013060862879,45.964285714285715,49.79245585921365,True,True,6.48421791252767,True
GS,2015-11-20,Loss,-9.449001578321083,,53.53588279672059,True,False,6.312489008616893,True
GS,2016-02-02,Loss,-13.687313478944668,92.32142857142857,50.44843782893511,True,False,4.599065269345022,True
GS,2016-07-18,Win,37.43757576049068,4.321428571428571,52.0652765057432,True,True,10.133271720128013,True
GS,2017-11-27,Loss,-6.54159209570241,87.60714285714285,55.81197132401439,True,True,6.10895880056825,True
GS,2018-03-09,Win,47.49491117932153,71.89285714285714,54.63320361000225,True,True,7.333179165594409,True
GS,2020-10-12,Win,36.52390284991795,41.642857142857146,53.28965871694697,True,True,5.84804121476972,True
GS,2021-04-01,Win,24.454935080045043,99.0,49.93947816626171,True,False,4.278044024785579,False
GS,2021-07-26,Loss,-11.27138224198582,88.78571428571429,54.527077203034345,True,False,8.31001082290909,True
GS,2022-07-07,Loss,-13.333487725104781,14.928571428571427,48.04478242058466,True,True,4.009018922322763,True
GS,2022-10-25,Loss,-11.4735848074566,33.785714285714285,50.69192773952948,True,False,4.152064850180446,True
GS,2022-11-30,Win,57.38228107080799,34.57142857142857,46.88170375595989,True,True,7.072044333669081,True
GS,2024-04-26,Loss,-14.738007409216092,97.82142857142857,52.630325047566764,True,False,7.597167405146207,True
GS,2025-06-10,Win,43.25013060862879,45.964285714285715,49.79245585921365,True,True,6.48421791252767,True
MRK,2015-11-20,Loss,-9.449001578321083,,53.53588279672059,True,False,6.312489008616893,True
MRK,2016-02-02,Loss,-13.687313478944668,92.32142857142857,50.44843782893511,True,False,4.599065269345022,True
MRK,2016-07-18,Win,37.43757576049068,4.321428571428571,52.0652765057432,True,True,10.133271720128013,True
MRK,2017-11-27,Loss,-6.54159209570241,87.60714285714285,55.81197132401439,True,True,6.10895880056825,True
MRK,2018-03-09,Win,47.49491117932153,71.89285714285714,54.63320361000225,True,True,7.333179165594409,True
MRK,2020-10-12,Win,36.52390284991795,41.642857142857146,53.28965871694697,True,True,5.84804121476972,True
MRK,2021-04-01,Win,24.454935080045043,99.0,49.93947816626171,True,False,4.278044024785579,False
MRK,2021-07-26,Loss,-11.27138224198582,88.78571428571429,54.527077203034345,True,False,8.31001082290909,True
MRK,2022-07-07,Loss,-13.333487725104781,14.928571428571427,48.04478242058466,True,True,4.009018922322763,True
MRK,2022-10-25,Loss,-11.4735848074566,33.785714285714285,50.69192773952948,True,False,4.152064850180446,True
MRK,2022-11-30,Win,57.38228107080799,34.57142857142857,46.88170375595989,True,True,7.072044333669081,True
MRK,2024-04-26,Loss,-14.738007409216092,97.82142857142857,52.630325047566764,True,False,7.597167405146207,True
MRK,2025-06-10,Win,43.25013060862879,45.964285714285715,49.79245585921365,True,True,6.48421791252767,True
T,2015-11-20,Loss,-9.168017225127645,,53.00784840371981,True,False,5.989612535589967,True
T,2016-02-02,Win,41.13849210899745,91.92857142857143,50.49380221083343,True,False,4.768016292813823,True
T,2018-01-04,Win,32.553081980253566,95.46428571428572,51.96606960771223,True,False,9.333560289874189,True
T,2020-01-16,Loss,-10.277390966637546,97.82142857142857,52.699073127479345,True,True,8.023333825803649,True
T,2020-04-14,Win,65.22806563002484,22.785714285714285,55.916731487772665,True,True,6.160645205517519,True
T,2021-04-01,Win,23.468736084353438,99.0,51.787907760462545,True,True,4.262924605311136,False
T,2021-07-14,Loss,-7.885632938087397,86.03571428571429,52.89412898570303,True,True,8.001443419858505,True
T,2022-07-07,Loss,-13.234888694635693,14.928571428571427,47.97675344535161,True,True,4.058262421306389,True
T,2022-10-25,Loss,-11.02201391314401,33.392857142857146,50.87545049191651,True,False,4.0396091091140685,True
T,2022-11-30,Win,58.163658392067155,34.57142857142857,47.44215761893999,True,True,7.178093844660838,True
T,2024-04-26,Loss,-14.756540076506337,97.82142857142857,52.79430820441795,True,False,7.732884056045322,True
T,2025-06-10,Win,42.94260446597689,44.785714285714285,49.33517825299063,True,True,6.565933296153726,True
AXP,2016-02-17,Win,21.14461516186721,11.785714285714285,52.912904824404336,True,False,3.9127542390201664,True
AXP,2016-11-17,Win,35.773079388187966,97.82142857142857,55.41997760942371,True,False,8.375604889771346,True
AXP,2018-01-22,Loss,-11.079869660536641,99.0,52.67019839578836,True,False,8.455546851651592,True
AXP,2018-07-18,Loss,-9.6712244089465,17.285714285714285,48.505712334786836,True,True,8.03642648713372,True
AXP,2020-06-03,Win,42.638318094802486,22.392857142857142,49.71434420302196,True,True,9.276608945689047,True
AXP,2021-04-29,Win,30.146976764536564,99.0,53.02490028525531,True,True,9.422042003040715,True
AXP,2022-07-19,Win,26.602288188841133,8.25,46.46039921283406,True,True,5.334303792434002,True
AXP,2023-09-12,Loss,-6.841648055435817,98.60714285714286,49.14493332310711,True,False,6.850865793671899,True
AXP,2023-11-03,Win,23.741460655736294,57.75000000000001,44.52610566472097,True,False,6.246509726246808,True
MS,2015-11-18,Loss,-12.501182715137361,,49.31678752038806,True,False,6.9936904873415875,True
MS,2016-04-14,Loss,-12.042321682232346,16.5,53.840853270144784,True,True,6.71794226669201,True
MS,2017-01-03,Win,40.05038988294762,29.857142857142854,55.613078499592106,True,True,9.517336810846656,True
MS,2018-08-03,Win,46.221172431152155,99.0,60.981992209671496,True,False,8.622802018358607,True
MS,2020-02-05,Loss,-12.408528297240254,87.21428571428571,57.99914197322135,True,True,7.122290353960236,True
MS,2020-03-17,Loss,-16.843699608734145,79.75,57.18860850367993,True,False,3.145915851795467,True
MS,2020-04-08,Win,64.6311254148032,84.07142857142857,55.69534898830641,True,True,4.092963800869092,True
MS,2021-07-23,Loss,-8.93203232573291,89.96428571428571,52.52546201441929,True,True,5.858872833283442,True
MS,2021-10-20,Win,34.37221239486758,55.0,44.075891158059534,True,True,5.970307363789673,True
MS,2022-06-24,Win,44.3819403499428,51.464285714285715,53.25380808544379,True,False,6.129327025937163,True
MS,2023-06-30,Win,31.608554804773465,95.07142857142857,57.000682483609836,True,True,5.485066718116864,True
MS,2024-01-03,Win,32.677501381839576,77.0,54.43783165685859,True,False,5.809559408090741,True
MS,2024-06-03,Loss,-14.044303274218937,30.250000000000004,51.45964928375575,True,False,7.35737601974374,True
MS,2025-01-27,Loss,-12.084102016621909,17.285714285714285,50.00546395709262,True,False,3.949052691072275,True
MS,2025-04-24,Loss,-22.819007616672575,36.535714285714285,53.912272761701004,True,True,5.376214616693437,True
LRCX,2015-11-18,Loss,-12.501182715137361,,49.31678752038806,True,False,6.9936904873415875,True
LRCX,2016-04-14,Loss,-12.042321682232346,16.5,53.840853270144784,True,True,6.71794226669201,True
LRCX,2017-01-03,Win,40.05038988294762,29.857142857142854,55.613078499592106,True,True,9.517336810846656,True
LRCX,2018-08-03,Win,46.221172431152155,99.0,60.981992209671496,True,False,8.622802018358607,True
LRCX,2020-02-05,Loss,-12.408528297240254,87.21428571428571,57.99914197322135,True,True,7.122290353960236,True
LRCX,2020-03-17,Loss,-16.843699608734145,79.75,57.18860850367993,True,False,3.145915851795467,True
LRCX,2020-04-08,Win,64.6311254148032,84.07142857142857,55.69534898830641,True,True,4.092963800869092,True
LRCX,2021-07-23,Loss,-8.93203232573291,89.96428571428571,52.52546201441929,True,True,5.858872833283442,True
LRCX,2021-10-20,Win,34.37221239486758,55.0,44.075891158059534,True,True,5.970307363789673,True
LRCX,2022-06-24,Win,44.3819403499428,51.464285714285715,53.25380808544379,True,False,6.129327025937163,True
LRCX,2023-06-30,Win,31.608554804773465,95.07142857142857,57.000682483609836,True,True,5.485066718116864,True
LRCX,2024-01-03,Win,32.677501381839576,77.0,54.43783165685859,True,False,5.809559408090741,True
LRCX,2024-06-03,Loss,-14.044303274218937,30.250000000000004,51.45964928375575,True,False,7.35737601974374,True
LRCX,2025-01-27,Loss,-12.084102016621909,17.285714285714285,50.00546395709262,True,False,3.949052691072275,True
LRCX,2025-04-24,Loss,-22.819007616672575,36.535714285714285,53.912272761701004,True,True,5.376214616693437,True
BLK,2015-11-18,Loss,-12.501182715137361,,49.31678752038806,True,False,6.9936904873415875,True
BLK,2016-04-14,Loss,-12.042321682232346,16.5,53.840853270144784,True,True,6.71794226669201,True
BLK,2017-01-03,Win,40.05038988294762,29.857142857142854,55.613078499592106,True,True,9.517336810846656,True
BLK,2018-08-03,Win,46.221172431152155,99.0,60.981992209671496,True,False,8.622802018358607,True
BLK,2020-02-05,Loss,-12.408528297240254,87.21428571428571,57.99914197322135,True,True,7.122290353960236,True
BLK,2020-03-17,Loss,-16.843699608734145,79.75,57.18860850367993,True,False,3.145915851795467,True
BLK,2020-04-08,Win,64.6311254148032,84.07142857142857,55.69534898830641,True,True,4.092963800869092,True
BLK,2021-07-23,Loss,-8.93203232573291,89.96428571428571,52.52546201441929,True,True,5.858872833283442,True
BLK,2021-10-20,Win,34.37221239486758,55.0,44.075891158059534,True,True,5.970307363789673,True
BLK,2022-06-24,Win,44.3819403499428,51.464285714285715,53.25380808544379,True,False,6.129327025937163,True
BLK,2023-06-30,Win,31.608554804773465,95.07142857142857,57.000682483609836,True,True,5.485066718116864,True
BLK,2024-01-03,Win,32.677501381839576,77.0,54.43783165685859,True,False,5.809559408090741,True
BLK,2024-06-03,Loss,-14.044303274218937,30.250000000000004,51.45964928375575,True,False,7.35737601974374,True
BLK,2025-01-27,Loss,-12.084102016621909,17.285714285714285,50.00546395709262,True,False,3.949052691072275,True
BLK,2025-04-24,Loss,-22.819007616672575,36.535714285714285,53.912272761701004,True,True,5.376214616693437,True
BKNG,2015-11-18,Loss,-12.501182715137361,,49.31678752038806,True,False,6.9936904873415875,True
BKNG,2016-04-14,Loss,-12.042321682232346,16.5,53.840853270144784,True,True,6.71794226669201,True
BKNG,2017-01-03,Win,40.05038988294762,29.857142857142854,55.613078499592106,True,True,9.517336810846656,True
BKNG,2018-08-03,Win,46.221172431152155,99.0,60.981992209671496,True,False,8.622802018358607,True
BKNG,2020-02-05,Loss,-12.408528297240254,87.21428571428571,57.99914197322135,True,True,7.122290353960236,True
BKNG,2020-03-17,Loss,-16.843699608734145,79.75,57.18860850367993,True,False,3.145915851795467,True
BKNG,2020-04-08,Win,64.6311254148032,84.07142857142857,55.69534898830641,True,True,4.092963800869092,True
BKNG,2021-07-23,Loss,-8.93203232573291,89.96428571428571,52.52546201441929,True,True,5.858872833283442,True
BKNG,2021-10-20,Win,34.37221239486758,55.0,44.075891158059534,True,True,5.970307363789673,True
BKNG,2022-06-24,Win,44.3819403499428,51.464285714285715,53.25380808544379,True,False,6.129327025937163,True
BKNG,2023-06-30,Win,31.608554804773465,95.07142857142857,57.000682483609836,True,True,5.485066718116864,True
BKNG,2024-01-03,Win,32.677501381839576,77.0,54.43783165685859,True,False,5.809559408090741,True
BKNG,2024-06-03,Loss,-14.044303274218937,30.250000000000004,51.45964928375575,True,False,7.35737601974374,True
BKNG,2025-01-27,Loss,-12.084102016621909,17.285714285714285,50.00546395709262,True,False,3.949052691072275,True
BKNG,2025-04-24,Loss,-22.819007616672575,36.535714285714285,53.912272761701004,True,True,5.376214616693437,True
UBER,2015-11-18,Loss,-12.501182715137361,,49.31678752038806,True,False,6.9936904873415875,True
UBER,2016-04-14,Loss,-12.042321682232346,16.5,53.840853270144784,True,True,6.71794226669201,True
UBER,2017-01-03,Win,40.05038988294762,29.857142857142854,55.613078499592106,True,True,9.517336810846656,True
UBER,2018-08-03,Win,46.221172431152155,99.0,60.981992209671496,True,False,8.622802018358607,True
UBER,2020-02-05,Loss,-12.408528297240254,87.21428571428571,57.99914197322135,True,True,7.122290353960236,True
UBER,2020-03-17,Loss,-16.843699608734145,79.75,57.18860850367993,True,False,3.145915851795467,True
UBER,2020-04-08,Win,64.6311254148032,84.07142857142857,55.69534898830641,True,True,4.092963800869092,True
UBER,2021-07-23,Loss,-8.93203232573291,89.96428571428571,52.52546201441929,True,True,5.858872833283442,True
UBER,2021-10-20,Win,34.37221239486758,55.0,44.075891158059534,True,True,5.970307363789673,True
UBER,2022-06-24,Win,44.3819403499428,51.464285714285715,53.25380808544379,True,False,6.129327025937163,True
UBER,2023-06-30,Win,31.608554804773465,95.07142857142857,57.000682483609836,True,True,5.485066718116864,True
UBER,2024-01-03,Win,32.677501381839576,77.0,54.43783165685859,True,False,5.809559408090741,True
UBER,2024-06-03,Loss,-14.044303274218937,30.250000000000004,51.45964928375575,True,False,7.35737601974374,True
UBER,2025-01-27,Loss,-12.084102016621909,17.285714285714285,50.00546395709262,True,False,3.949052691072275,True
UBER,2025-04-24,Loss,-22.819007616672575,36.535714285714285,53.912272761701004,True,True,5.376214616693437,True
GEV,2015-11-18,Loss,-12.501182715137361,,49.31678752038806,True,False,6.9936904873415875,True
GEV,2016-04-14,Loss,-12.042321682232346,16.5,53.840853270144784,True,True,6.71794226669201,True
GEV,2017-01-03,Win,40.05038988294762,29.857142857142854,55.613078499592106,True,True,9.517336810846656,True
GEV,2018-08-03,Win,46.221172431152155,99.0,60.981992209671496,True,False,8.622802018358607,True
GEV,2020-02-05,Loss,-12.408528297240254,87.21428571428571,57.99914197322135,True,True,7.122290353960236,True
GEV,2020-03-17,Loss,-16.843699608734145,79.75,57.18860850367993,True,False,3.145915851795467,True
GEV,2020-04-08,Win,64.6311254148032,84.07142857142857,55.69534898830641,True,True,4.092963800869092,True
GEV,2021-07-23,Loss,-8.93203232573291,89.96428571428571,52.52546201441929,True,True,5.858872833283442,True
GEV,2021-10-20,Win,34.37221239486758,55.0,44.075891158059534,True,True,5.970307363789673,True
GEV,2022-06-24,Win,44.3819403499428,51.464285714285715,53.25380808544379,True,False,6.129327025937163,True
GEV,2023-06-30,Win,31.608554804773465,95.07142857142857,57.000682483609836,True,True,5.485066718116864,True
GEV,2024-01-03,Win,32.677501381839576,77.0,54.43783165685859,True,False,5.809559408090741,True
GEV,2024-06-03,Loss,-14.044303274218937,30.250000000000004,51.45964928375575,True,False,7.35737601974374,True
GEV,2025-01-27,Loss,-12.084102016621909,17.285714285714285,50.00546395709262,True,False,3.949052691072275,True
GEV,2025-04-24,Loss,-22.819007616672575,36.535714285714285,53.912272761701004,True,True,5.376214616693437,True
AMAT,2015-11-18,Loss,-12.501182715137361,,49.31678752038806,True,False,6.9936904873415875,True
AMAT,2016-04-14,Loss,-12.042321682232346,16.5,53.840853270144784,True,True,6.71794226669201,True
AMAT,2017-01-03,Win,40.05038988294762,29.857142857142854,55.613078499592106,True,True,9.517336810846656,True
AMAT,2018-08-03,Win,46.221172431152155,99.0,60.981992209671496,True,False,8.622802018358607,True
AMAT,2020-02-05,Loss,-12.408528297240254,87.21428571428571,57.99914197322135,True,True,7.122290353960236,True
AMAT,2020-03-17,Loss,-16.843699608734145,79.75,57.18860850367993,True,False,3.145915851795467,True
AMAT,2020-04-08,Win,64.6311254148032,84.07142857142857,55.69534898830641,True,True,4.092963800869092,True
AMAT,2021-07-23,Loss,-8.93203232573291,89.96428571428571,52.52546201441929,True,True,5.858872833283442,True
AMAT,2021-10-20,Win,34.37221239486758,55.0,44.075891158059534,True,True,5.970307363789673,True
AMAT,2022-06-24,Win,44.3819403499428,51.464285714285715,53.25380808544379,True,False,6.129327025937163,True
AMAT,2023-06-30,Win,31.608554804773465,95.07142857142857,57.000682483609836,True,True,5.485066718116864,True
AMAT,2024-01-03,Win,32.677501381839576,77.0,54.43783165685859,True,False,5.809559408090741,True
AMAT,2024-06-03,Loss,-14.044303274218937,30.250000000000004,51.45964928375575,True,False,7.35737601974374,True
AMAT,2025-01-27,Loss,-12.084102016621909,17.285714285714285,50.00546395709262,True,False,3.949052691072275,True
AMAT,2025-04-24,Loss,-22.819007616672575,36.535714285714285,53.912272761701004,True,True,5.376214616693437,True
MU,2015-11-18,Loss,-12.501182715137361,,49.31678752038806,True,False,6.9936904873415875,True
MU,2016-04-14,Loss,-12.042321682232346,16.5,53.840853270144784,True,True,6.71794226669201,True
MU,2017-01-03,Win,40.05038988294762,29.857142857142854,55.613078499592106,True,True,9.517336810846656,True
MU,2018-08-03,Win,46.221172431152155,99.0,60.981992209671496,True,False,8.622802018358607,True
MU,2020-02-05,Loss,-12.408528297240254,87.21428571428571,57.99914197322135,True,True,7.122290353960236,True
MU,2020-03-17,Loss,-16.843699608734145,79.75,57.18860850367993,True,False,3.145915851795467,True
MU,2020-04-08,Win,64.6311254148032,84.07142857142857,55.69534898830641,True,True,4.092963800869092,True
MU,2021-07-23,Loss,-8.93203232573291,89.96428571428571,52.52546201441929,True,True,5.858872833283442,True
MU,2021-10-20,Win,34.37221239486758,55.0,44.075891158059534,True,True,5.970307363789673,True
MU,2022-06-24,Win,44.3819403499428,51.464285714285715,53.25380808544379,True,False,6.129327025937163,True
MU,2023-06-30,Win,31.608554804773465,95.07142857142857,57.000682483609836,True,True,5.485066718116864,True
MU,2024-01-03,Win,32.677501381839576,77.0,54.43783165685859,True,False,5.809559408090741,True
MU,2024-06-03,Loss,-14.044303274218937,30.250000000000004,51.45964928375575,True,False,7.35737601974374,True
MU,2025-01-27,Loss,-12.084102016621909,17.285714285714285,50.00546395709262,True,False,3.949052691072275,True
MU,2025-04-24,Loss,-22.819007616672575,36.535714285714285,53.912272761701004,True,True,5.376214616693437,True
TMO,2015-11-18,Loss,-12.501182715137361,,49.31678752038806,True,False,6.9936904873415875,True
TMO,2016-04-14,Loss,-12.042321682232346,16.5,53.840853270144784,True,True,6.71794226669201,True
TMO,2017-01-03,Win,40.05038988294762,29.857142857142854,55.613078499592106,True,True,9.517336810846656,True
TMO,2018-08-03,Win,46.221172431152155,99.0,60.981992209671496,True,False,8.622802018358607,True
TMO,2020-02-05,Loss,-12.408528297240254,87.21428571428571,57.99914197322135,True,True,7.122290353960236,True
TMO,2020-03-17,Loss,-16.843699608734145,79.75,57.18860850367993,True,False,3.145915851795467,True
TMO,2020-04-08,Win,64.6311254148032,84.07142857142857,55.69534898830641,True,True,4.092963800869092,True
TMO,2021-07-23,Loss,-8.93203232573291,89.96428571428571,52.52546201441929,True,True,5.858872833283442,True
TMO,2021-10-20,Win,34.37221239486758,55.0,44.075891158059534,True,True,5.970307363789673,True
TMO,2022-06-24,Win,44.3819403499428,51.464285714285715,53.25380808544379,True,False,6.129327025937163,True
TMO,2023-06-30,Win,31.608554804773465,95.07142857142857,57.000682483609836,True,True,5.485066718116864,True
TMO,2024-01-03,Win,32.677501381839576,77.0,54.43783165685859,True,False,5.809559408090741,True
TMO,2024-06-03,Loss,-14.044303274218937,30.250000000000004,51.45964928375575,True,False,7.35737601974374,True
TMO,2025-01-27,Loss,-12.084102016621909,17.285714285714285,50.00546395709262,True,False,3.949052691072275,True
TMO,2025-04-24,Loss,-22.819007616672575,36.535714285714285,53.912272761701004,True,True,5.376214616693437,True
TXN,2015-11-18,Loss,-9.385565704110025,,57.657860860714095,True,False,5.190177073955705,True
TXN,2016-03-01,Win,40.07245015526369,38.89285714285714,50.381996500222215,True,True,7.100579250293021,True
TXN,2017-08-22,Win,22.154530019956802,98.60714285714286,55.88983018356022,True,True,7.57364455755509,True
TXN,2018-05-04,Win,31.32581229133543,48.32142857142857,50.48196067386775,True,True,6.425012379328792,True
TXN,2019-06-07,Loss,-9.99341380189418,68.35714285714286,60.35384012049108,True,False,6.302336175201994,True
TXN,2020-04-29,Win,56.44206776970619,12.571428571428571,50.642802343984904,True,True,6.8688584065404035,True
TXN,2024-02-15,Loss,-7.536644184880768,97.42857142857142,63.212340603480044,True,True,5.290720205730072,True
TXN,2024-08-27,Win,24.157123508702597,9.821428571428571,49.079554325728914,True,True,7.634580010581003,True
APP,2015-11-18,Loss,-9.385565704110025,,57.657860860714095,True,False,5.190177073955705,True
APP,2016-03-01,Win,40.07245015526369,38.89285714285714,50.381996500222215,True,True,7.100579250293021,True
APP,2017-08-22,Win,22.154530019956802,98.60714285714286,55.88983018356022,True,True,7.57364455755509,True
APP,2018-05-04,Win,31.32581229133543,48.32142857142857,50.48196067386775,True,True,6.425012379328792,True
APP,2019-06-07,Loss,-9.99341380189418,68.35714285714286,60.35384012049108,True,False,6.302336175201994,True
APP,2020-04-29,Win,56.44206776970619,12.571428571428571,50.642802343984904,True,True,6.8688584065404035,True
APP,2024-02-15,Loss,-7.536644184880768,97.42857142857142,63.212340603480044,True,True,5.290720205730072,True
APP,2024-08-27,Win,24.157123508702597,9.821428571428571,49.079554325728914,True,True,7.634580010581003,True
NEE,2016-02-05,Loss,-12.43883956195837,28.285714285714285,53.97585177455313,True,False,4.02349858139683,True
NEE,2020-04-29,Loss,-24.961673354801388,14.928571428571427,45.52692647785271,True,True,5.455770665595614,True
NEE,2020-11-09,Win,52.33311225699677,39.285714285714285,40.344924390733084,True,False,5.124483314206473,True
NEE,2021-02-23,Win,67.41471104266591,99.0,53.47414321920417,True,False,8.873279391197823,True
NEE,2022-04-08,Win,41.85280166546394,83.67857142857143,57.415216580728476,True,True,6.235658661054277,True
NEE,2023-08-09,Loss,-10.354509416066609,16.892857142857142,48.74703423335824,True,True,5.528077700910879,True
ANET,2016-02-05,Loss,-12.43883956195837,28.285714285714285,53.97585177455313,True,False,4.02349858139683,True
ANET,2020-04-29,Loss,-24.961673354801388,14.928571428571427,45.52692647785271,True,True,5.455770665595614,True
ANET,2020-11-09,Win,52.33311225699677,39.285714285714285,40.344924390733084,True,False,5.124483314206473,True
ANET,2021-02-23,Win,67.41471104266591,99.0,53.47414321920417,True,False,8.873279391197823,True
ANET,2022-04-08,Win,41.85280166546394,83.67857142857143,57.415216580728476,True,True,6.235658661054277,True
ANET,2023-08-09,Loss,-10.354509416066609,16.892857142857142,48.74703423335824,True,True,5.528077700910879,True
ISRG,2016-02-05,Loss,-12.43883956195837,28.285714285714285,53.97585177455313,True,False,4.02349858139683,True
ISRG,2020-04-29,Loss,-24.961673354801388,14.928571428571427,45.52692647785271,True,True,5.455770665595614,True
ISRG,2020-11-09,Win,52.33311225699677,39.285714285714285,40.344924390733084,True,False,5.124483314206473,True
ISRG,2021-02-23,Win,67.41471104266591,99.0,53.47414321920417,True,False,8.873279391197823,True
ISRG,2022-04-08,Win,41.85280166546394,83.67857142857143,57.415216580728476,True,True,6.235658661054277,True
ISRG,2023-08-09,Loss,-10.354509416066609,16.892857142857142,48.74703423335824,True,True,5.528077700910879,True
AMGN,2016-02-05,Loss,-12.43883956195837,28.285714285714285,53.97585177455313,True,False,4.02349858139683,True
AMGN,2020-04-29,Loss,-24.961673354801388,14.928571428571427,45.52692647785271,True,True,5.455770665595614,True
AMGN,2020-11-09,Win,52.33311225699677,39.285714285714285,40.344924390733084,True,False,5.124483314206473,True
AMGN,2021-02-23,Win,67.41471104266591,99.0,53.47414321920417,True,False,8.873279391197823,True
AMGN,2022-04-08,Win,41.85280166546394,83.67857142857143,57.415216580728476,True,True,6.235658661054277,True
AMGN,2023-08-09,Loss,-10.354509416066609,16.892857142857142,48.74703423335824,True,True,5.528077700910879,True
BA,2016-02-05,Loss,-12.43883956195837,28.285714285714285,53.97585177455313,True,False,4.02349858139683,True
BA,2020-04-29,Loss,-24.961673354801388,14.928571428571427,45.52692647785271,True,True,5.455770665595614,True
BA,2020-11-09,Win,52.33311225699677,39.285714285714285,40.344924390733084,True,False,5.124483314206473,True
BA,2021-02-23,Win,67.41471104266591,99.0,53.47414321920417,True,False,8.873279391197823,True
BA,2022-04-08,Win,41.85280166546394,83.67857142857143,57.415216580728476,True,True,6.235658661054277,True
BA,2023-08-09,Loss,-10.354509416066609,16.892857142857142,48.74703423335824,True,True,5.528077700910879,True
ADBE,2016-02-05,Loss,-12.43883956195837,28.285714285714285,53.97585177455313,True,False,4.02349858139683,True
ADBE,2020-04-29,Loss,-24.961673354801388,14.928571428571427,45.52692647785271,True,True,5.455770665595614,True
ADBE,2020-11-09,Win,52.33311225699677,39.285714285714285,40.344924390733084,True,False,5.124483314206473,True
ADBE,2021-02-23,Win,67.41471104266591,99.0,53.47414321920417,True,False,8.873279391197823,True
ADBE,2022-04-08,Win,41.85280166546394,83.67857142857143,57.415216580728476,True,True,6.235658661054277,True
ADBE,2023-08-09,Loss,-10.354509416066609,16.892857142857142,48.74703423335824,True,True,5.528077700910879,True
INTC,2016-02-05,Loss,-12.43883956195837,28.285714285714285,53.97585177455313,True,False,4.02349858139683,True
INTC,2020-04-29,Loss,-24.961673354801388,14.928571428571427,45.52692647785271,True,True,5.455770665595614,True
INTC,2020-11-09,Win,52.33311225699677,39.285714285714285,40.344924390733084,True,False,5.124483314206473,True
INTC,2021-02-23,Win,67.41471104266591,99.0,53.47414321920417,True,False,8.873279391197823,True
INTC,2022-04-08,Win,41.85280166546394,83.67857142857143,57.415216580728476,True,True,6.235658661054277,True
INTC,2023-08-09,Loss,-10.354509416066609,16.892857142857142,48.74703423335824,True,True,5.528077700910879,True
ACN,2016-02-05,Loss,-12.43883956195837,28.285714285714285,53.97585177455313,True,False,4.02349858139683,True
ACN,2020-04-29,Loss,-24.961673354801388,14.928571428571427,45.52692647785271,True,True,5.455770665595614,True
ACN,2020-11-09,Win,52.33311225699677,39.285714285714285,40.344924390733084,True,False,5.124483314206473,True
ACN,2021-02-23,Win,67.41471104266591,99.0,53.47414321920417,True,False,8.873279391197823,True
ACN,2022-04-08,Win,41.85280166546394,83.67857142857143,57.415216580728476,True,True,6.235658661054277,True
ACN,2023-08-09,Loss,-10.354509416066609,16.892857142857142,48.74703423335824,True,True,5.528077700910879,True
TJX,2016-02-05,Loss,-12.43883956195837,28.285714285714285,53.97585177455313,True,False,4.02349858139683,True
TJX,2020-04-29,Loss,-24.961673354801388,14.928571428571427,45.52692647785271,True,True,5.455770665595614,True
TJX,2020-11-09,Win,52.33311225699677,39.285714285714285,40.344924390733084,True,False,5.124483314206473,True
TJX,2021-02-23,Win,67.41471104266591,99.0,53.47414321920417,True,False,8.873279391197823,True
TJX,2022-04-08,Win,41.85280166546394,83.67857142857143,57.415216580728476,True,True,6.235658661054277,True
TJX,2023-08-09,Loss,-10.354509416066609,16.892857142857142,48.74703423335824,True,True,5.528077700910879,True
SCHW,2016-02-05,Loss,-12.43883956195837,28.285714285714285,53.97585177455313,True,False,4.02349858139683,True
SCHW,2020-04-29,Loss,-24.961673354801388,14.928571428571427,45.52692647785271,True,True,5.455770665595614,True
SCHW,2020-11-09,Win,52.33311225699677,39.285714285714285,40.344924390733084,True,False,5.124483314206473,True
SCHW,2021-02-23,Win,67.41471104266591,99.0,53.47414321920417,True,False,8.873279391197823,True
SCHW,2022-04-08,Win,41.85280166546394,83.67857142857143,57.415216580728476,True,True,6.235658661054277,True
SCHW,2023-08-09,Loss,-10.354509416066609,16.892857142857142,48.74703423335824,True,True,5.528077700910879,True
ETN,2016-03-01,Win,43.78597800365167,11.0,47.68608748084856,True,True,7.346588795423558,True
ETN,2017-07-20,Win,24.23888293746898,96.64285714285714,55.53895698734277,True,True,8.048703287257208,True
ETN,2018-01-11,Win,26.582217547978836,94.67857142857143,50.43154732918259,True,True,7.6274635900966805,True
ETN,2018-07-11,Loss,-7.251357348467708,89.57142857142857,55.77637631238629,True,True,4.46211540021335,True
ETN,2018-11-08,Loss,-13.781917284230452,7.071428571428571,51.486384882870006,True,False,4.233963367558478,True
ETN,2018-12-03,Loss,-17.158122290087977,9.428571428571429,53.34945940178501,True,False,5.690402105573919,True
ETN,2019-01-16,Win,44.91359604560761,11.785714285714285,55.452469088699715,True,True,6.525579281550388,True
ETN,2019-09-05,Loss,-12.679731668016148,83.67857142857143,56.688912225122266,True,True,8.287881644806683,True
ETN,2020-04-29,Win,65.01000852968441,13.357142857142856,49.935339477815944,True,True,7.386993633058294,True
COF,2016-03-01,Win,43.78597800365167,11.0,47.68608748084856,True,True,7.346588795423558,True
COF,2017-07-20,Win,24.23888293746898,96.64285714285714,55.53895698734277,True,True,8.048703287257208,True
COF,2018-01-11,Win,26.582217547978836,94.67857142857143,50.43154732918259,True,True,7.6274635900966805,True
COF,2018-07-11,Loss,-7.251357348467708,89.57142857142857,55.77637631238629,True,True,4.46211540021335,True
COF,2018-11-08,Loss,-13.781917284230452,7.071428571428571,51.486384882870006,True,False,4.233963367558478,True
COF,2018-12-03,Loss,-17.158122290087977,9.428571428571429,53.34945940178501,True,False,5.690402105573919,True
COF,2019-01-16,Win,44.91359604560761,11.785714285714285,55.452469088699715,True,True,6.525579281550388,True
COF,2019-09-05,Loss,-12.679731668016148,83.67857142857143,56.688912225122266,True,True,8.287881644806683,True
COF,2020-04-29,Win,65.01000852968441,13.357142857142856,49.935339477815944,True,True,7.386993633058294,True
BSX,2016-03-01,Win,43.78597800365167,11.0,47.68608748084856,True,True,7.346588795423558,True
BSX,2017-07-20,Win,24.23888293746898,96.64285714285714,55.53895698734277,True,True,8.048703287257208,True
BSX,2018-01-11,Win,26.582217547978836,94.67857142857143,50.43154732918259,True,True,7.6274635900966805,True
BSX,2018-07-11,Loss,-7.251357348467708,89.57142857142857,55.77637631238629,True,True,4.46211540021335,True
BSX,2018-11-08,Loss,-13.781917284230452,7.071428571428571,51.486384882870006,True,False,4.233963367558478,True
BSX,2018-12-03,Loss,-17.158122290087977,9.428571428571429,53.34945940178501,True,False,5.690402105573919,True
BSX,2019-01-16,Win,44.91359604560761,11.785714285714285,55.452469088699715,True,True,6.525579281550388,True
BSX,2019-09-05,Loss,-12.679731668016148,83.67857142857143,56.688912225122266,True,True,8.287881644806683,True
BSX,2020-04-29,Win,65.01000852968441,13.357142857142856,49.935339477815944,True,True,7.386993633058294,True
UNP,2016-03-01,Win,43.78597800365167,11.0,47.68608748084856,True,True,7.346588795423558,True
UNP,2017-07-20,Win,24.23888293746898,96.64285714285714,55.53895698734277,True,True,8.048703287257208,True
UNP,2018-01-11,Win,26.582217547978836,94.67857142857143,50.43154732918259,True,True,7.6274635900966805,True
UNP,2018-07-11,Loss,-7.251357348467708,89.57142857142857,55.77637631238629,True,True,4.46211540021335,True
UNP,2018-11-08,Loss,-13.781917284230452,7.071428571428571,51.486384882870006,True,False,4.233963367558478,True
UNP,2018-12-03,Loss,-17.158122290087977,9.428571428571429,53.34945940178501,True,False,5.690402105573919,True
UNP,2019-01-16,Win,44.91359604560761,11.785714285714285,55.452469088699715,True,True,6.525579281550388,True
UNP,2019-09-05,Loss,-12.679731668016148,83.67857142857143,56.688912225122266,True,True,8.287881644806683,True
UNP,2020-04-29,Win,65.01000852968441,13.357142857142856,49.935339477815944,True,True,7.386993633058294,True
APH,2016-03-01,Win,43.78597800365167,11.0,47.68608748084856,True,True,7.346588795423558,True
APH,2017-07-20,Win,24.23888293746898,96.64285714285714,55.53895698734277,True,True,8.048703287257208,True
APH,2018-01-11,Win,26.582217547978836,94.67857142857143,50.43154732918259,True,True,7.6274635900966805,True
APH,2018-07-11,Loss,-7.251357348467708,89.57142857142857,55.77637631238629,True,True,4.46211540021335,True
APH,2018-11-08,Loss,-13.781917284230452,7.071428571428571,51.486384882870006,True,False,4.233963367558478,True
APH,2018-12-03,Loss,-17.158122290087977,9.428571428571429,53.34945940178501,True,False,5.690402105573919,True
APH,2019-01-16,Win,44.91359604560761,11.785714285714285,55.452469088699715,True,True,6.525579281550388,True
APH,2019-09-05,Loss,-12.679731668016148,83.67857142857143,56.688912225122266,True,True,8.287881644806683,True
APH,2020-04-29,Win,65.01000852968441,13.357142857142856,49.935339477815944,True,True,7.386993633058294,True
LOW,2016-03-01,Win,43.78597800365167,11.0,47.68608748084856,True,True,7.346588795423558,True
LOW,2017-07-20,Win,24.23888293746898,96.64285714285714,55.53895698734277,True,True,8.048703287257208,True
LOW,2018-01-11,Win,26.582217547978836,94.67857142857143,50.43154732918259,True,True,7.6274635900966805,True
LOW,2018-07-11,Loss,-7.251357348467708,89.57142857142857,55.77637631238629,True,True,4.46211540021335,True
LOW,2018-11-08,Loss,-13.781917284230452,7.071428571428571,51.486384882870006,True,False,4.233963367558478,True
LOW,2018-12-03,Loss,-17.158122290087977,9.428571428571429,53.34945940178501,True,False,5.690402105573919,True
LOW,2019-01-16,Win,44.91359604560761,11.785714285714285,55.452469088699715,True,True,6.525579281550388,True
LOW,2019-09-05,Loss,-12.679731668016148,83.67857142857143,56.688912225122266,True,True,8.287881644806683,True
LOW,2020-04-29,Win,65.01000852968441,13.357142857142856,49.935339477815944,True,True,7.386993633058294,True
PGR,2016-03-01,Win,43.78597800365167,11.0,47.68608748084856,True,True,7.346588795423558,True
PGR,2017-07-20,Win,24.23888293746898,96.64285714285714,55.53895698734277,True,True,8.048703287257208,True
PGR,2018-01-11,Win,26.582217547978836,94.67857142857143,50.43154732918259,True,True,7.6274635900966805,True
PGR,2018-07-11,Loss,-7.251357348467708,89.57142857142857,55.77637631238629,True,True,4.46211540021335,True
PGR,2018-11-08,Loss,-13.781917284230452,7.071428571428571,51.486384882870006,True,False,4.233963367558478,True
PGR,2018-12-03,Loss,-17.158122290087977,9.428571428571429,53.34945940178501,True,False,5.690402105573919,True
PGR,2019-01-16,Win,44.91359604560761,11.785714285714285,55.452469088699715,True,True,6.525579281550388,True
PGR,2019-09-05,Loss,-12.679731668016148,83.67857142857143,56.688912225122266,True,True,8.287881644806683,True
PGR,2020-04-29,Win,65.01000852968441,13.357142857142856,49.935339477815944,True,True,7.386993633058294,True
KLAC,2016-03-01,Win,43.78597800365167,11.0,47.68608748084856,True,True,7.346588795423558,True
KLAC,2017-07-20,Win,24.23888293746898,96.64285714285714,55.53895698734277,True,True,8.048703287257208,True
KLAC,2018-01-11,Win,26.582217547978836,94.67857142857143,50.43154732918259,True,True,7.6274635900966805,True
KLAC,2018-07-11,Loss,-7.251357348467708,89.57142857142857,55.77637631238629,True,True,4.46211540021335,True
KLAC,2018-11-08,Loss,-13.781917284230452,7.071428571428571,51.486384882870006,True,False,4.233963367558478,True
KLAC,2018-12-03,Loss,-17.158122290087977,9.428571428571429,53.34945940178501,True,False,5.690402105573919,True
KLAC,2019-01-16,Win,44.91359604560761,11.785714285714285,55.452469088699715,True,True,6.525579281550388,True
KLAC,2019-09-05,Loss,-12.679731668016148,83.67857142857143,56.688912225122266,True,True,8.287881644806683,True
KLAC,2020-04-29,Win,65.01000852968441,13.357142857142856,49.935339477815944,True,True,7.386993633058294,True
GILD,2016-03-01,Win,43.78597800365167,11.0,47.68608748084856,True,True,7.346588795423558,True
GILD,2017-07-20,Win,24.23888293746898,96.64285714285714,55.53895698734277,True,True,8.048703287257208,True
GILD,2018-01-11,Win,26.582217547978836,94.67857142857143,50.43154732918259,True,True,7.6274635900966805,True
GILD,2018-07-11,Loss,-7.251357348467708,89.57142857142857,55.77637631238629,True,True,4.46211540021335,True
GILD,2018-11-08,Loss,-13.781917284230452,7.071428571428571,51.486384882870006,True,False,4.233963367558478,True
GILD,2018-12-03,Loss,-17.158122290087977,9.428571428571429,53.34945940178501,True,False,5.690402105573919,True
GILD,2019-01-16,Win,44.91359604560761,11.785714285714285,55.452469088699715,True,True,6.525579281550388,True
GILD,2019-09-05,Loss,-12.679731668016148,83.67857142857143,56.688912225122266,True,True,8.287881644806683,True
GILD,2020-04-29,Win,65.01000852968441,13.357142857142856,49.935339477815944,True,True,7.386993633058294,True
SPGI,2016-03-01,Win,43.78597800365167,11.0,47.68608748084856,True,True,7.346588795423558,True
SPGI,2017-07-20,Win,24.23888293746898,96.64285714285714,55.53895698734277,True,True,8.048703287257208,True
SPGI,2018-01-11,Win,26.582217547978836,94.67857142857143,50.43154732918259,True,True,7.6274635900966805,True
SPGI,2018-07-11,Loss,-7.251357348467708,89.57142857142857,55.77637631238629,True,True,4.46211540021335,True
SPGI,2018-11-08,Loss,-13.781917284230452,7.071428571428571,51.486384882870006,True,False,4.233963367558478,True
SPGI,2018-12-03,Loss,-17.158122290087977,9.428571428571429,53.34945940178501,True,False,5.690402105573919,True
SPGI,2019-01-16,Win,44.91359604560761,11.785714285714285,55.452469088699715,True,True,6.525579281550388,True
SPGI,2019-09-05,Loss,-12.679731668016148,83.67857142857143,56.688912225122266,True,True,8.287881644806683,True
SPGI,2020-04-29,Win,65.01000852968441,13.357142857142856,49.935339477815944,True,True,7.386993633058294,True
ADI,2015-11-23,Loss,-6.26470450584914,,57.56465315654764,True,False,4.309805059307258,True
ADI,2016-02-16,Win,42.105311140940174,11.785714285714285,48.62240351786391,True,True,7.987189563111963,True
ADI,2017-03-15,Win,19.50119671860222,70.32142857142857,54.62182066374891,True,True,6.533130414975063,True
ADI,2017-10-05,Loss,-9.296113584984866,98.60714285714286,58.39932496116611,True,True,9.78358321179838,True
ADI,2019-01-23,Loss,-11.982029267114395,22.392857142857142,48.01650044518819,True,False,6.2133107759081465,True
ADI,2020-04-24,Win,69.83592983167401,12.178571428571427,50.083964939360705,True,False,6.544600306801095,True
ADI,2021-08-02,Loss,-9.995888882240214,54.21428571428572,51.30851890248711,True,True,6.69145684111325,True
ADI,2022-07-19,Win,31.98846373424802,14.928571428571427,53.783207294575,True,True,4.8904382666494834,True
ADI,2023-11-10,Win,32.918667326371406,57.35714285714286,48.118483231222555,True,True,7.06213956090273,True
ADI,2024-04-26,Win,32.96237772960549,99.0,54.73020055591763,True,False,4.717308203492486,True
ADI,2025-05-27,Win,52.66455984988118,82.10714285714286,56.93967363165151,True,True,9.734830674567199,True
ADP,2015-11-23,Loss,-6.26470450584914,,57.56465315654764,True,False,4.309805059307258,True
ADP,2016-02-16,Win,42.105311140940174,11.785714285714285,48.62240351786391,True,True,7.987189563111963,True
ADP,2017-03-15,Win,19.50119671860222,70.32142857142857,54.62182066374891,True,True,6.533130414975063,True
ADP,2017-10-05,Loss,-9.296113584984866,98.60714285714286,58.39932496116611,True,True,9.78358321179838,True
ADP,2019-01-23,Loss,-11.982029267114395,22.392857142857142,48.01650044518819,True,False,6.2133107759081465,True
ADP,2020-04-24,Win,69.83592983167401,12.178571428571427,50.083964939360705,True,False,6.544600306801095,True
ADP,2021-08-02,Loss,-9.995888882240214,54.21428571428572,51.30851890248711,True,True,6.69145684111325,True
ADP,2022-07-19,Win,31.98846373424802,14.928571428571427,53.783207294575,True,True,4.8904382666494834,True
ADP,2023-11-10,Win,32.918667326371406,57.35714285714286,48.118483231222555,True,True,7.06213956090273,True
ADP,2024-04-26,Win,32.96237772960549,99.0,54.73020055591763,True,False,4.717308203492486,True
ADP,2025-05-27,Win,52.66455984988118,82.10714285714286,56.93967363165151,True,True,9.734830674567199,True
BX,2015-11-23,Loss,-6.26470450584914,,57.56465315654764,True,False,4.309805059307258,True
BX,2016-02-16,Win,42.105311140940174,11.785714285714285,48.62240351786391,True,True,7.987189563111963,True
BX,2017-03-15,Win,19.50119671860222,70.32142857142857,54.62182066374891,True,True,6.533130414975063,True
BX,2017-10-05,Loss,-9.296113584984866,98.60714285714286,58.39932496116611,True,True,9.78358321179838,True
BX,2019-01-23,Loss,-11.982029267114395,22.392857142857142,48.01650044518819,True,False,6.2133107759081465,True
BX,2020-04-24,Win,69.83592983167401,12.178571428571427,50.083964939360705,True,False,6.544600306801095,True
BX,2021-08-02,Loss,-9.995888882240214,54.21428571428572,51.30851890248711,True,True,6.69145684111325,True
BX,2022-07-19,Win,31.98846373424802,14.928571428571427,53.783207294575,True,True,4.8904382666494834,True
BX,2023-11-10,Win,32.918667326371406,57.35714285714286,48.118483231222555,True,True,7.06213956090273,True
BX,2024-04-26,Win,32.96237772960549,99.0,54.73020055591763,True,False,4.717308203492486,True
BX,2025-05-27,Win,52.66455984988118,82.10714285714286,56.93967363165151,True,True,9.734830674567199,True
COP,2015-11-23,Loss,-6.26470450584914,,57.56465315654764,True,False,4.309805059307258,True
COP,2016-02-16,Win,42.105311140940174,11.785714285714285,48.62240351786391,True,True,7.987189563111963,True
COP,2017-03-15,Win,19.50119671860222,70.32142857142857,54.62182066374891,True,True,6.533130414975063,True
COP,2017-10-05,Loss,-9.296113584984866,98.60714285714286,58.39932496116611,True,True,9.78358321179838,True
COP,2019-01-23,Loss,-11.982029267114395,22.392857142857142,48.01650044518819,True,False,6.2133107759081465,True
COP,2020-04-24,Win,69.83592983167401,12.178571428571427,50.083964939360705,True,False,6.544600306801095,True
COP,2021-08-02,Loss,-9.995888882240214,54.21428571428572,51.30851890248711,True,True,6.69145684111325,True
COP,2022-07-19,Win,31.98846373424802,14.928571428571427,53.783207294575,True,True,4.8904382666494834,True
COP,2023-11-10,Win,32.918667326371406,57.35714285714286,48.118483231222555,True,True,7.06213956090273,True
COP,2024-04-26,Win,32.96237772960549,99.0,54.73020055591763,True,False,4.717308203492486,True
COP,2025-05-27,Win,52.66455984988118,82.10714285714286,56.93967363165151,True,True,9.734830674567199,True
PANW,2015-11-23,Loss,-6.26470450584914,,57.56465315654764,True,False,4.309805059307258,True
PANW,2016-02-16,Win,42.105311140940174,11.785714285714285,48.62240351786391,True,True,7.987189563111963,True
PANW,2017-03-15,Win,19.50119671860222,70.32142857142857,54.62182066374891,True,True,6.533130414975063,True
PANW,2017-10-05,Loss,-9.296113584984866,98.60714285714286,58.39932496116611,True,True,9.78358321179838,True
PANW,2019-01-23,Loss,-11.982029267114395,22.392857142857142,48.01650044518819,True,False,6.2133107759081465,True
PANW,2020-04-24,Win,69.83592983167401,12.178571428571427,50.083964939360705,True,False,6.544600306801095,True
PANW,2021-08-02,Loss,-9.995888882240214,54.21428571428572,51.30851890248711,True,True,6.69145684111325,True
PANW,2022-07-19,Win,31.98846373424802,14.928571428571427,53.783207294575,True,True,4.8904382666494834,True
PANW,2023-11-10,Win,32.918667326371406,57.35714285714286,48.118483231222555,True,True,7.06213956090273,True
PANW,2024-04-26,Win,32.96237772960549,99.0,54.73020055591763,True,False,4.717308203492486,True
PANW,2025-05-27,Win,52.66455984988118,82.10714285714286,56.93967363165151,True,True,9.734830674567199,True
HON,2015-11-23,Loss,-6.26470450584914,,57.56465315654764,True,False,4.309805059307258,True
HON,2016-02-16,Win,42.105311140940174,11.785714285714285,48.62240351786391,True,True,7.987189563111963,True
HON,2017-03-15,Win,19.50119671860222,70.32142857142857,54.62182066374891,True,True,6.533130414975063,True
HON,2017-10-05,Loss,-9.296113584984866,98.60714285714286,58.39932496116611,True,True,9.78358321179838,True
HON,2019-01-23,Loss,-11.982029267114395,22.392857142857142,48.01650044518819,True,False,6.2133107759081465,True
HON,2020-04-24,Win,69.83592983167401,12.178571428571427,50.083964939360705,True,False,6.544600306801095,True
HON,2021-08-02,Loss,-9.995888882240214,54.21428571428572,51.30851890248711,True,True,6.69145684111325,True
HON,2022-07-19,Win,31.98846373424802,14.928571428571427,53.783207294575,True,True,4.8904382666494834,True
HON,2023-11-10,Win,32.918667326371406,57.35714285714286,48.118483231222555,True,True,7.06213956090273,True
HON,2024-04-26,Win,32.96237772960549,99.0,54.73020055591763,True,False,4.717308203492486,True
HON,2025-05-27,Win,52.66455984988118,82.10714285714286,56.93967363165151,True,True,9.734830674567199,True
SYK,2015-11-23,Loss,-6.26470450584914,,57.56465315654764,True,False,4.309805059307258,True
SYK,2016-02-16,Win,42.105311140940174,11.785714285714285,48.62240351786391,True,True,7.987189563111963,True
SYK,2017-03-15,Win,19.50119671860222,70.32142857142857,54.62182066374891,True,True,6.533130414975063,True
SYK,2017-10-05,Loss,-9.296113584984866,98.60714285714286,58.39932496116611,True,True,9.78358321179838,True
SYK,2019-01-23,Loss,-11.982029267114395,22.392857142857142,48.01650044518819,True,False,6.2133107759081465,True
SYK,2020-04-24,Win,69.83592983167401,12.178571428571427,50.083964939360705,True,False,6.544600306801095,True
SYK,2021-08-02,Loss,-9.995888882240214,54.21428571428572,51.30851890248711,True,True,6.69145684111325,True
SYK,2022-07-19,Win,31.98846373424802,14.928571428571427,53.783207294575,True,True,4.8904382666494834,True
SYK,2023-11-10,Win,32.918667326371406,57.35714285714286,48.118483231222555,True,True,7.06213956090273,True
SYK,2024-04-26,Win,32.96237772960549,99.0,54.73020055591763,True,False,4.717308203492486,True
SYK,2025-05-27,Win,52.66455984988118,82.10714285714286,56.93967363165151,True,True,9.734830674567199,True
MDT,2015-11-23,Loss,-6.26470450584914,,57.56465315654764,True,False,4.309805059307258,True
MDT,2016-02-16,Win,42.105311140940174,11.785714285714285,48.62240351786391,True,True,7.987189563111963,True
MDT,2017-03-15,Win,19.50119671860222,70.32142857142857,54.62182066374891,True,True,6.533130414975063,True
MDT,2017-10-05,Loss,-9.296113584984866,98.60714285714286,58.39932496116611,True,True,9.78358321179838,True
MDT,2019-01-23,Loss,-11.982029267114395,22.392857142857142,48.01650044518819,True,False,6.2133107759081465,True
MDT,2020-04-24,Win,69.83592983167401,12.178571428571427,50.083964939360705,True,False,6.544600306801095,True
MDT,2021-08-02,Loss,-9.995888882240214,54.21428571428572,51.30851890248711,True,True,6.69145684111325,True
MDT,2022-07-19,Win,31.98846373424802,14.928571428571427,53.783207294575,True,True,4.8904382666494834,True
MDT,2023-11-10,Win,32.918667326371406,57.35714285714286,48.118483231222555,True,True,7.06213956090273,True
MDT,2024-04-26,Win,32.96237772960549,99.0,54.73020055591763,True,False,4.717308203492486,True
MDT,2025-05-27,Win,52.66455984988118,82.10714285714286,56.93967363165151,True,True,9.734830674567199,True
PFE,2015-11-23,Loss,-6.26470450584914,,57.56465315654764,True,False,4.309805059307258,True
PFE,2016-02-16,Win,42.105311140940174,11.785714285714285,48.62240351786391,True,True,7.987189563111963,True
PFE,2017-03-15,Win,19.50119671860222,70.32142857142857,54.62182066374891,True,True,6.533130414975063,True
PFE,2017-10-05,Loss,-9.296113584984866,98.60714285714286,58.39932496116611,True,True,9.78358321179838,True
PFE,2019-01-23,Loss,-11.982029267114395,22.392857142857142,48.01650044518819,True,False,6.2133107759081465,True
PFE,2020-04-24,Win,69.83592983167401,12.178571428571427,50.083964939360705,True,False,6.544600306801095,True
PFE,2021-08-02,Loss,-9.995888882240214,54.21428571428572,51.30851890248711,True,True,6.69145684111325,True
PFE,2022-07-19,Win,31.98846373424802,14.928571428571427,53.783207294575,True,True,4.8904382666494834,True
PFE,2023-11-10,Win,32.918667326371406,57.35714285714286,48.118483231222555,True,True,7.06213956090273,True
PFE,2024-04-26,Win,32.96237772960549,99.0,54.73020055591763,True,False,4.717308203492486,True
PFE,2025-05-27,Win,52.66455984988118,82.10714285714286,56.93967363165151,True,True,9.734830674567199,True
CMCSA,2015-11-23,Loss,-6.26470450584914,,57.56465315654764,True,False,4.309805059307258,True
CMCSA,2016-02-16,Win,42.105311140940174,11.785714285714285,48.62240351786391,True,True,7.987189563111963,True
CMCSA,2017-03-15,Win,19.50119671860222,70.32142857142857,54.62182066374891,True,True,6.533130414975063,True
CMCSA,2017-10-05,Loss,-9.296113584984866,98.60714285714286,58.39932496116611,True,True,9.78358321179838,True
CMCSA,2019-01-23,Loss,-11.982029267114395,22.392857142857142,48.01650044518819,True,False,6.2133107759081465,True
CMCSA,2020-04-24,Win,69.83592983167401,12.178571428571427,50.083964939360705,True,False,6.544600306801095,True
CMCSA,2021-08-02,Loss,-9.995888882240214,54.21428571428572,51.30851890248711,True,True,6.69145684111325,True
CMCSA,2022-07-19,Win,31.98846373424802,14.928571428571427,53.783207294575,True,True,4.8904382666494834,True
CMCSA,2023-11-10,Win,32.918667326371406,57.35714285714286,48.118483231222555,True,True,7.06213956090273,True
CMCSA,2024-04-26,Win,32.96237772960549,99.0,54.73020055591763,True,False,4.717308203492486,True
CMCSA,2025-05-27,Win,52.66455984988118,82.10714285714286,56.93967363165151,True,True,9.734830674567199,True
DE,2015-11-18,Loss,-8.308423297676372,,61.42811731486149,True,False,5.615867919095029,True
DE,2016-02-24,Win,30.137748921098307,67.57142857142857,50.121746221551966,True,True,4.872070439964901,True
DE,2017-12-15,Win,41.95485994962091,99.0,57.793094519162835,True,False,8.785680965181514,True
DE,2019-07-09,Win,21.464008901083087,66.78571428571429,54.54955606417826,True,True,6.505072287887532,True
DE,2020-08-04,Win,32.59292630189541,47.14285714285714,53.36533179060376,True,True,7.8459102963088325,True
DE,2021-08-05,Win,33.055245058033606,95.85714285714286,57.43972062983445,True,True,9.169521513803417,True
DE,2022-07-06,Win,35.51040933075205,11.0,49.83185005592232,True,True,4.978939853816073,True
DE,2023-12-18,Win,52.25520984357299,99.0,61.66196505165439,True,False,12.007634515962106,True
DE,2025-02-04,Loss,-12.735448048973053,47.92857142857143,53.06399109617937,True,False,7.274369443745862,True
DE,2025-05-02,Loss,-15.385871212986737,17.285714285714285,54.765504480899175,True,True,6.837537708180968,True
WELL,2021-09-15,Loss,-14.37666205395388,,54.45592675100873,True,False,4.326121537433026,True
WELL,2022-06-23,Loss,-23.651164284110674,20.035714285714285,48.34360071903571,True,False,4.5396521024025,True
WELL,2022-10-25,Loss,-15.579674755205234,71.89285714285714,51.83746149479168,True,True,3.3639875494171676,True
WELL,2023-01-23,Win,64.16260224377079,88.39285714285715,51.20878646747872,True,True,5.146158522954984,True
WELL,2023-07-17,Win,70.8827465075514,98.60714285714286,52.846204838469944,True,True,5.4391201433665275,True
WELL,2024-09-09,Win,52.73408990029088,72.67857142857142,57.28885576041485,True,False,5.21324756317618,True
WELL,2024-12-24,Win,71.98761293018491,99.0,62.876568567893756,True,False,3.8027017645933414,True
TMUS,2021-09-15,Loss,-14.37666205395388,,54.45592675100873,True,False,4.326121537433026,True
TMUS,2022-06-23,Loss,-23.651164284110674,20.035714285714285,48.34360071903571,True,False,4.5396521024025,True
TMUS,2022-10-25,Loss,-15.579674755205234,71.89285714285714,51.83746149479168,True,True,3.3639875494171676,True
TMUS,2023-01-23,Win,64.16260224377079,88.39285714285715,51.20878646747872,True,True,5.146158522954984,True
TMUS,2023-07-17,Win,70.8827465075514,98.60714285714286,52.846204838469944,True,True,5.4391201433665275,True
TMUS,2024-09-09,Win,52.73408990029088,72.67857142857142,57.28885576041485,True,False,5.21324756317618,True
TMUS,2024-12-24,Win,71.98761293018491,99.0,62.876568567893756,True,False,3.8027017645933414,True
LMT,2021-09-15,Loss,-14.37666205395388,,54.45592675100873,True,False,4.326121537433026,True
LMT,2022-06-23,Loss,-23.651164284110674,20.035714285714285,48.34360071903571,True,False,4.5396521024025,True
LMT,2022-10-25,Loss,-15.579674755205234,71.89285714285714,51.83746149479168,True,True,3.3639875494171676,True
LMT,2023-01-23,Win,64.16260224377079,88.39285714285715,51.20878646747872,True,True,5.146158522954984,True
LMT,2023-07-17,Win,70.8827465075514,98.60714285714286,52.846204838469944,True,True,5.4391201433665275,True
LMT,2024-09-09,Win,52.73408990029088,72.67857142857142,57.28885576041485,True,False,5.21324756317618,True
LMT,2024-12-24,Win,71.98761293018491,99.0,62.876568567893756,True,False,3.8027017645933414,True
CRWD,2015-11-18,Loss,-8.308423297676372,,61.42811731486149,True,False,5.615867919095029,True
CRWD,2016-02-24,Win,30.137748921098307,67.57142857142857,50.121746221551966,True,True,4.872070439964901,True
CRWD,2017-12-15,Win,41.95485994962091,99.0,57.793094519162835,True,False,8.785680965181514,True
CRWD,2019-07-09,Win,21.464008901083087,66.78571428571429,54.54955606417826,True,True,6.505072287887532,True
CRWD,2020-08-04,Win,32.59292630189541,47.14285714285714,53.36533179060376,True,True,7.8459102963088325,True
CRWD,2021-08-05,Win,33.055245058033606,95.85714285714286,57.43972062983445,True,True,9.169521513803417,True
CRWD,2022-07-06,Win,35.51040933075205,11.0,49.83185005592232,True,True,4.978939853816073,True
CRWD,2023-12-18,Win,52.25520984357299,99.0,61.66196505165439,True,False,12.007634515962106,True
CRWD,2025-02-04,Loss,-12.735448048973053,47.92857142857143,53.06399109617937,True,False,7.274369443745862,True
CRWD,2025-05-02,Loss,-15.385871212986737,17.285714285714285,54.765504480899175,True,True,6.837537708180968,True
CEG,2021-09-15,Loss,-14.37666205395388,,54.45592675100873,True,False,4.326121537433026,True
CEG,2022-06-23,Loss,-23.651164284110674,20.035714285714285,48.34360071903571,True,False,4.5396521024025,True
CEG,2022-10-25,Loss,-15.579674755205234,71.89285714285714,51.83746149479168,True,True,3.3639875494171676,True
CEG,2023-01-23,Win,64.16260224377079,88.39285714285715,51.20878646747872,True,True,5.146158522954984,True
CEG,2023-07-17,Win,70.8827465075514,98.60714285714286,52.846204838469944,True,True,5.4391201433665275,True
CEG,2024-09-09,Win,52.73408990029088,72.67857142857142,57.28885576041485,True,False,5.21324756317618,True
CEG,2024-12-24,Win,71.98761293018491,99.0,62.876568567893756,True,False,3.8027017645933414,True
MO,2021-09-15,Loss,-14.37666205395388,,54.45592675100873,True,False,4.326121537433026,True
MO,2022-06-23,Loss,-23.651164284110674,20.035714285714285,48.34360071903571,True,False,4.5396521024025,True
MO,2022-10-25,Loss,-15.579674755205234,71.89285714285714,51.83746149479168,True,True,3.3639875494171676,True
MO,2023-01-23,Win,64.16260224377079,88.39285714285715,51.20878646747872,True,True,5.146158522954984,True
MO,2023-07-17,Win,70.8827465075514,98.60714285714286,52.846204838469944,True,True,5.4391201433665275,True
MO,2024-09-09,Win,52.73408990029088,72.67857142857142,57.28885576041485,True,False,5.21324756317618,True
MO,2024-12-24,Win,71.98761293018491,99.0,62.876568567893756,True,False,3.8027017645933414,True
PLD,2021-09-15,Loss,-14.37666205395388,,54.45592675100873,True,False,4.326121537433026,True
PLD,2022-06-23,Loss,-23.651164284110674,20.035714285714285,48.34360071903571,True,False,4.5396521024025,True
PLD,2022-10-25,Loss,-15.579674755205234,71.89285714285714,51.83746149479168,True,True,3.3639875494171676,True
PLD,2023-01-23,Win,64.16260224377079,88.39285714285715,51.20878646747872,True,True,5.146158522954984,True
PLD,2023-07-17,Win,70.8827465075514,98.60714285714286,52.846204838469944,True,True,5.4391201433665275,True
PLD,2024-09-09,Win,52.73408990029088,72.67857142857142,57.28885576041485,True,False,5.21324756317618,True
PLD,2024-12-24,Win,71.98761293018491,99.0,62.876568567893756,True,False,3.8027017645933414,True
CB,2021-09-15,Loss,-14.37666205395388,,54.45592675100873,True,False,4.326121537433026,True
CB,2022-06-23,Loss,-23.651164284110674,20.035714285714285,48.34360071903571,True,False,4.5396521024025,True
CB,2022-10-25,Loss,-15.579674755205234,71.89285714285714,51.83746149479168,True,True,3.3639875494171676,True
CB,2023-01-23,Win,64.16260224377079,88.39285714285715,51.20878646747872,True,True,5.146158522954984,True
CB,2023-07-17,Win,70.8827465075514,98.60714285714286,52.846204838469944,True,True,5.4391201433665275,True
CB,2024-09-09,Win,52.73408990029088,72.67857142857142,57.28885576041485,True,False,5.21324756317618,True
CB,2024-12-24,Win,71.98761293018491,99.0,62.876568567893756,True,False,3.8027017645933414,True
DHR,2015-11-18,Loss,-8.308423297676372,,61.42811731486149,True,False,5.615867919095029,True
DHR,2016-02-24,Win,30.137748921098307,67.57142857142857,50.121746221551966,True,True,4.872070439964901,True
DHR,2017-12-15,Win,41.95485994962091,99.0,57.793094519162835,True,False,8.785680965181514,True
DHR,2019-07-09,Win,21.464008901083087,66.78571428571429,54.54955606417826,True,True,6.505072287887532,True
DHR,2020-08-04,Win,32.59292630189541,47.14285714285714,53.36533179060376,True,True,7.8459102963088325,True
DHR,2021-08-05,Win,33.055245058033606,95.85714285714286,57.43972062983445,True,True,9.169521513803417,True
DHR,2022-07-06,Win,35.51040933075205,11.0,49.83185005592232,True,True,4.978939853816073,True
DHR,2023-12-18,Win,52.25520984357299,99.0,61.66196505165439,True,False,12.007634515962106,True
DHR,2025-02-04,Loss,-12.735448048973053,47.92857142857143,53.06399109617937,True,False,7.274369443745862,True
DHR,2025-05-02,Loss,-15.385871212986737,17.285714285714285,54.765504480899175,True,True,6.837537708180968,True
ICE,2015-12-04,Win,20.656651460816022,,52.492315346238236,True,False,4.8908948198681,True
ICE,2017-02-21,Loss,-8.040157126100267,85.25,58.73997216680752,True,False,8.613167189181224,True
ICE,2018-06-07,Win,21.60035788265633,24.75,42.705557211965086,True,True,5.187998912246132,True
ICE,2018-11-05,Win,49.18931902545294,99.0,58.834339085839616,True,False,8.022838843506953,True
ICE,2020-08-04,Win,36.0132573890216,51.07142857142858,47.829200637325414,True,False,8.667736509188844,True
ICE,2024-05-10,Loss,-9.829431548967309,84.07142857142857,56.88659991765592,True,True,8.41353942581998,True
DASH,2015-12-04,Win,20.656651460816022,,52.492315346238236,True,False,4.8908948198681,True
DASH,2017-02-21,Loss,-8.040157126100267,85.25,58.73997216680752,True,False,8.613167189181224,True
DASH,2018-06-07,Win,21.60035788265633,24.75,42.705557211965086,True,True,5.187998912246132,True
DASH,2018-11-05,Win,49.18931902545294,99.0,58.834339085839616,True,False,8.022838843506953,True
DASH,2020-08-04,Win,36.0132573890216,51.07142857142858,47.829200637325414,True,False,8.667736509188844,True
DASH,2024-05-10,Loss,-9.829431548967309,84.07142857142857,56.88659991765592,True,True,8.41353942581998,True
MMC,2015-12-04,Win,20.656651460816022,,52.492315346238236,True,False,4.8908948198681,True
MMC,2017-02-21,Loss,-8.040157126100267,85.25,58.73997216680752,True,False,8.613167189181224,True
MMC,2018-06-07,Win,21.60035788265633,24.75,42.705557211965086,True,True,5.187998912246132,True
MMC,2018-11-05,Win,49.18931902545294,99.0,58.834339085839616,True,False,8.022838843506953,True
MMC,2020-08-04,Win,36.0132573890216,51.07142857142858,47.829200637325414,True,False,8.667736509188844,True
MMC,2024-05-10,Loss,-9.829431548967309,84.07142857142857,56.88659991765592,True,True,8.41353942581998,True
SO,2015-12-04,Win,20.656651460816022,,52.492315346238236,True,False,4.8908948198681,True
SO,2017-02-21,Loss,-8.040157126100267,85.25,58.73997216680752,True,False,8.613167189181224,True
SO,2018-06-07,Win,21.60035788265633,24.75,42.705557211965086,True,True,5.187998912246132,True
SO,2018-11-05,Win,49.18931902545294,99.0,58.834339085839616,True,False,8.022838843506953,True
SO,2020-08-04,Win,36.0132573890216,51.07142857142858,47.829200637325414,True,False,8.667736509188844,True
SO,2024-05-10,Loss,-9.829431548967309,84.07142857142857,56.88659991765592,True,True,8.41353942581998,True
DUK,2015-12-04,Win,20.656651460816022,,52.492315346238236,True,False,4.8908948198681,True
DUK,2017-02-21,Loss,-8.040157126100267,85.25,58.73997216680752,True,False,8.613167189181224,True
DUK,2018-06-07,Win,21.60035788265633,24.75,42.705557211965086,True,True,5.187998912246132,True
DUK,2018-11-05,Win,49.18931902545294,99.0,58.834339085839616,True,False,8.022838843506953,True
DUK,2020-08-04,Win,36.0132573890216,51.07142857142858,47.829200637325414,True,False,8.667736509188844,True
DUK,2024-05-10,Loss,-9.829431548967309,84.07142857142857,56.88659991765592,True,True,8.41353942581998,True
CME,2015-12-04,Win,20.656651460816022,,52.492315346238236,True,False,4.8908948198681,True
CME,2017-02-21,Loss,-8.040157126100267,85.25,58.73997216680752,True,False,8.613167189181224,True
CME,2018-06-07,Win,21.60035788265633,24.75,42.705557211965086,True,True,5.187998912246132,True
CME,2018-11-05,Win,49.18931902545294,99.0,58.834339085839616,True,False,8.022838843506953,True
CME,2020-08-04,Win,36.0132573890216,51.07142857142858,47.829200637325414,True,False,8.667736509188844,True
CME,2024-05-10,Loss,-9.829431548967309,84.07142857142857,56.88659991765592,True,True,8.41353942581998,True
CDNS,2015-12-04,Win,20.656651460816022,,52.492315346238236,True,False,4.8908948198681,True
CDNS,2017-02-21,Loss,-8.040157126100267,85.25,58.73997216680752,True,False,8.613167189181224,True
CDNS,2018-06-07,Win,21.60035788265633,24.75,42.705557211965086,True,True,5.187998912246132,True
CDNS,2018-11-05,Win,49.18931902545294,99.0,58.834339085839616,True,False,8.022838843506953,True
CDNS,2020-08-04,Win,36.0132573890216,51.07142857142858,47.829200637325414,True,False,8.667736509188844,True
CDNS,2024-05-10,Loss,-9.829431548967309,84.07142857142857,56.88659991765592,True,True,8.41353942581998,True
CVS,2015-12-04,Win,20.656651460816022,,52.492315346238236,True,False,4.8908948198681,True
CVS,2017-02-21,Loss,-8.040157126100267,85.25,58.73997216680752,True,False,8.613167189181224,True
CVS,2018-06-07,Win,21.60035788265633,24.75,42.705557211965086,True,True,5.187998912246132,True
CVS,2018-11-05,Win,49.18931902545294,99.0,58.834339085839616,True,False,8.022838843506953,True
CVS,2020-08-04,Win,36.0132573890216,51.07142857142858,47.829200637325414,True,False,8.667736509188844,True
CVS,2024-05-10,Loss,-9.829431548967309,84.07142857142857,56.88659991765592,True,True,8.41353942581998,True
MCK,2015-12-04,Win,20.656651460816022,,52.492315346238236,True,False,4.8908948198681,True
MCK,2017-02-21,Loss,-8.040157126100267,85.25,58.73997216680752,True,False,8.613167189181224,True
MCK,2018-06-07,Win,21.60035788265633,24.75,42.705557211965086,True,True,5.187998912246132,True
MCK,2018-11-05,Win,49.18931902545294,99.0,58.834339085839616,True,False,8.022838843506953,True
MCK,2020-08-04,Win,36.0132573890216,51.07142857142858,47.829200637325414,True,False,8.667736509188844,True
MCK,2024-05-10,Loss,-9.829431548967309,84.07142857142857,56.88659991765592,True,True,8.41353942581998,True
ORLY,2016-02-17,Win,29.534881419531455,82.89285714285714,50.90132164335153,True,True,4.1765404151065875,True
ORLY,2016-11-29,Win,45.86776948617445,99.0,53.35145412146258,True,False,7.835546946553705,True
ORLY,2018-01-05,Loss,-6.515919093396645,98.60714285714286,52.6502670028239,True,False,5.221574754872505,True
ORLY,2018-04-17,Loss,-12.701742884370471,40.07142857142857,47.65235721914147,True,False,5.669608242112287,True
ORLY,2020-05-27,Win,33.30278878962377,88.78571428571429,49.905560655787056,True,True,4.405546592357312,True
ORLY,2021-05-03,Win,38.8478137142371,98.60714285714286,45.169602152946844,True,True,8.672421871522143,True
ORLY,2022-10-31,Loss,-13.899829066045838,28.67857142857143,49.55373970955818,True,False,6.587254735229174,True
ORLY,2023-04-03,Loss,-9.257945141895831,16.892857142857142,44.20537475977225,True,False,4.744632374222138,True
ORLY,2023-07-18,Loss,-12.352716666825819,45.17857142857143,50.25814523799096,True,False,6.940283731115115,True
ORLY,2025-07-01,Loss,-12.247468616407895,13.357142857142856,53.3080588990685,True,True,5.344036441071563,True
VRTX,2016-02-17,Win,29.534881419531455,82.89285714285714,50.90132164335153,True,True,4.1765404151065875,True
VRTX,2016-11-29,Win,45.86776948617445,99.0,53.35145412146258,True,False,7.835546946553705,True
VRTX,2018-01-05,Loss,-6.515919093396645,98.60714285714286,52.6502670028239,True,False,5.221574754872505,True
VRTX,2018-04-17,Loss,-12.701742884370471,40.07142857142857,47.65235721914147,True,False,5.669608242112287,True
VRTX,2020-05-27,Win,33.30278878962377,88.78571428571429,49.905560655787056,True,True,4.405546592357312,True
VRTX,2021-05-03,Win,38.8478137142371,98.60714285714286,45.169602152946844,True,True,8.672421871522143,True
VRTX,2022-10-31,Loss,-13.899829066045838,28.67857142857143,49.55373970955818,True,False,6.587254735229174,True
VRTX,2023-04-03,Loss,-9.257945141895831,16.892857142857142,44.20537475977225,True,False,4.744632374222138,True
VRTX,2023-07-18,Loss,-12.352716666825819,45.17857142857143,50.25814523799096,True,False,6.940283731115115,True
VRTX,2025-07-01,Loss,-12.247468616407895,13.357142857142856,53.3080588990685,True,True,5.344036441071563,True
HOOD,2016-02-17,Win,29.534881419531455,82.89285714285714,50.90132164335153,True,True,4.1765404151065875,True
HOOD,2016-11-29,Win,45.86776948617445,99.0,53.35145412146258,True,False,7.835546946553705,True
HOOD,2018-01-05,Loss,-6.515919093396645,98.60714285714286,52.6502670028239,True,False,5.221574754872505,True
HOOD,2018-04-17,Loss,-12.701742884370471,40.07142857142857,47.65235721914147,True,False,5.669608242112287,True
HOOD,2020-05-27,Win,33.30278878962377,88.78571428571429,49.905560655787056,True,True,4.405546592357312,True
HOOD,2021-05-03,Win,38.8478137142371,98.60714285714286,45.169602152946844,True,True,8.672421871522143,True
HOOD,2022-10-31,Loss,-13.899829066045838,28.67857142857143,49.55373970955818,True,False,6.587254735229174,True
HOOD,2023-04-03,Loss,-9.257945141895831,16.892857142857142,44.20537475977225,True,False,4.744632374222138,True
HOOD,2023-07-18,Loss,-12.352716666825819,45.17857142857143,50.25814523799096,True,False,6.940283731115115,True
HOOD,2025-07-01,Loss,-12.247468616407895,13.357142857142856,53.3080588990685,True,True,5.344036441071563,True
NEM,2016-02-17,Win,29.534881419531455,82.89285714285714,50.90132164335153,True,True,4.1765404151065875,True
NEM,2016-11-29,Win,45.86776948617445,99.0,53.35145412146258,True,False,7.835546946553705,True
NEM,2018-01-05,Loss,-6.515919093396645,98.60714285714286,52.6502670028239,True,False,5.221574754872505,True
NEM,2018-04-17,Loss,-12.701742884370471,40.07142857142857,47.65235721914147,True,False,5.669608242112287,True
NEM,2020-05-27,Win,33.30278878962377,88.78571428571429,49.905560655787056,True,True,4.405546592357312,True
NEM,2021-05-03,Win,38.8478137142371,98.60714285714286,45.169602152946844,True,True,8.672421871522143,True
NEM,2022-10-31,Loss,-13.899829066045838,28.67857142857143,49.55373970955818,True,False,6.587254735229174,True
NEM,2023-04-03,Loss,-9.257945141895831,16.892857142857142,44.20537475977225,True,False,4.744632374222138,True
NEM,2023-07-18,Loss,-12.352716666825819,45.17857142857143,50.25814523799096,True,False,6.940283731115115,True
NEM,2025-07-01,Loss,-12.247468616407895,13.357142857142856,53.3080588990685,True,True,5.344036441071563,True
BMY,2016-02-17,Win,29.534881419531455,82.89285714285714,50.90132164335153,True,True,4.1765404151065875,True
BMY,2016-11-29,Win,45.86776948617445,99.0,53.35145412146258,True,False,7.835546946553705,True
BMY,2018-01-05,Loss,-6.515919093396645,98.60714285714286,52.6502670028239,True,False,5.221574754872505,True
BMY,2018-04-17,Loss,-12.701742884370471,40.07142857142857,47.65235721914147,True,False,5.669608242112287,True
BMY,2020-05-27,Win,33.30278878962377,88.78571428571429,49.905560655787056,True,True,4.405546592357312,True
BMY,2021-05-03,Win,38.8478137142371,98.60714285714286,45.169602152946844,True,True,8.672421871522143,True
BMY,2022-10-31,Loss,-13.899829066045838,28.67857142857143,49.55373970955818,True,False,6.587254735229174,True
BMY,2023-04-03,Loss,-9.257945141895831,16.892857142857142,44.20537475977225,True,False,4.744632374222138,True
BMY,2023-07-18,Loss,-12.352716666825819,45.17857142857143,50.25814523799096,True,False,6.940283731115115,True
BMY,2025-07-01,Loss,-12.247468616407895,13.357142857142856,53.3080588990685,True,True,5.344036441071563,True
PH,2016-02-17,Win,29.534881419531455,82.89285714285714,50.90132164335153,True,True,4.1765404151065875,True
PH,2016-11-29,Win,45.86776948617445,99.0,53.35145412146258,True,False,7.835546946553705,True
PH,2018-01-05,Loss,-6.515919093396645,98.60714285714286,52.6502670028239,True,False,5.221574754872505,True
PH,2018-04-17,Loss,-12.701742884370471,40.07142857142857,47.65235721914147,True,False,5.669608242112287,True
PH,2020-05-27,Win,33.30278878962377,88.78571428571429,49.905560655787056,True,True,4.405546592357312,True
PH,2021-05-03,Win,38.8478137142371,98.60714285714286,45.169602152946844,True,True,8.672421871522143,True
PH,2022-10-31,Loss,-13.899829066045838,28.67857142857143,49.55373970955818,True,False,6.587254735229174,True
PH,2023-04-03,Loss,-9.257945141895831,16.892857142857142,44.20537475977225,True,False,4.744632374222138,True
PH,2023-07-18,Loss,-12.352716666825819,45.17857142857143,50.25814523799096,True,False,6.940283731115115,True
PH,2025-07-01,Loss,-12.247468616407895,13.357142857142856,53.3080588990685,True,True,5.344036441071563,True
SBUX,2016-02-17,Win,29.534881419531455,82.89285714285714,50.90132164335153,True,True,4.1765404151065875,True
SBUX,2016-11-29,Win,45.86776948617445,99.0,53.35145412146258,True,False,7.835546946553705,True
SBUX,2018-01-05,Loss,-6.515919093396645,98.60714285714286,52.6502670028239,True,False,5.221574754872505,True
SBUX,2018-04-17,Loss,-12.701742884370471,40.07142857142857,47.65235721914147,True,False,5.669608242112287,True
SBUX,2020-05-27,Win,33.30278878962377,88.78571428571429,49.905560655787056,True,True,4.405546592357312,True
SBUX,2021-05-03,Win,38.8478137142371,98.60714285714286,45.169602152946844,True,True,8.672421871522143,True
SBUX,2022-10-31,Loss,-13.899829066045838,28.67857142857143,49.55373970955818,True,False,6.587254735229174,True
SBUX,2023-04-03,Loss,-9.257945141895831,16.892857142857142,44.20537475977225,True,False,4.744632374222138,True
SBUX,2023-07-18,Loss,-12.352716666825819,45.17857142857143,50.25814523799096,True,False,6.940283731115115,True
SBUX,2025-07-01,Loss,-12.247468616407895,13.357142857142856,53.3080588990685,True,True,5.344036441071563,True
AMT,2016-02-17,Win,29.534881419531455,82.89285714285714,50.90132164335153,True,True,4.1765404151065875,True
AMT,2016-11-29,Win,45.86776948617445,99.0,53.35145412146258,True,False,7.835546946553705,True
AMT,2018-01-05,Loss,-6.515919093396645,98.60714285714286,52.6502670028239,True,False,5.221574754872505,True
AMT,2018-04-17,Loss,-12.701742884370471,40.07142857142857,47.65235721914147,True,False,5.669608242112287,True
AMT,2020-05-27,Win,33.30278878962377,88.78571428571429,49.905560655787056,True,True,4.405546592357312,True
AMT,2021-05-03,Win,38.8478137142371,98.60714285714286,45.169602152946844,True,True,8.672421871522143,True
AMT,2022-10-31,Loss,-13.899829066045838,28.67857142857143,49.55373970955818,True,False,6.587254735229174,True
AMT,2023-04-03,Loss,-9.257945141895831,16.892857142857142,44.20537475977225,True,False,4.744632374222138,True
AMT,2023-07-18,Loss,-12.352716666825819,45.17857142857143,50.25814523799096,True,False,6.940283731115115,True
AMT,2025-07-01,Loss,-12.247468616407895,13.357142857142856,53.3080588990685,True,True,5.344036441071563,True
SNPS,2016-02-17,Win,29.534881419531455,82.89285714285714,50.90132164335153,True,True,4.1765404151065875,True
SNPS,2016-11-29,Win,45.86776948617445,99.0,53.35145412146258,True,False,7.835546946553705,True
SNPS,2018-01-05,Loss,-6.515919093396645,98.60714285714286,52.6502670028239,True,False,5.221574754872505,True
SNPS,2018-04-17,Loss,-12.701742884370471,40.07142857142857,47.65235721914147,True,False,5.669608242112287,True
SNPS,2020-05-27,Win,33.30278878962377,88.78571428571429,49.905560655787056,True,True,4.405546592357312,True
SNPS,2021-05-03,Win,38.8478137142371,98.60714285714286,45.169602152946844,True,True,8.672421871522143,True
SNPS,2022-10-31,Loss,-13.899829066045838,28.67857142857143,49.55373970955818,True,False,6.587254735229174,True
SNPS,2023-04-03,Loss,-9.257945141895831,16.892857142857142,44.20537475977225,True,False,4.744632374222138,True
SNPS,2023-07-18,Loss,-12.352716666825819,45.17857142857143,50.25814523799096,True,False,6.940283731115115,True
SNPS,2025-07-01,Loss,-12.247468616407895,13.357142857142856,53.3080588990685,True,True,5.344036441071563,True
WM,2015-12-29,Loss,-7.423222287131227,,55.720198293724884,True,True,4.750017109951196,True
WM,2016-02-26,Loss,-10.384117439699713,75.03571428571428,51.531184501934845,True,True,5.619912629411607,True
WM,2017-09-25,Loss,-8.88175493629979,16.107142857142858,50.57750679533899,True,False,5.829246445645959,True
WM,2018-01-03,Loss,-6.908283297271682,9.821428571428571,41.511545725503694,True,True,4.906836589552698,True
WM,2018-04-19,Loss,-10.826300628297341,27.892857142857142,42.01364829428476,True,True,3.9932941871129377,True
WM,2018-10-05,Loss,-16.647939529690415,97.42857142857142,46.39278221233403,True,False,4.829996899633257,True
WM,2019-01-02,Win,57.09929028575055,18.857142857142858,39.45077099155518,True,True,3.866498786945867,True
WM,2020-01-29,Loss,-16.99537250618706,99.0,56.170381475612466,True,False,7.8743780093952225,True
WM,2020-05-27,Win,78.99585239059076,18.464285714285715,43.278676469828795,True,False,6.652074989881392,True
WM,2021-03-03,Loss,-20.958342893372304,98.21428571428572,50.2584747067375,True,False,6.6166479829404725,True
WM,2022-07-26,Win,53.60906703875409,14.928571428571427,51.70471752363396,True,True,6.54115528464017,True
WM,2023-03-02,Win,25.584005729277116,95.85714285714286,63.13911135366874,True,True,3.9211788163191663,True
WM,2023-06-30,Win,29.498590515786095,99.0,54.17073967118,True,True,5.756358778151053,True
WM,2024-02-15,Win,49.43522176939695,46.75,63.48393095535205,True,False,10.391206262226794,True
WM,2024-09-13,Win,35.17242675271064,60.50000000000001,52.94327679194962,True,False,4.62502386938766,True
AJG,2015-12-29,Loss,-7.423222287131227,,55.720198293724884,True,True,4.750017109951196,True
AJG,2016-02-26,Loss,-10.384117439699713,75.03571428571428,51.531184501934845,True,True,5.619912629411607,True
AJG,2017-09-25,Loss,-8.88175493629979,16.107142857142858,50.57750679533899,True,False,5.829246445645959,True
AJG,2018-01-03,Loss,-6.908283297271682,9.821428571428571,41.511545725503694,True,True,4.906836589552698,True
AJG,2018-04-19,Loss,-10.826300628297341,27.892857142857142,42.01364829428476,True,True,3.9932941871129377,True
AJG,2018-10-05,Loss,-16.647939529690415,97.42857142857142,46.39278221233403,True,False,4.829996899633257,True
AJG,2019-01-02,Win,57.09929028575055,18.857142857142858,39.45077099155518,True,True,3.866498786945867,True
AJG,2020-01-29,Loss,-16.99537250618706,99.0,56.170381475612466,True,False,7.8743780093952225,True
AJG,2020-05-27,Win,78.99585239059076,18.464285714285715,43.278676469828795,True,False,6.652074989881392,True
AJG,2021-03-03,Loss,-20.958342893372304,98.21428571428572,50.2584747067375,True,False,6.6166479829404725,True
AJG,2022-07-26,Win,53.60906703875409,14.928571428571427,51.70471752363396,True,True,6.54115528464017,True
AJG,2023-03-02,Win,25.584005729277116,95.85714285714286,63.13911135366874,True,True,3.9211788163191663,True
AJG,2023-06-30,Win,29.498590515786095,99.0,54.17073967118,True,True,5.756358778151053,True
AJG,2024-02-15,Win,49.43522176939695,46.75,63.48393095535205,True,False,10.391206262226794,True
AJG,2024-09-13,Win,35.17242675271064,60.50000000000001,52.94327679194962,True,False,4.62502386938766,True
NOC,2015-12-29,Loss,-7.423222287131227,,55.720198293724884,True,True,4.750017109951196,True
NOC,2016-02-26,Loss,-10.384117439699713,75.03571428571428,51.531184501934845,True,True,5.619912629411607,True
NOC,2017-09-25,Loss,-8.88175493629979,16.107142857142858,50.57750679533899,True,False,5.829246445645959,True
NOC,2018-01-03,Loss,-6.908283297271682,9.821428571428571,41.511545725503694,True,True,4.906836589552698,True
NOC,2018-04-19,Loss,-10.826300628297341,27.892857142857142,42.01364829428476,True,True,3.9932941871129377,True
NOC,2018-10-05,Loss,-16.647939529690415,97.42857142857142,46.39278221233403,True,False,4.829996899633257,True
NOC,2019-01-02,Win,57.09929028575055,18.857142857142858,39.45077099155518,True,True,3.866498786945867,True
NOC,2020-01-29,Loss,-16.99537250618706,99.0,56.170381475612466,True,False,7.8743780093952225,True
NOC,2020-05-27,Win,78.99585239059076,18.464285714285715,43.278676469828795,True,False,6.652074989881392,True
NOC,2021-03-03,Loss,-20.958342893372304,98.21428571428572,50.2584747067375,True,False,6.6166479829404725,True
NOC,2022-07-26,Win,53.60906703875409,14.928571428571427,51.70471752363396,True,True,6.54115528464017,True
NOC,2023-03-02,Win,25.584005729277116,95.85714285714286,63.13911135366874,True,True,3.9211788163191663,True
NOC,2023-06-30,Win,29.498590515786095,99.0,54.17073967118,True,True,5.756358778151053,True
NOC,2024-02-15,Win,49.43522176939695,46.75,63.48393095535205,True,False,10.391206262226794,True
NOC,2024-09-13,Win,35.17242675271064,60.50000000000001,52.94327679194962,True,False,4.62502386938766,True
MMM,2015-12-29,Loss,-7.423222287131227,,55.720198293724884,True,True,4.750017109951196,True
MMM,2016-02-26,Loss,-10.384117439699713,75.03571428571428,51.531184501934845,True,True,5.619912629411607,True
MMM,2017-09-25,Loss,-8.88175493629979,16.107142857142858,50.57750679533899,True,False,5.829246445645959,True
MMM,2018-01-03,Loss,-6.908283297271682,9.821428571428571,41.511545725503694,True,True,4.906836589552698,True
MMM,2018-04-19,Loss,-10.826300628297341,27.892857142857142,42.01364829428476,True,True,3.9932941871129377,True
MMM,2018-10-05,Loss,-16.647939529690415,97.42857142857142,46.39278221233403,True,False,4.829996899633257,True
MMM,2019-01-02,Win,57.09929028575055,18.857142857142858,39.45077099155518,True,True,3.866498786945867,True
MMM,2020-01-29,Loss,-16.99537250618706,99.0,56.170381475612466,True,False,7.8743780093952225,True
MMM,2020-05-27,Win,78.99585239059076,18.464285714285715,43.278676469828795,True,False,6.652074989881392,True
MMM,2021-03-03,Loss,-20.958342893372304,98.21428571428572,50.2584747067375,True,False,6.6166479829404725,True
MMM,2022-07-26,Win,53.60906703875409,14.928571428571427,51.70471752363396,True,True,6.54115528464017,True
MMM,2023-03-02,Win,25.584005729277116,95.85714285714286,63.13911135366874,True,True,3.9211788163191663,True
MMM,2023-06-30,Win,29.498590515786095,99.0,54.17073967118,True,True,5.756358778151053,True
MMM,2024-02-15,Win,49.43522176939695,46.75,63.48393095535205,True,False,10.391206262226794,True
MMM,2024-09-13,Win,35.17242675271064,60.50000000000001,52.94327679194962,True,False,4.62502386938766,True
RBLX,2015-12-29,Loss,-7.423222287131227,,55.720198293724884,True,True,4.750017109951196,True
RBLX,2016-02-26,Loss,-10.384117439699713,75.03571428571428,51.531184501934845,True,True,5.619912629411607,True
RBLX,2017-09-25,Loss,-8.88175493629979,16.107142857142858,50.57750679533899,True,False,5.829246445645959,True
RBLX,2018-01-03,Loss,-6.908283297271682,9.821428571428571,41.511545725503694,True,True,4.906836589552698,True
RBLX,2018-04-19,Loss,-10.826300628297341,27.892857142857142,42.01364829428476,True,True,3.9932941871129377,True
RBLX,2018-10-05,Loss,-16.647939529690415,97.42857142857142,46.39278221233403,True,False,4.829996899633257,True
RBLX,2019-01-02,Win,57.09929028575055,18.857142857142858,39.45077099155518,True,True,3.866498786945867,True
RBLX,2020-01-29,Loss,-16.99537250618706,99.0,56.170381475612466,True,False,7.8743780093952225,True
RBLX,2020-05-27,Win,78.99585239059076,18.464285714285715,43.278676469828795,True,False,6.652074989881392,True
RBLX,2021-03-03,Loss,-20.958342893372304,98.21428571428572,50.2584747067375,True,False,6.6166479829404725,True
RBLX,2022-07-26,Win,53.60906703875409,14.928571428571427,51.70471752363396,True,True,6.54115528464017,True
RBLX,2023-03-02,Win,25.584005729277116,95.85714285714286,63.13911135366874,True,True,3.9211788163191663,True
RBLX,2023-06-30,Win,29.498590515786095,99.0,54.17073967118,True,True,5.756358778151053,True
RBLX,2024-02-15,Win,49.43522176939695,46.75,63.48393095535205,True,False,10.391206262226794,True
RBLX,2024-09-13,Win,35.17242675271064,60.50000000000001,52.94327679194962,True,False,4.62502386938766,True
PNC,2015-12-29,Loss,-7.423222287131227,,55.720198293724884,True,True,4.750017109951196,True
PNC,2016-02-26,Loss,-10.384117439699713,75.03571428571428,51.531184501934845,True,True,5.619912629411607,True
PNC,2017-09-25,Loss,-8.88175493629979,16.107142857142858,50.57750679533899,True,False,5.829246445645959,True
PNC,2018-01-03,Loss,-6.908283297271682,9.821428571428571,41.511545725503694,True,True,4.906836589552698,True
PNC,2018-04-19,Loss,-10.826300628297341,27.892857142857142,42.01364829428476,True,True,3.9932941871129377,True
PNC,2018-10-05,Loss,-16.647939529690415,97.42857142857142,46.39278221233403,True,False,4.829996899633257,True
PNC,2019-01-02,Win,57.09929028575055,18.857142857142858,39.45077099155518,True,True,3.866498786945867,True
PNC,2020-01-29,Loss,-16.99537250618706,99.0,56.170381475612466,True,False,7.8743780093952225,True
PNC,2020-05-27,Win,78.99585239059076,18.464285714285715,43.278676469828795,True,False,6.652074989881392,True
PNC,2021-03-03,Loss,-20.958342893372304,98.21428571428572,50.2584747067375,True,False,6.6166479829404725,True
PNC,2022-07-26,Win,53.60906703875409,14.928571428571427,51.70471752363396,True,True,6.54115528464017,True
PNC,2023-03-02,Win,25.584005729277116,95.85714285714286,63.13911135366874,True,True,3.9211788163191663,True
PNC,2023-06-30,Win,29.498590515786095,99.0,54.17073967118,True,True,5.756358778151053,True
PNC,2024-02-15,Win,49.43522176939695,46.75,63.48393095535205,True,False,10.391206262226794,True
PNC,2024-09-13,Win,35.17242675271064,60.50000000000001,52.94327679194962,True,False,4.62502386938766,True
RCL,2015-12-29,Loss,-7.423222287131227,,55.720198293724884,True,True,4.750017109951196,True
RCL,2016-02-26,Loss,-10.384117439699713,75.03571428571428,51.531184501934845,True,True,5.619912629411607,True
RCL,2017-09-25,Loss,-8.88175493629979,16.107142857142858,50.57750679533899,True,False,5.829246445645959,True
RCL,2018-01-03,Loss,-6.908283297271682,9.821428571428571,41.511545725503694,True,True,4.906836589552698,True
RCL,2018-04-19,Loss,-10.826300628297341,27.892857142857142,42.01364829428476,True,True,3.9932941871129377,True
RCL,2018-10-05,Loss,-16.647939529690415,97.42857142857142,46.39278221233403,True,False,4.829996899633257,True
RCL,2019-01-02,Win,57.09929028575055,18.857142857142858,39.45077099155518,True,True,3.866498786945867,True
RCL,2020-01-29,Loss,-16.99537250618706,99.0,56.170381475612466,True,False,7.8743780093952225,True
RCL,2020-05-27,Win,78.99585239059076,18.464285714285715,43.278676469828795,True,False,6.652074989881392,True
RCL,2021-03-03,Loss,-20.958342893372304,98.21428571428572,50.2584747067375,True,False,6.6166479829404725,True
RCL,2022-07-26,Win,53.60906703875409,14.928571428571427,51.70471752363396,True,True,6.54115528464017,True
RCL,2023-03-02,Win,25.584005729277116,95.85714285714286,63.13911135366874,True,True,3.9211788163191663,True
RCL,2023-06-30,Win,29.498590515786095,99.0,54.17073967118,True,True,5.756358778151053,True
RCL,2024-02-15,Win,49.43522176939695,46.75,63.48393095535205,True,False,10.391206262226794,True
RCL,2024-09-13,Win,35.17242675271064,60.50000000000001,52.94327679194962,True,False,4.62502386938766,True
GD,2015-12-29,Loss,-7.423222287131227,,55.720198293724884,True,True,4.750017109951196,True
GD,2016-02-26,Loss,-10.384117439699713,75.03571428571428,51.531184501934845,True,True,5.619912629411607,True
GD,2017-09-25,Loss,-8.88175493629979,16.107142857142858,50.57750679533899,True,False,5.829246445645959,True
GD,2018-01-03,Loss,-6.908283297271682,9.821428571428571,41.511545725503694,True,True,4.906836589552698,True
GD,2018-04-19,Loss,-10.826300628297341,27.892857142857142,42.01364829428476,True,True,3.9932941871129377,True
GD,2018-10-05,Loss,-16.647939529690415,97.42857142857142,46.39278221233403,True,False,4.829996899633257,True
GD,2019-01-02,Win,57.09929028575055,18.857142857142858,39.45077099155518,True,True,3.866498786945867,True
GD,2020-01-29,Loss,-16.99537250618706,99.0,56.170381475612466,True,False,7.8743780093952225,True
GD,2020-05-27,Win,78.99585239059076,18.464285714285715,43.278676469828795,True,False,6.652074989881392,True
GD,2021-03-03,Loss,-20.958342893372304,98.21428571428572,50.2584747067375,True,False,6.6166479829404725,True
GD,2022-07-26,Win,53.60906703875409,14.928571428571427,51.70471752363396,True,True,6.54115528464017,True
GD,2023-03-02,Win,25.584005729277116,95.85714285714286,63.13911135366874,True,True,3.9211788163191663,True
GD,2023-06-30,Win,29.498590515786095,99.0,54.17073967118,True,True,5.756358778151053,True
GD,2024-02-15,Win,49.43522176939695,46.75,63.48393095535205,True,False,10.391206262226794,True
GD,2024-09-13,Win,35.17242675271064,60.50000000000001,52.94327679194962,True,False,4.62502386938766,True
MSTR,2015-12-29,Loss,-7.423222287131227,,55.720198293724884,True,True,4.750017109951196,True
MSTR,2016-02-26,Loss,-10.384117439699713,75.03571428571428,51.531184501934845,True,True,5.619912629411607,True
MSTR,2017-09-25,Loss,-8.88175493629979,16.107142857142858,50.57750679533899,True,False,5.829246445645959,True
MSTR,2018-01-03,Loss,-6.908283297271682,9.821428571428571,41.511545725503694,True,True,4.906836589552698,True
MSTR,2018-04-19,Loss,-10.826300628297341,27.892857142857142,42.01364829428476,True,True,3.9932941871129377,True
MSTR,2018-10-05,Loss,-16.647939529690415,97.42857142857142,46.39278221233403,True,False,4.829996899633257,True
MSTR,2019-01-02,Win,57.09929028575055,18.857142857142858,39.45077099155518,True,True,3.866498786945867,True
MSTR,2020-01-29,Loss,-16.99537250618706,99.0,56.170381475612466,True,False,7.8743780093952225,True
MSTR,2020-05-27,Win,78.99585239059076,18.464285714285715,43.278676469828795,True,False,6.652074989881392,True
MSTR,2021-03-03,Loss,-20.958342893372304,98.21428571428572,50.2584747067375,True,False,6.6166479829404725,True
MSTR,2022-07-26,Win,53.60906703875409,14.928571428571427,51.70471752363396,True,True,6.54115528464017,True
MSTR,2023-03-02,Win,25.584005729277116,95.85714285714286,63.13911135366874,True,True,3.9211788163191663,True
MSTR,2023-06-30,Win,29.498590515786095,99.0,54.17073967118,True,True,5.756358778151053,True
MSTR,2024-02-15,Win,49.43522176939695,46.75,63.48393095535205,True,False,10.391206262226794,True
MSTR,2024-09-13,Win,35.17242675271064,60.50000000000001,52.94327679194962,True,False,4.62502386938766,True
MDLZ,2015-12-29,Loss,-7.423222287131227,,55.720198293724884,True,True,4.750017109951196,True
MDLZ,2016-02-26,Loss,-10.384117439699713,75.03571428571428,51.531184501934845,True,True,5.619912629411607,True
MDLZ,2017-09-25,Loss,-8.88175493629979,16.107142857142858,50.57750679533899,True,False,5.829246445645959,True
MDLZ,2018-01-03,Loss,-6.908283297271682,9.821428571428571,41.511545725503694,True,True,4.906836589552698,True
MDLZ,2018-04-19,Loss,-10.826300628297341,27.892857142857142,42.01364829428476,True,True,3.9932941871129377,True
MDLZ,2018-10-05,Loss,-16.647939529690415,97.42857142857142,46.39278221233403,True,False,4.829996899633257,True
MDLZ,2019-01-02,Win,57.09929028575055,18.857142857142858,39.45077099155518,True,True,3.866498786945867,True
MDLZ,2020-01-29,Loss,-16.99537250618706,99.0,56.170381475612466,True,False,7.8743780093952225,True
MDLZ,2020-05-27,Win,78.99585239059076,18.464285714285715,43.278676469828795,True,False,6.652074989881392,True
MDLZ,2021-03-03,Loss,-20.958342893372304,98.21428571428572,50.2584747067375,True,False,6.6166479829404725,True
MDLZ,2022-07-26,Win,53.60906703875409,14.928571428571427,51.70471752363396,True,True,6.54115528464017,True
MDLZ,2023-03-02,Win,25.584005729277116,95.85714285714286,63.13911135366874,True,True,3.9211788163191663,True
MDLZ,2023-06-30,Win,29.498590515786095,99.0,54.17073967118,True,True,5.756358778151053,True
MDLZ,2024-02-15,Win,49.43522176939695,46.75,63.48393095535205,True,False,10.391206262226794,True
MDLZ,2024-09-13,Win,35.17242675271064,60.50000000000001,52.94327679194962,True,False,4.62502386938766,True
EQIX,2016-03-02,Win,36.070148805590826,11.392857142857142,48.388444693503345,True,False,5.994246245837657,True
EQIX,2018-01-22,Loss,-9.070297837690807,97.42857142857142,49.74027815335558,True,True,6.720919310124226,True
EQIX,2018-05-09,Loss,-9.064823380284162,19.25,45.38912445448433,True,False,4.760781807038274,True
EQIX,2019-01-14,Loss,-12.92937818459424,15.321428571428571,45.788576853786815,True,True,5.292614165302641,True
EQIX,2020-04-09,Loss,-25.88012528547906,9.035714285714285,45.17184881894314,True,False,4.503586853276556,True
EQIX,2020-06-03,Loss,-25.216803797215448,22.392857142857142,42.740093300101655,True,True,6.6522935509091905,True
EQIX,2020-11-16,Win,56.00213660534467,69.92857142857143,46.87023778140176,True,True,6.306319545240858,True
EQIX,2021-03-10,Win,59.55584204828707,96.64285714285714,50.05100614645546,True,False,6.630718310019812,True
EQIX,2024-04-19,Loss,-10.135532549072057,97.03571428571428,58.61285935412551,True,False,4.879494807844918,True
EQIX,2024-08-30,Win,49.74656685444352,40.857142857142854,55.188540660399596,True,True,9.716426466407608,True
CRH,2016-03-02,Win,36.070148805590826,11.392857142857142,48.388444693503345,True,False,5.994246245837657,True
CRH,2018-01-22,Loss,-9.070297837690807,97.42857142857142,49.74027815335558,True,True,6.720919310124226,True
CRH,2018-05-09,Loss,-9.064823380284162,19.25,45.38912445448433,True,False,4.760781807038274,True
CRH,2019-01-14,Loss,-12.92937818459424,15.321428571428571,45.788576853786815,True,True,5.292614165302641,True
CRH,2020-04-09,Loss,-25.88012528547906,9.035714285714285,45.17184881894314,True,False,4.503586853276556,True
CRH,2020-06-03,Loss,-25.216803797215448,22.392857142857142,42.740093300101655,True,True,6.6522935509091905,True
CRH,2020-11-16,Win,56.00213660534467,69.92857142857143,46.87023778140176,True,True,6.306319545240858,True
CRH,2021-03-10,Win,59.55584204828707,96.64285714285714,50.05100614645546,True,False,6.630718310019812,True
CRH,2024-04-19,Loss,-10.135532549072057,97.03571428571428,58.61285935412551,True,False,4.879494807844918,True
CRH,2024-08-30,Win,49.74656685444352,40.857142857142854,55.188540660399596,True,True,9.716426466407608,True
ITW,2016-03-02,Win,36.070148805590826,11.392857142857142,48.388444693503345,True,False,5.994246245837657,True
ITW,2018-01-22,Loss,-9.070297837690807,97.42857142857142,49.74027815335558,True,True,6.720919310124226,True
ITW,2018-05-09,Loss,-9.064823380284162,19.25,45.38912445448433,True,False,4.760781807038274,True
ITW,2019-01-14,Loss,-12.92937818459424,15.321428571428571,45.788576853786815,True,True,5.292614165302641,True
ITW,2020-04-09,Loss,-25.88012528547906,9.035714285714285,45.17184881894314,True,False,4.503586853276556,True
ITW,2020-06-03,Loss,-25.216803797215448,22.392857142857142,42.740093300101655,True,True,6.6522935509091905,True
ITW,2020-11-16,Win,56.00213660534467,69.92857142857143,46.87023778140176,True,True,6.306319545240858,True
ITW,2021-03-10,Win,59.55584204828707,96.64285714285714,50.05100614645546,True,False,6.630718310019812,True
ITW,2024-04-19,Loss,-10.135532549072057,97.03571428571428,58.61285935412551,True,False,4.879494807844918,True
ITW,2024-08-30,Win,49.74656685444352,40.857142857142854,55.188540660399596,True,True,9.716426466407608,True
NKE,2016-02-12,Win,37.02743419901965,8.25,46.18044556050872,True,False,4.913786415437727,True
NKE,2017-02-21,Win,40.801110895697526,99.0,55.02652910583484,True,False,10.618515418633827,True
NKE,2018-05-10,Loss,-9.746892872606807,95.46428571428572,48.143788711421934,True,True,4.357196948211149,True
NKE,2018-08-08,Win,25.44808515811288,35.35714285714286,52.25661831337241,True,True,4.972626917813701,True
NKE,2019-04-01,Loss,-9.967628644966018,95.07142857142857,59.104370874859754,True,True,6.8258783294121725,True
NKE,2019-11-06,Loss,-7.522300341331843,18.464285714285715,48.08205968253773,True,False,5.686148527066262,True
NKE,2019-12-18,Loss,-8.807899112984115,14.928571428571427,46.928995084882644,True,False,6.390231066051525,True
NKE,2020-04-06,Win,72.23913458499227,7.857142857142857,52.189374146432755,True,True,4.193910356998411,True
NKE,2025-01-23,Loss,-10.421444777149643,93.89285714285714,55.65398562618653,True,True,8.054450828450916,True
BK,2016-02-12,Win,37.02743419901965,8.25,46.18044556050872,True,False,4.913786415437727,True
BK,2017-02-21,Win,40.801110895697526,99.0,55.02652910583484,True,False,10.618515418633827,True
BK,2018-05-10,Loss,-9.746892872606807,95.46428571428572,48.143788711421934,True,True,4.357196948211149,True
BK,2018-08-08,Win,25.44808515811288,35.35714285714286,52.25661831337241,True,True,4.972626917813701,True
BK,2019-04-01,Loss,-9.967628644966018,95.07142857142857,59.104370874859754,True,True,6.8258783294121725,True
BK,2019-11-06,Loss,-7.522300341331843,18.464285714285715,48.08205968253773,True,False,5.686148527066262,True
BK,2019-12-18,Loss,-8.807899112984115,14.928571428571427,46.928995084882644,True,False,6.390231066051525,True
BK,2020-04-06,Win,72.23913458499227,7.857142857142857,52.189374146432755,True,True,4.193910356998411,True
BK,2025-01-23,Loss,-10.421444777149643,93.89285714285714,55.65398562618653,True,True,8.054450828450916,True
MCO,2016-02-12,Win,37.02743419901965,8.25,46.18044556050872,True,False,4.913786415437727,True
MCO,2017-02-21,Win,40.801110895697526,99.0,55.02652910583484,True,False,10.618515418633827,True
MCO,2018-05-10,Loss,-9.746892872606807,95.46428571428572,48.143788711421934,True,True,4.357196948211149,True
MCO,2018-08-08,Win,25.44808515811288,35.35714285714286,52.25661831337241,True,True,4.972626917813701,True
MCO,2019-04-01,Loss,-9.967628644966018,95.07142857142857,59.104370874859754,True,True,6.8258783294121725,True
MCO,2019-11-06,Loss,-7.522300341331843,18.464285714285715,48.08205968253773,True,False,5.686148527066262,True
MCO,2019-12-18,Loss,-8.807899112984115,14.928571428571427,46.928995084882644,True,False,6.390231066051525,True
MCO,2020-04-06,Win,72.23913458499227,7.857142857142857,52.189374146432755,True,True,4.193910356998411,True
MCO,2025-01-23,Loss,-10.421444777149643,93.89285714285714,55.65398562618653,True,True,8.054450828450916,True
SHW,2016-02-12,Win,37.02743419901965,8.25,46.18044556050872,True,False,4.913786415437727,True
SHW,2017-02-21,Win,40.801110895697526,99.0,55.02652910583484,True,False,10.618515418633827,True
SHW,2018-05-10,Loss,-9.746892872606807,95.46428571428572,48.143788711421934,True,True,4.357196948211149,True
SHW,2018-08-08,Win,25.44808515811288,35.35714285714286,52.25661831337241,True,True,4.972626917813701,True
SHW,2019-04-01,Loss,-9.967628644966018,95.07142857142857,59.104370874859754,True,True,6.8258783294121725,True
SHW,2019-11-06,Loss,-7.522300341331843,18.464285714285715,48.08205968253773,True,False,5.686148527066262,True
SHW,2019-12-18,Loss,-8.807899112984115,14.928571428571427,46.928995084882644,True,False,6.390231066051525,True
SHW,2020-04-06,Win,72.23913458499227,7.857142857142857,52.189374146432755,True,True,4.193910356998411,True
SHW,2025-01-23,Loss,-10.421444777149643,93.89285714285714,55.65398562618653,True,True,8.054450828450916,True
WMB,2015-12-04,Win,21.380174394699406,,54.87947396949595,True,False,4.775330111947029,True
WMB,2018-11-05,Loss,-10.936538966467873,98.21428571428572,54.541002504353095,True,False,6.355495349334246,True
WMB,2020-06-03,Win,34.84763282243057,14.535714285714286,44.937868469395696,True,True,5.770081360341589,True
WMB,2022-01-14,Loss,-9.00798043678243,99.0,56.74238824717016,True,True,7.66534308433837,True
WMB,2022-10-25,Win,30.587238969132237,8.642857142857142,47.906723878327675,True,False,5.579936967870417,True
ADSK,2015-12-04,Win,21.380174394699406,,54.87947396949595,True,False,4.775330111947029,True
ADSK,2018-11-05,Loss,-10.936538966467873,98.21428571428572,54.541002504353095,True,False,6.355495349334246,True
ADSK,2020-06-03,Win,34.84763282243057,14.535714285714286,44.937868469395696,True,True,5.770081360341589,True
ADSK,2022-01-14,Loss,-9.00798043678243,99.0,56.74238824717016,True,True,7.66534308433837,True
ADSK,2022-10-25,Win,30.587238969132237,8.642857142857142,47.906723878327675,True,False,5.579936967870417,True
AZO,2015-12-04,Win,21.380174394699406,,54.87947396949595,True,False,4.775330111947029,True
AZO,2018-11-05,Loss,-10.936538966467873,98.21428571428572,54.541002504353095,True,False,6.355495349334246,True
AZO,2020-06-03,Win,34.84763282243057,14.535714285714286,44.937868469395696,True,True,5.770081360341589,True
AZO,2022-01-14,Loss,-9.00798043678243,99.0,56.74238824717016,True,True,7.66534308433837,True
AZO,2022-10-25,Win,30.587238969132237,8.642857142857142,47.906723878327675,True,False,5.579936967870417,True
USB,2015-12-04,Win,21.380174394699406,,54.87947396949595,True,False,4.775330111947029,True
USB,2018-11-05,Loss,-10.936538966467873,98.21428571428572,54.541002504353095,True,False,6.355495349334246,True
USB,2020-06-03,Win,34.84763282243057,14.535714285714286,44.937868469395696,True,True,5.770081360341589,True
USB,2022-01-14,Loss,-9.00798043678243,99.0,56.74238824717016,True,True,7.66534308433837,True
USB,2022-10-25,Win,30.587238969132237,8.642857142857142,47.906723878327675,True,False,5.579936967870417,True
AON,2015-12-04,Win,21.380174394699406,,54.87947396949595,True,False,4.775330111947029,True
AON,2018-11-05,Loss,-10.936538966467873,98.21428571428572,54.541002504353095,True,False,6.355495349334246,True
AON,2020-06-03,Win,34.84763282243057,14.535714285714286,44.937868469395696,True,True,5.770081360341589,True
AON,2022-01-14,Loss,-9.00798043678243,99.0,56.74238824717016,True,True,7.66534308433837,True
AON,2022-10-25,Win,30.587238969132237,8.642857142857142,47.906723878327675,True,False,5.579936967870417,True
CTAS,2015-12-04,Win,21.380174394699406,,54.87947396949595,True,False,4.775330111947029,True
CTAS,2018-11-05,Loss,-10.936538966467873,98.21428571428572,54.541002504353095,True,False,6.355495349334246,True
CTAS,2020-06-03,Win,34.84763282243057,14.535714285714286,44.937868469395696,True,True,5.770081360341589,True
CTAS,2022-01-14,Loss,-9.00798043678243,99.0,56.74238824717016,True,True,7.66534308433837,True
CTAS,2022-10-25,Win,30.587238969132237,8.642857142857142,47.906723878327675,True,False,5.579936967870417,True
ECL,2015-11-24,Loss,-18.752131375570308,,51.63395854005937,True,False,4.584477238670933,True
ECL,2016-03-02,Win,70.62931099597822,67.96428571428571,47.7967362015624,True,True,5.706567418106325,True
ECL,2016-05-23,Win,59.12376426587023,99.0,60.35082501769497,True,True,4.587160471103325,True
ECL,2016-10-25,Win,55.39200897216797,77.78571428571428,48.67552820122104,True,False,4.151434870229345,True
ECL,2017-02-01,Loss,-23.452738361832726,95.46428571428572,53.2556316638637,True,False,5.336605741172214,True
ECL,2018-04-26,Win,59.260869749251945,10.214285714285714,43.9778167433538,True,False,6.509850002704452,True
ECL,2018-07-27,Win,71.19536375322697,98.60714285714286,59.460540246638,True,False,6.751844781156875,True
ECL,2018-12-03,Loss,-28.99029544839507,72.28571428571428,55.78890784660812,True,True,4.914727987562295,True
ECL,2019-03-19,Win,62.086143493652365,62.464285714285715,49.932554351990596,True,True,5.676805312405675,True
ECL,2019-12-20,Win,52.61381492350993,97.42857142857142,55.545307356840645,True,True,6.68735546329053,True
ECL,2020-08-31,Loss,-17.88372742211226,99.0,57.36711004754673,True,True,5.2297175438251715,True
ECL,2020-10-05,Win,47.975633582902645,94.67857142857143,59.80594138343951,True,True,4.391575212396581,True
ECL,2021-11-03,Loss,-24.65869959064408,80.92857142857143,45.147907628176405,True,False,7.839562236246317,True
ECL,2022-05-17,Loss,-20.36245170482382,10.214285714285714,51.41130437766225,True,False,3.449641734697988,True
ECL,2022-07-20,Loss,-21.538635508002244,15.321428571428571,51.40874807503511,True,True,5.627464970367624,True
ECL,2022-11-10,Win,65.68453886010364,10.214285714285714,45.18467533152092,True,True,4.561607840250032,True
ECL,2023-11-03,Win,56.104402605834146,71.5,50.15581294363815,True,False,5.017818031946808,True
ECL,2024-02-29,Loss,-17.63683653828931,94.67857142857143,59.668005604902376,True,True,4.677162723937067,True
ECL,2024-05-16,Loss,-14.932475868555597,28.67857142857143,51.822754987153985,True,True,4.908529934421997,True
ECL,2024-09-25,Loss,-20.091471926870835,23.964285714285715,49.00928775382469,True,True,6.626884151916914,True
ECL,2025-03-24,Loss,-18.45814270177872,22.785714285714285,48.1552105982382,True,True,5.9435209542444465,True
ECL,2025-05-12,Win,72.26693142330329,40.857142857142854,48.012866940915025,True,True,7.263548128191484,True
ECL,2025-10-02,Win,41.52665136862074,83.67857142857143,55.40319624314234,True,True,4.688162860161559,True
CL,2015-12-04,Win,27.074855807723658,,57.56782507663962,True,False,6.881317885955434,True
CL,2017-02-28,Loss,-14.681283672190492,88.78571428571429,64.58315007280507,True,False,11.885561335940823,True
CL,2018-06-28,Loss,-9.815961345147754,18.464285714285715,46.647706587222245,True,True,6.400558204548055,True
CL,2019-01-28,Loss,-14.759131049385967,38.10714285714286,46.98223863731673,True,True,6.667873457815765,True
CL,2020-06-04,Win,38.61016218211501,33.392857142857146,51.9958134255179,True,True,6.794277151276624,True
CL,2021-06-14,Loss,-6.5440884355855005,92.71428571428571,59.04893223129461,True,False,5.343895279308606,True
CL,2021-12-16,Win,33.22563395055742,7.4642857142857135,44.43447796190579,True,False,6.3104348477834,True
CL,2024-07-23,Win,32.0295863392559,99.0,60.85256799995344,True,False,7.191961121376386,True
EMR,2015-12-04,Win,27.074855807723658,,57.56782507663962,True,False,6.881317885955434,True
EMR,2017-02-28,Loss,-14.681283672190492,88.78571428571429,64.58315007280507,True,False,11.885561335940823,True
EMR,2018-06-28,Loss,-9.815961345147754,18.464285714285715,46.647706587222245,True,True,6.400558204548055,True
EMR,2019-01-28,Loss,-14.759131049385967,38.10714285714286,46.98223863731673,True,True,6.667873457815765,True
EMR,2020-06-04,Win,38.61016218211501,33.392857142857146,51.9958134255179,True,True,6.794277151276624,True
EMR,2021-06-14,Loss,-6.5440884355855005,92.71428571428571,59.04893223129461,True,False,5.343895279308606,True
EMR,2021-12-16,Win,33.22563395055742,7.4642857142857135,44.43447796190579,True,False,6.3104348477834,True
EMR,2024-07-23,Win,32.0295863392559,99.0,60.85256799995344,True,False,7.191961121376386,True
TDG,2015-12-04,Win,27.074855807723658,,57.56782507663962,True,False,6.881317885955434,True
TDG,2017-02-28,Loss,-14.681283672190492,88.78571428571429,64.58315007280507,True,False,11.885561335940823,True
TDG,2018-06-28,Loss,-9.815961345147754,18.464285714285715,46.647706587222245,True,True,6.400558204548055,True
TDG,2019-01-28,Loss,-14.759131049385967,38.10714285714286,46.98223863731673,True,True,6.667873457815765,True
TDG,2020-06-04,Win,38.61016218211501,33.392857142857146,51.9958134255179,True,True,6.794277151276624,True
TDG,2021-06-14,Loss,-6.5440884355855005,92.71428571428571,59.04893223129461,True,False,5.343895279308606,True
TDG,2021-12-16,Win,33.22563395055742,7.4642857142857135,44.43447796190579,True,False,6.3104348477834,True
TDG,2024-07-23,Win,32.0295863392559,99.0,60.85256799995344,True,False,7.191961121376386,True
VST,2015-12-04,Win,27.074855807723658,,57.56782507663962,True,False,6.881317885955434,True
VST,2017-02-28,Loss,-14.681283672190492,88.78571428571429,64.58315007280507,True,False,11.885561335940823,True
VST,2018-06-28,Loss,-9.815961345147754,18.464285714285715,46.647706587222245,True,True,6.400558204548055,True
VST,2019-01-28,Loss,-14.759131049385967,38.10714285714286,46.98223863731673,True,True,6.667873457815765,True
VST,2020-06-04,Win,38.61016218211501,33.392857142857146,51.9958134255179,True,True,6.794277151276624,True
VST,2021-06-14,Loss,-6.5440884355855005,92.71428571428571,59.04893223129461,True,False,5.343895279308606,True
VST,2021-12-16,Win,33.22563395055742,7.4642857142857135,44.43447796190579,True,False,6.3104348477834,True
VST,2024-07-23,Win,32.0295863392559,99.0,60.85256799995344,True,False,7.191961121376386,True
HCA,2015-12-04,Win,27.074855807723658,,57.56782507663962,True,False,6.881317885955434,True
HCA,2017-02-28,Loss,-14.681283672190492,88.78571428571429,64.58315007280507,True,False,11.885561335940823,True
HCA,2018-06-28,Loss,-9.815961345147754,18.464285714285715,46.647706587222245,True,True,6.400558204548055,True
HCA,2019-01-28,Loss,-14.759131049385967,38.10714285714286,46.98223863731673,True,True,6.667873457815765,True
HCA,2020-06-04,Win,38.61016218211501,33.392857142857146,51.9958134255179,True,True,6.794277151276624,True
HCA,2021-06-14,Loss,-6.5440884355855005,92.71428571428571,59.04893223129461,True,False,5.343895279308606,True
HCA,2021-12-16,Win,33.22563395055742,7.4642857142857135,44.43447796190579,True,False,6.3104348477834,True
HCA,2024-07-23,Win,32.0295863392559,99.0,60.85256799995344,True,False,7.191961121376386,True
MRVL,2015-12-04,Win,27.074855807723658,,57.56782507663962,True,False,6.881317885955434,True
MRVL,2017-02-28,Loss,-14.681283672190492,88.78571428571429,64.58315007280507,True,False,11.885561335940823,True
MRVL,2018-06-28,Loss,-9.815961345147754,18.464285714285715,46.647706587222245,True,True,6.400558204548055,True
MRVL,2019-01-28,Loss,-14.759131049385967,38.10714285714286,46.98223863731673,True,True,6.667873457815765,True
MRVL,2020-06-04,Win,38.61016218211501,33.392857142857146,51.9958134255179,True,True,6.794277151276624,True
MRVL,2021-06-14,Loss,-6.5440884355855005,92.71428571428571,59.04893223129461,True,False,5.343895279308606,True
MRVL,2021-12-16,Win,33.22563395055742,7.4642857142857135,44.43447796190579,True,False,6.3104348477834,True
MRVL,2024-07-23,Win,32.0295863392559,99.0,60.85256799995344,True,False,7.191961121376386,True
JCI,2015-12-04,Win,27.074855807723658,,57.56782507663962,True,False,6.881317885955434,True
JCI,2017-02-28,Loss,-14.681283672190492,88.78571428571429,64.58315007280507,True,False,11.885561335940823,True
JCI,2018-06-28,Loss,-9.815961345147754,18.464285714285715,46.647706587222245,True,True,6.400558204548055,True
JCI,2019-01-28,Loss,-14.759131049385967,38.10714285714286,46.98223863731673,True,True,6.667873457815765,True
JCI,2020-06-04,Win,38.61016218211501,33.392857142857146,51.9958134255179,True,True,6.794277151276624,True
JCI,2021-06-14,Loss,-6.5440884355855005,92.71428571428571,59.04893223129461,True,False,5.343895279308606,True
JCI,2021-12-16,Win,33.22563395055742,7.4642857142857135,44.43447796190579,True,False,6.3104348477834,True
JCI,2024-07-23,Win,32.0295863392559,99.0,60.85256799995344,True,False,7.191961121376386,True
COIN,2015-12-04,Win,27.074855807723658,,57.56782507663962,True,False,6.881317885955434,True
COIN,2017-02-28,Loss,-14.681283672190492,88.78571428571429,64.58315007280507,True,False,11.885561335940823,True
COIN,2018-06-28,Loss,-9.815961345147754,18.464285714285715,46.647706587222245,True,True,6.400558204548055,True
COIN,2019-01-28,Loss,-14.759131049385967,38.10714285714286,46.98223863731673,True,True,6.667873457815765,True
COIN,2020-06-04,Win,38.61016218211501,33.392857142857146,51.9958134255179,True,True,6.794277151276624,True
COIN,2021-06-14,Loss,-6.5440884355855005,92.71428571428571,59.04893223129461,True,False,5.343895279308606,True
COIN,2021-12-16,Win,33.22563395055742,7.4642857142857135,44.43447796190579,True,False,6.3104348477834,True
COIN,2024-07-23,Win,32.0295863392559,99.0,60.85256799995344,True,False,7.191961121376386,True
ELV,2015-12-04,Win,27.074855807723658,,57.56782507663962,True,False,6.881317885955434,True
ELV,2017-02-28,Loss,-14.681283672190492,88.78571428571429,64.58315007280507,True,False,11.885561335940823,True
ELV,2018-06-28,Loss,-9.815961345147754,18.464285714285715,46.647706587222245,True,True,6.400558204548055,True
ELV,2019-01-28,Loss,-14.759131049385967,38.10714285714286,46.98223863731673,True,True,6.667873457815765,True
ELV,2020-06-04,Win,38.61016218211501,33.392857142857146,51.9958134255179,True,True,6.794277151276624,True
ELV,2021-06-14,Loss,-6.5440884355855005,92.71428571428571,59.04893223129461,True,False,5.343895279308606,True
ELV,2021-12-16,Win,33.22563395055742,7.4642857142857135,44.43447796190579,True,False,6.3104348477834,True
ELV,2024-07-23,Win,32.0295863392559,99.0,60.85256799995344,True,False,7.191961121376386,True
CSX,2016-04-01,Loss,-8.78802020245335,21.607142857142858,49.57558304030074,True,True,4.608162080402446,True
CSX,2016-07-12,Win,41.07315428745555,51.85714285714286,48.96645795888101,True,True,7.147720217324212,True
CSX,2016-12-01,Loss,-24.676238231575848,99.0,60.1500552886816,True,False,13.494517871435363,True
CSX,2019-01-14,Loss,-16.81625393421339,10.607142857142856,46.2413718849366,True,True,5.669803941458654,True
CSX,2020-05-26,Win,52.03598055406089,27.892857142857142,48.822520652232136,True,True,6.154360583829245,True
CSX,2021-01-12,Win,69.34120829762657,98.21428571428572,55.38966610871028,True,True,9.002380383725294,True
CSX,2024-07-15,Win,37.7037237401535,99.0,50.24865990364902,True,False,7.025901738986204,True
NSC,2015-12-16,Loss,-6.790287321487193,,49.95115980029406,True,False,5.221643083108033,True
NSC,2016-03-15,Loss,-6.38636966121882,99.0,54.765002522025505,True,True,4.291519865103886,True
NSC,2018-12-12,Loss,-8.230087026867437,56.17857142857142,47.67291347497093,True,True,5.017769332236437,True
NSC,2019-01-29,Win,31.21833268207602,66.39285714285714,50.744186929999536,True,False,5.9553326327057166,True
NSC,2020-11-03,Loss,-10.902671369641768,99.0,47.227706663423504,True,False,6.327225080993693,True
NSC,2022-10-28,Win,34.5349886003979,13.357142857142856,44.67865146436324,True,False,5.361348874212086,True
NSC,2024-06-24,Loss,-10.137791174666877,99.0,56.44692443550884,True,False,8.367813042767791,True
NSC,2025-02-25,Loss,-9.401242153371706,14.928571428571427,51.35063478105214,True,False,5.459313854525414,True
MPC,2015-12-16,Loss,-6.790287321487193,,49.95115980029406,True,False,5.221643083108033,True
MPC,2016-03-15,Loss,-6.38636966121882,99.0,54.765002522025505,True,True,4.291519865103886,True
MPC,2018-12-12,Loss,-8.230087026867437,56.17857142857142,47.67291347497093,True,True,5.017769332236437,True
MPC,2019-01-29,Win,31.21833268207602,66.39285714285714,50.744186929999536,True,False,5.9553326327057166,True
MPC,2020-11-03,Loss,-10.902671369641768,99.0,47.227706663423504,True,False,6.327225080993693,True
MPC,2022-10-28,Win,34.5349886003979,13.357142857142856,44.67865146436324,True,False,5.361348874212086,True
MPC,2024-06-24,Loss,-10.137791174666877,99.0,56.44692443550884,True,False,8.367813042767791,True
MPC,2025-02-25,Loss,-9.401242153371706,14.928571428571427,51.35063478105214,True,False,5.459313854525414,True
EOG,2015-12-16,Loss,-6.790287321487193,,49.95115980029406,True,False,5.221643083108033,True
EOG,2016-03-15,Loss,-6.38636966121882,99.0,54.765002522025505,True,True,4.291519865103886,True
EOG,2018-12-12,Loss,-8.230087026867437,56.17857142857142,47.67291347497093,True,True,5.017769332236437,True
EOG,2019-01-29,Win,31.21833268207602,66.39285714285714,50.744186929999536,True,False,5.9553326327057166,True
EOG,2020-11-03,Loss,-10.902671369641768,99.0,47.227706663423504,True,False,6.327225080993693,True
EOG,2022-10-28,Win,34.5349886003979,13.357142857142856,44.67865146436324,True,False,5.361348874212086,True
EOG,2024-06-24,Loss,-10.137791174666877,99.0,56.44692443550884,True,False,8.367813042767791,True
EOG,2025-02-25,Loss,-9.401242153371706,14.928571428571427,51.35063478105214,True,False,5.459313854525414,True
HLT,2015-12-16,Loss,-6.790287321487193,,49.95115980029406,True,False,5.221643083108033,True
HLT,2016-03-15,Loss,-6.38636966121882,99.0,54.765002522025505,True,True,4.291519865103886,True
HLT,2018-12-12,Loss,-8.230087026867437,56.17857142857142,47.67291347497093,True,True,5.017769332236437,True
HLT,2019-01-29,Win,31.21833268207602,66.39285714285714,50.744186929999536,True,False,5.9553326327057166,True
HLT,2020-11-03,Loss,-10.902671369641768,99.0,47.227706663423504,True,False,6.327225080993693,True
HLT,2022-10-28,Win,34.5349886003979,13.357142857142856,44.67865146436324,True,False,5.361348874212086,True
HLT,2024-06-24,Loss,-10.137791174666877,99.0,56.44692443550884,True,False,8.367813042767791,True
HLT,2025-02-25,Loss,-9.401242153371706,14.928571428571427,51.35063478105214,True,False,5.459313854525414,True
PYPL,2015-12-16,Loss,-6.790287321487193,,49.95115980029406,True,False,5.221643083108033,True
PYPL,2016-03-15,Loss,-6.38636966121882,99.0,54.765002522025505,True,True,4.291519865103886,True
PYPL,2018-12-12,Loss,-8.230087026867437,56.17857142857142,47.67291347497093,True,True,5.017769332236437,True
PYPL,2019-01-29,Win,31.21833268207602,66.39285714285714,50.744186929999536,True,False,5.9553326327057166,True
PYPL,2020-11-03,Loss,-10.902671369641768,99.0,47.227706663423504,True,False,6.327225080993693,True
PYPL,2022-10-28,Win,34.5349886003979,13.357142857142856,44.67865146436324,True,False,5.361348874212086,True
PYPL,2024-06-24,Loss,-10.137791174666877,99.0,56.44692443550884,True,False,8.367813042767791,True
PYPL,2025-02-25,Loss,-9.401242153371706,14.928571428571427,51.35063478105214,True,False,5.459313854525414,True
URI,2015-12-16,Loss,-6.790287321487193,,49.95115980029406,True,False,5.221643083108033,True
URI,2016-03-15,Loss,-6.38636966121882,99.0,54.765002522025505,True,True,4.291519865103886,True
URI,2018-12-12,Loss,-8.230087026867437,56.17857142857142,47.67291347497093,True,True,5.017769332236437,True
URI,2019-01-29,Win,31.21833268207602,66.39285714285714,50.744186929999536,True,False,5.9553326327057166,True
URI,2020-11-03,Loss,-10.902671369641768,99.0,47.227706663423504,True,False,6.327225080993693,True
URI,2022-10-28,Win,34.5349886003979,13.357142857142856,44.67865146436324,True,False,5.361348874212086,True
URI,2024-06-24,Loss,-10.137791174666877,99.0,56.44692443550884,True,False,8.367813042767791,True
URI,2025-02-25,Loss,-9.401242153371706,14.928571428571427,51.35063478105214,True,False,5.459313854525414,True
GLW,2015-12-16,Loss,-6.790287321487193,,49.95115980029406,True,False,5.221643083108033,True
GLW,2016-03-15,Loss,-6.38636966121882,99.0,54.765002522025505,True,True,4.291519865103886,True
GLW,2018-12-12,Loss,-8.230087026867437,56.17857142857142,47.67291347497093,True,True,5.017769332236437,True
GLW,2019-01-29,Win,31.21833268207602,66.39285714285714,50.744186929999536,True,False,5.9553326327057166,True
GLW,2020-11-03,Loss,-10.902671369641768,99.0,47.227706663423504,True,False,6.327225080993693,True
GLW,2022-10-28,Win,34.5349886003979,13.357142857142856,44.67865146436324,True,False,5.361348874212086,True
GLW,2024-06-24,Loss,-10.137791174666877,99.0,56.44692443550884,True,False,8.367813042767791,True
GLW,2025-02-25,Loss,-9.401242153371706,14.928571428571427,51.35063478105214,True,False,5.459313854525414,True
UPS,2015-12-16,Loss,-6.790287321487193,,49.95115980029406,True,False,5.221643083108033,True
UPS,2016-03-15,Loss,-6.38636966121882,99.0,54.765002522025505,True,True,4.291519865103886,True
UPS,2018-12-12,Loss,-8.230087026867437,56.17857142857142,47.67291347497093,True,True,5.017769332236437,True
UPS,2019-01-29,Win,31.21833268207602,66.39285714285714,50.744186929999536,True,False,5.9553326327057166,True
UPS,2020-11-03,Loss,-10.902671369641768,99.0,47.227706663423504,True,False,6.327225080993693,True
UPS,2022-10-28,Win,34.5349886003979,13.357142857142856,44.67865146436324,True,False,5.361348874212086,True
UPS,2024-06-24,Loss,-10.137791174666877,99.0,56.44692443550884,True,False,8.367813042767791,True
UPS,2025-02-25,Loss,-9.401242153371706,14.928571428571427,51.35063478105214,True,False,5.459313854525414,True
NET,2015-12-16,Loss,-6.790287321487193,,49.95115980029406,True,False,5.221643083108033,True
NET,2016-03-15,Loss,-6.38636966121882,99.0,54.765002522025505,True,True,4.291519865103886,True
NET,2018-12-12,Loss,-8.230087026867437,56.17857142857142,47.67291347497093,True,True,5.017769332236437,True
NET,2019-01-29,Win,31.21833268207602,66.39285714285714,50.744186929999536,True,False,5.9553326327057166,True
NET,2020-11-03,Loss,-10.902671369641768,99.0,47.227706663423504,True,False,6.327225080993693,True
NET,2022-10-28,Win,34.5349886003979,13.357142857142856,44.67865146436324,True,False,5.361348874212086,True
NET,2024-06-24,Loss,-10.137791174666877,99.0,56.44692443550884,True,False,8.367813042767791,True
NET,2025-02-25,Loss,-9.401242153371706,14.928571428571427,51.35063478105214,True,False,5.459313854525414,True
TRV,2015-12-16,Loss,-6.790287321487193,,49.95115980029406,True,False,5.221643083108033,True
TRV,2016-03-15,Loss,-6.38636966121882,99.0,54.765002522025505,True,True,4.291519865103886,True
TRV,2018-12-12,Loss,-8.230087026867437,56.17857142857142,47.67291347497093,True,True,5.017769332236437,True
TRV,2019-01-29,Win,31.21833268207602,66.39285714285714,50.744186929999536,True,False,5.9553326327057166,True
TRV,2020-11-03,Loss,-10.902671369641768,99.0,47.227706663423504,True,False,6.327225080993693,True
TRV,2022-10-28,Win,34.5349886003979,13.357142857142856,44.67865146436324,True,False,5.361348874212086,True
TRV,2024-06-24,Loss,-10.137791174666877,99.0,56.44692443550884,True,False,8.367813042767791,True
TRV,2025-02-25,Loss,-9.401242153371706,14.928571428571427,51.35063478105214,True,False,5.459313854525414,True
DLR,2016-02-03,Win,27.888413397082573,9.821428571428571,46.26928393373216,True,False,3.8222277845231445,False
DLR,2017-05-12,Win,33.92223290775828,93.5,55.22561032268509,True,True,8.730942516712625,True
DLR,2019-01-10,Win,34.88225215305019,16.107142857142858,46.0178734446366,True,True,4.59800528149209,True
DLR,2020-02-05,Loss,-8.226151612018743,78.96428571428572,48.68617837843147,True,False,6.190746472220026,True
DLR,2020-04-07,Win,60.293747376763264,8.642857142857142,51.35410817680679,True,False,4.556733890262905,True
DLR,2021-04-15,Win,30.34944242139654,72.67857142857142,48.17567553257012,True,True,7.841836468544687,True
DLR,2023-04-20,Win,29.529635030044044,99.0,58.35521814654114,True,True,7.81094408431295,True
DLR,2024-03-13,Loss,-14.772109241333906,99.0,58.33386405055497,True,False,11.932010980843144,True
AEP,2016-02-03,Win,27.888413397082573,9.821428571428571,46.26928393373216,True,False,3.8222277845231445,False
AEP,2017-05-12,Win,33.92223290775828,93.5,55.22561032268509,True,True,8.730942516712625,True
AEP,2019-01-10,Win,34.88225215305019,16.107142857142858,46.0178734446366,True,True,4.59800528149209,True
AEP,2020-02-05,Loss,-8.226151612018743,78.96428571428572,48.68617837843147,True,False,6.190746472220026,True
AEP,2020-04-07,Win,60.293747376763264,8.642857142857142,51.35410817680679,True,False,4.556733890262905,True
AEP,2021-04-15,Win,30.34944242139654,72.67857142857142,48.17567553257012,True,True,7.841836468544687,True
AEP,2023-04-20,Win,29.529635030044044,99.0,58.35521814654114,True,True,7.81094408431295,True
AEP,2024-03-13,Loss,-14.772109241333906,99.0,58.33386405055497,True,False,11.932010980843144,True
ZTS,2016-02-03,Win,27.888413397082573,9.821428571428571,46.26928393373216,True,False,3.8222277845231445,False
ZTS,2017-05-12,Win,33.92223290775828,93.5,55.22561032268509,True,True,8.730942516712625,True
ZTS,2019-01-10,Win,34.88225215305019,16.107142857142858,46.0178734446366,True,True,4.59800528149209,True
ZTS,2020-02-05,Loss,-8.226151612018743,78.96428571428572,48.68617837843147,True,False,6.190746472220026,True
ZTS,2020-04-07,Win,60.293747376763264,8.642857142857142,51.35410817680679,True,False,4.556733890262905,True
ZTS,2021-04-15,Win,30.34944242139654,72.67857142857142,48.17567553257012,True,True,7.841836468544687,True
ZTS,2023-04-20,Win,29.529635030044044,99.0,58.35521814654114,True,True,7.81094408431295,True
ZTS,2024-03-13,Loss,-14.772109241333906,99.0,58.33386405055497,True,False,11.932010980843144,True
KMI,2016-02-03,Win,27.888413397082573,9.821428571428571,46.26928393373216,True,False,3.8222277845231445,False
KMI,2017-05-12,Win,33.92223290775828,93.5,55.22561032268509,True,True,8.730942516712625,True
KMI,2019-01-10,Win,34.88225215305019,16.107142857142858,46.0178734446366,True,True,4.59800528149209,True
KMI,2020-02-05,Loss,-8.226151612018743,78.96428571428572,48.68617837843147,True,False,6.190746472220026,True
KMI,2020-04-07,Win,60.293747376763264,8.642857142857142,51.35410817680679,True,False,4.556733890262905,True
KMI,2021-04-15,Win,30.34944242139654,72.67857142857142,48.17567553257012,True,True,7.841836468544687,True
KMI,2023-04-20,Win,29.529635030044044,99.0,58.35521814654114,True,True,7.81094408431295,True
KMI,2024-03-13,Loss,-14.772109241333906,99.0,58.33386405055497,True,False,11.932010980843144,True
GM,2016-02-03,Win,27.888413397082573,9.821428571428571,46.26928393373216,True,False,3.8222277845231445,False
GM,2017-05-12,Win,33.92223290775828,93.5,55.22561032268509,True,True,8.730942516712625,True
GM,2019-01-10,Win,34.88225215305019,16.107142857142858,46.0178734446366,True,True,4.59800528149209,True
GM,2020-02-05,Loss,-8.226151612018743,78.96428571428572,48.68617837843147,True,False,6.190746472220026,True
GM,2020-04-07,Win,60.293747376763264,8.642857142857142,51.35410817680679,True,False,4.556733890262905,True
GM,2021-04-15,Win,30.34944242139654,72.67857142857142,48.17567553257012,True,True,7.841836468544687,True
GM,2023-04-20,Win,29.529635030044044,99.0,58.35521814654114,True,True,7.81094408431295,True
GM,2024-03-13,Loss,-14.772109241333906,99.0,58.33386405055497,True,False,11.932010980843144,True
APD,2016-02-03,Win,27.888413397082573,9.821428571428571,46.26928393373216,True,False,3.8222277845231445,False
APD,2017-05-12,Win,33.92223290775828,93.5,55.22561032268509,True,True,8.730942516712625,True
APD,2019-01-10,Win,34.88225215305019,16.107142857142858,46.0178734446366,True,True,4.59800528149209,True
APD,2020-02-05,Loss,-8.226151612018743,78.96428571428572,48.68617837843147,True,False,6.190746472220026,True
APD,2020-04-07,Win,60.293747376763264,8.642857142857142,51.35410817680679,True,False,4.556733890262905,True
APD,2021-04-15,Win,30.34944242139654,72.67857142857142,48.17567553257012,True,True,7.841836468544687,True
APD,2023-04-20,Win,29.529635030044044,99.0,58.35521814654114,True,True,7.81094408431295,True
APD,2024-03-13,Loss,-14.772109241333906,99.0,58.33386405055497,True,False,11.932010980843144,True
ALL,2016-02-03,Win,27.888413397082573,9.821428571428571,46.26928393373216,True,False,3.8222277845231445,False
ALL,2017-05-12,Win,33.92223290775828,93.5,55.22561032268509,True,True,8.730942516712625,True
ALL,2019-01-10,Win,34.88225215305019,16.107142857142858,46.0178734446366,True,True,4.59800528149209,True
ALL,2020-02-05,Loss,-8.226151612018743,78.96428571428572,48.68617837843147,True,False,6.190746472220026,True
ALL,2020-04-07,Win,60.293747376763264,8.642857142857142,51.35410817680679,True,False,4.556733890262905,True
ALL,2021-04-15,Win,30.34944242139654,72.67857142857142,48.17567553257012,True,True,7.841836468544687,True
ALL,2023-04-20,Win,29.529635030044044,99.0,58.35521814654114,True,True,7.81094408431295,True
ALL,2024-03-13,Loss,-14.772109241333906,99.0,58.33386405055497,True,False,11.932010980843144,True
CMI,2016-02-03,Win,27.888413397082573,9.821428571428571,46.26928393373216,True,False,3.8222277845231445,False
CMI,2017-05-12,Win,33.92223290775828,93.5,55.22561032268509,True,True,8.730942516712625,True
CMI,2019-01-10,Win,34.88225215305019,16.107142857142858,46.0178734446366,True,True,4.59800528149209,True
CMI,2020-02-05,Loss,-8.226151612018743,78.96428571428572,48.68617837843147,True,False,6.190746472220026,True
CMI,2020-04-07,Win,60.293747376763264,8.642857142857142,51.35410817680679,True,False,4.556733890262905,True
CMI,2021-04-15,Win,30.34944242139654,72.67857142857142,48.17567553257012,True,True,7.841836468544687,True
CMI,2023-04-20,Win,29.529635030044044,99.0,58.35521814654114,True,True,7.81094408431295,True
CMI,2024-03-13,Loss,-14.772109241333906,99.0,58.33386405055497,True,False,11.932010980843144,True
FAST,2016-02-03,Win,27.888413397082573,9.821428571428571,46.26928393373216,True,False,3.8222277845231445,False
FAST,2017-05-12,Win,33.92223290775828,93.5,55.22561032268509,True,True,8.730942516712625,True
FAST,2019-01-10,Win,34.88225215305019,16.107142857142858,46.0178734446366,True,True,4.59800528149209,True
FAST,2020-02-05,Loss,-8.226151612018743,78.96428571428572,48.68617837843147,True,False,6.190746472220026,True
FAST,2020-04-07,Win,60.293747376763264,8.642857142857142,51.35410817680679,True,False,4.556733890262905,True
FAST,2021-04-15,Win,30.34944242139654,72.67857142857142,48.17567553257012,True,True,7.841836468544687,True
FAST,2023-04-20,Win,29.529635030044044,99.0,58.35521814654114,True,True,7.81094408431295,True
FAST,2024-03-13,Loss,-14.772109241333906,99.0,58.33386405055497,True,False,11.932010980843144,True
ALNY,2016-02-03,Win,27.888413397082573,9.821428571428571,46.26928393373216,True,False,3.8222277845231445,False
ALNY,2017-05-12,Win,33.92223290775828,93.5,55.22561032268509,True,True,8.730942516712625,True
ALNY,2019-01-10,Win,34.88225215305019,16.107142857142858,46.0178734446366,True,True,4.59800528149209,True
ALNY,2020-02-05,Loss,-8.226151612018743,78.96428571428572,48.68617837843147,True,False,6.190746472220026,True
ALNY,2020-04-07,Win,60.293747376763264,8.642857142857142,51.35410817680679,True,False,4.556733890262905,True
ALNY,2021-04-15,Win,30.34944242139654,72.67857142857142,48.17567553257012,True,True,7.841836468544687,True
ALNY,2023-04-20,Win,29.529635030044044,99.0,58.35521814654114,True,True,7.81094408431295,True
ALNY,2024-03-13,Loss,-14.772109241333906,99.0,58.33386405055497,True,False,11.932010980843144,True
TFC,2016-02-17,Win,23.839940814687097,9.035714285714285,45.24253587999803,True,False,4.12495707920656,True
TFC,2016-08-11,Loss,-6.272581594843625,99.0,51.18096432145271,True,True,7.820347671711665,True
TFC,2016-11-07,Win,21.49170583201775,57.35714285714286,43.845318097299355,True,True,6.352409208263219,True
TFC,2017-10-03,Loss,-9.16829625239283,20.821428571428573,47.41659633020096,True,True,7.580928954389667,True
TFC,2019-01-23,Loss,-15.866024625694106,9.821428571428571,48.69796026343506,True,True,7.492056608469437,True
TFC,2020-10-22,Loss,-12.080881631354554,54.60714285714286,48.20228577511199,True,True,5.2296940980038595,True
TFC,2020-11-09,Win,65.12570720318952,63.24999999999999,48.581621766252326,True,True,6.51013841919626,True
TFC,2022-06-06,Loss,-10.851349755618548,23.178571428571427,48.3401023770014,True,True,5.247513952066534,True
TFC,2022-10-24,Loss,-12.33190189173444,16.5,45.70190198960024,True,False,5.121184502737873,True
TFC,2023-10-24,Win,42.83445698302622,12.571428571428571,52.38871913230474,True,False,8.37396253994195,True
TFC,2024-07-30,Win,50.799271465826976,99.0,51.28421241830093,True,True,9.479282687623813,True
SRE,2016-02-17,Win,23.839940814687097,9.035714285714285,45.24253587999803,True,False,4.12495707920656,True
SRE,2016-08-11,Loss,-6.272581594843625,99.0,51.18096432145271,True,True,7.820347671711665,True
SRE,2016-11-07,Win,21.49170583201775,57.35714285714286,43.845318097299355,True,True,6.352409208263219,True
SRE,2017-10-03,Loss,-9.16829625239283,20.821428571428573,47.41659633020096,True,True,7.580928954389667,True
SRE,2019-01-23,Loss,-15.866024625694106,9.821428571428571,48.69796026343506,True,True,7.492056608469437,True
SRE,2020-10-22,Loss,-12.080881631354554,54.60714285714286,48.20228577511199,True,True,5.2296940980038595,True
SRE,2020-11-09,Win,65.12570720318952,63.24999999999999,48.581621766252326,True,True,6.51013841919626,True
SRE,2022-06-06,Loss,-10.851349755618548,23.178571428571427,48.3401023770014,True,True,5.247513952066534,True
SRE,2022-10-24,Loss,-12.33190189173444,16.5,45.70190198960024,True,False,5.121184502737873,True
SRE,2023-10-24,Win,42.83445698302622,12.571428571428571,52.38871913230474,True,False,8.37396253994195,True
SRE,2024-07-30,Win,50.799271465826976,99.0,51.28421241830093,True,True,9.479282687623813,True
SPG,2016-02-17,Win,23.839940814687097,9.035714285714285,45.24253587999803,True,False,4.12495707920656,True
SPG,2016-08-11,Loss,-6.272581594843625,99.0,51.18096432145271,True,True,7.820347671711665,True
SPG,2016-11-07,Win,21.49170583201775,57.35714285714286,43.845318097299355,True,True,6.352409208263219,True
SPG,2017-10-03,Loss,-9.16829625239283,20.821428571428573,47.41659633020096,True,True,7.580928954389667,True
SPG,2019-01-23,Loss,-15.866024625694106,9.821428571428571,48.69796026343506,True,True,7.492056608469437,True
SPG,2020-10-22,Loss,-12.080881631354554,54.60714285714286,48.20228577511199,True,True,5.2296940980038595,True
SPG,2020-11-09,Win,65.12570720318952,63.24999999999999,48.581621766252326,True,True,6.51013841919626,True
SPG,2022-06-06,Loss,-10.851349755618548,23.178571428571427,48.3401023770014,True,True,5.247513952066534,True
SPG,2022-10-24,Loss,-12.33190189173444,16.5,45.70190198960024,True,False,5.121184502737873,True
SPG,2023-10-24,Win,42.83445698302622,12.571428571428571,52.38871913230474,True,False,8.37396253994195,True
SPG,2024-07-30,Win,50.799271465826976,99.0,51.28421241830093,True,True,9.479282687623813,True
O,2016-02-17,Win,23.839940814687097,9.035714285714285,45.24253587999803,True,False,4.12495707920656,True
O,2016-08-11,Loss,-6.272581594843625,99.0,51.18096432145271,True,True,7.820347671711665,True
O,2016-11-07,Win,21.49170583201775,57.35714285714286,43.845318097299355,True,True,6.352409208263219,True
O,2017-10-03,Loss,-9.16829625239283,20.821428571428573,47.41659633020096,True,True,7.580928954389667,True
O,2019-01-23,Loss,-15.866024625694106,9.821428571428571,48.69796026343506,True,True,7.492056608469437,True
O,2020-10-22,Loss,-12.080881631354554,54.60714285714286,48.20228577511199,True,True,5.2296940980038595,True
O,2020-11-09,Win,65.12570720318952,63.24999999999999,48.581621766252326,True,True,6.51013841919626,True
O,2022-06-06,Loss,-10.851349755618548,23.178571428571427,48.3401023770014,True,True,5.247513952066534,True
O,2022-10-24,Loss,-12.33190189173444,16.5,45.70190198960024,True,False,5.121184502737873,True
O,2023-10-24,Win,42.83445698302622,12.571428571428571,52.38871913230474,True,False,8.37396253994195,True
O,2024-07-30,Win,50.799271465826976,99.0,51.28421241830093,True,True,9.479282687623813,True
LHX,2016-02-17,Win,23.839940814687097,9.035714285714285,45.24253587999803,True,False,4.12495707920656,True
LHX,2016-08-11,Loss,-6.272581594843625,99.0,51.18096432145271,True,True,7.820347671711665,True
LHX,2016-11-07,Win,21.49170583201775,57.35714285714286,43.845318097299355,True,True,6.352409208263219,True
LHX,2017-10-03,Loss,-9.16829625239283,20.821428571428573,47.41659633020096,True,True,7.580928954389667,True
LHX,2019-01-23,Loss,-15.866024625694106,9.821428571428571,48.69796026343506,True,True,7.492056608469437,True
LHX,2020-10-22,Loss,-12.080881631354554,54.60714285714286,48.20228577511199,True,True,5.2296940980038595,True
LHX,2020-11-09,Win,65.12570720318952,63.24999999999999,48.581621766252326,True,True,6.51013841919626,True
LHX,2022-06-06,Loss,-10.851349755618548,23.178571428571427,48.3401023770014,True,True,5.247513952066534,True
LHX,2022-10-24,Loss,-12.33190189173444,16.5,45.70190198960024,True,False,5.121184502737873,True
LHX,2023-10-24,Win,42.83445698302622,12.571428571428571,52.38871913230474,True,False,8.37396253994195,True
LHX,2024-07-30,Win,50.799271465826976,99.0,51.28421241830093,True,True,9.479282687623813,True
MAR,2016-02-17,Win,23.839940814687097,9.035714285714285,45.24253587999803,True,False,4.12495707920656,True
MAR,2016-08-11,Loss,-6.272581594843625,99.0,51.18096432145271,True,True,7.820347671711665,True
MAR,2016-11-07,Win,21.49170583201775,57.35714285714286,43.845318097299355,True,True,6.352409208263219,True
MAR,2017-10-03,Loss,-9.16829625239283,20.821428571428573,47.41659633020096,True,True,7.580928954389667,True
MAR,2019-01-23,Loss,-15.866024625694106,9.821428571428571,48.69796026343506,True,True,7.492056608469437,True
MAR,2020-10-22,Loss,-12.080881631354554,54.60714285714286,48.20228577511199,True,True,5.2296940980038595,True
MAR,2020-11-09,Win,65.12570720318952,63.24999999999999,48.581621766252326,True,True,6.51013841919626,True
MAR,2022-06-06,Loss,-10.851349755618548,23.178571428571427,48.3401023770014,True,True,5.247513952066534,True
MAR,2022-10-24,Loss,-12.33190189173444,16.5,45.70190198960024,True,False,5.121184502737873,True
MAR,2023-10-24,Win,42.83445698302622,12.571428571428571,52.38871913230474,True,False,8.37396253994195,True
MAR,2024-07-30,Win,50.799271465826976,99.0,51.28421241830093,True,True,9.479282687623813,True
PSX,2016-02-17,Win,23.839940814687097,9.035714285714285,45.24253587999803,True,False,4.12495707920656,True
PSX,2016-08-11,Loss,-6.272581594843625,99.0,51.18096432145271,True,True,7.820347671711665,True
PSX,2016-11-07,Win,21.49170583201775,57.35714285714286,43.845318097299355,True,True,6.352409208263219,True
PSX,2017-10-03,Loss,-9.16829625239283,20.821428571428573,47.41659633020096,True,True,7.580928954389667,True
PSX,2019-01-23,Loss,-15.866024625694106,9.821428571428571,48.69796026343506,True,True,7.492056608469437,True
PSX,2020-10-22,Loss,-12.080881631354554,54.60714285714286,48.20228577511199,True,True,5.2296940980038595,True
PSX,2020-11-09,Win,65.12570720318952,63.24999999999999,48.581621766252326,True,True,6.51013841919626,True
PSX,2022-06-06,Loss,-10.851349755618548,23.178571428571427,48.3401023770014,True,True,5.247513952066534,True
PSX,2022-10-24,Loss,-12.33190189173444,16.5,45.70190198960024,True,False,5.121184502737873,True
PSX,2023-10-24,Win,42.83445698302622,12.571428571428571,52.38871913230474,True,False,8.37396253994195,True
PSX,2024-07-30,Win,50.799271465826976,99.0,51.28421241830093,True,True,9.479282687623813,True
PWR,2016-02-17,Win,23.839940814687097,9.035714285714285,45.24253587999803,True,False,4.12495707920656,True
PWR,2016-08-11,Loss,-6.272581594843625,99.0,51.18096432145271,True,True,7.820347671711665,True
PWR,2016-11-07,Win,21.49170583201775,57.35714285714286,43.845318097299355,True,True,6.352409208263219,True
PWR,2017-10-03,Loss,-9.16829625239283,20.821428571428573,47.41659633020096,True,True,7.580928954389667,True
PWR,2019-01-23,Loss,-15.866024625694106,9.821428571428571,48.69796026343506,True,True,7.492056608469437,True
PWR,2020-10-22,Loss,-12.080881631354554,54.60714285714286,48.20228577511199,True,True,5.2296940980038595,True
PWR,2020-11-09,Win,65.12570720318952,63.24999999999999,48.581621766252326,True,True,6.51013841919626,True
PWR,2022-06-06,Loss,-10.851349755618548,23.178571428571427,48.3401023770014,True,True,5.247513952066534,True
PWR,2022-10-24,Loss,-12.33190189173444,16.5,45.70190198960024,True,False,5.121184502737873,True
PWR,2023-10-24,Win,42.83445698302622,12.571428571428571,52.38871913230474,True,False,8.37396253994195,True
PWR,2024-07-30,Win,50.799271465826976,99.0,51.28421241830093,True,True,9.479282687623813,True
REGN,2016-02-17,Win,23.839940814687097,9.035714285714285,45.24253587999803,True,False,4.12495707920656,True
REGN,2016-08-11,Loss,-6.272581594843625,99.0,51.18096432145271,True,True,7.820347671711665,True
REGN,2016-11-07,Win,21.49170583201775,57.35714285714286,43.845318097299355,True,True,6.352409208263219,True
REGN,2017-10-03,Loss,-9.16829625239283,20.821428571428573,47.41659633020096,True,True,7.580928954389667,True
REGN,2019-01-23,Loss,-15.866024625694106,9.821428571428571,48.69796026343506,True,True,7.492056608469437,True
REGN,2020-10-22,Loss,-12.080881631354554,54.60714285714286,48.20228577511199,True,True,5.2296940980038595,True
REGN,2020-11-09,Win,65.12570720318952,63.24999999999999,48.581621766252326,True,True,6.51013841919626,True
REGN,2022-06-06,Loss,-10.851349755618548,23.178571428571427,48.3401023770014,True,True,5.247513952066534,True
REGN,2022-10-24,Loss,-12.33190189173444,16.5,45.70190198960024,True,False,5.121184502737873,True
REGN,2023-10-24,Win,42.83445698302622,12.571428571428571,52.38871913230474,True,False,8.37396253994195,True
REGN,2024-07-30,Win,50.799271465826976,99.0,51.28421241830093,True,True,9.479282687623813,True
BKR,2020-05-08,Win,62.93504300172342,47.14285714285714,52.387625265010776,True,False,4.605165456955179,True
BKR,2021-01-07,Loss,-14.815250334321211,94.67857142857143,50.66239061311426,True,True,3.9829360044309503,True
BKR,2021-02-10,Loss,-26.864512073172637,85.25,52.31499511111787,True,False,6.939284049640176,True
BKR,2021-09-21,Loss,-15.873757256610114,10.214285714285714,47.344619196555215,True,False,4.9185444806317005,True
BKR,2021-12-23,Loss,-22.153493132458955,12.571428571428571,49.38465126500154,True,True,4.7272169167117095,True
BKR,2022-03-29,Loss,-25.48415997932124,19.25,45.47258452112694,True,True,6.453592549760385,True
BKR,2022-06-08,Loss,-19.28184402732198,14.142857142857142,50.706659347765026,True,True,3.6988491213457633,True
BKR,2022-07-20,Win,57.49875907680848,16.892857142857142,47.20929061445946,True,True,4.30982250874577,True
BKR,2023-06-09,Win,34.11613896069561,99.0,55.982224969604765,True,True,4.089206390259004,True
BKR,2023-12-01,Win,68.02963637386775,84.07142857142857,59.10322300110605,True,False,10.801489505626202,True
BKR,2025-07-08,Loss,-17.250928570383163,99.0,53.42451283276303,True,False,6.23647113462693,True
FCX,2020-05-08,Win,62.93504300172342,47.14285714285714,52.387625265010776,True,False,4.605165456955179,True
FCX,2021-01-07,Loss,-14.815250334321211,94.67857142857143,50.66239061311426,True,True,3.9829360044309503,True
FCX,2021-02-10,Loss,-26.864512073172637,85.25,52.31499511111787,True,False,6.939284049640176,True
FCX,2021-09-21,Loss,-15.873757256610114,10.214285714285714,47.344619196555215,True,False,4.9185444806317005,True
FCX,2021-12-23,Loss,-22.153493132458955,12.571428571428571,49.38465126500154,True,True,4.7272169167117095,True
FCX,2022-03-29,Loss,-25.48415997932124,19.25,45.47258452112694,True,True,6.453592549760385,True
FCX,2022-06-08,Loss,-19.28184402732198,14.142857142857142,50.706659347765026,True,True,3.6988491213457633,True
FCX,2022-07-20,Win,57.49875907680848,16.892857142857142,47.20929061445946,True,True,4.30982250874577,True
FCX,2023-06-09,Win,34.11613896069561,99.0,55.982224969604765,True,True,4.089206390259004,True
FCX,2023-12-01,Win,68.02963637386775,84.07142857142857,59.10322300110605,True,False,10.801489505626202,True
FCX,2025-07-08,Loss,-17.250928570383163,99.0,53.42451283276303,True,False,6.23647113462693,True
EA,2020-05-08,Win,62.93504300172342,47.14285714285714,52.387625265010776,True,False,4.605165456955179,True
EA,2021-01-07,Loss,-14.815250334321211,94.67857142857143,50.66239061311426,True,True,3.9829360044309503,True
EA,2021-02-10,Loss,-26.864512073172637,85.25,52.31499511111787,True,False,6.939284049640176,True
EA,2021-09-21,Loss,-15.873757256610114,10.214285714285714,47.344619196555215,True,False,4.9185444806317005,True
EA,2021-12-23,Loss,-22.153493132458955,12.571428571428571,49.38465126500154,True,True,4.7272169167117095,True
EA,2022-03-29,Loss,-25.48415997932124,19.25,45.47258452112694,True,True,6.453592549760385,True
EA,2022-06-08,Loss,-19.28184402732198,14.142857142857142,50.706659347765026,True,True,3.6988491213457633,True
EA,2022-07-20,Win,57.49875907680848,16.892857142857142,47.20929061445946,True,True,4.30982250874577,True
EA,2023-06-09,Win,34.11613896069561,99.0,55.982224969604765,True,True,4.089206390259004,True
EA,2023-12-01,Win,68.02963637386775,84.07142857142857,59.10322300110605,True,False,10.801489505626202,True
EA,2025-07-08,Loss,-17.250928570383163,99.0,53.42451283276303,True,False,6.23647113462693,True
CMG,2020-05-08,Win,62.93504300172342,47.14285714285714,52.387625265010776,True,False,4.605165456955179,True
CMG,2021-01-07,Loss,-14.815250334321211,94.67857142857143,50.66239061311426,True,True,3.9829360044309503,True
CMG,2021-02-10,Loss,-26.864512073172637,85.25,52.31499511111787,True,False,6.939284049640176,True
CMG,2021-09-21,Loss,-15.873757256610114,10.214285714285714,47.344619196555215,True,False,4.9185444806317005,True
CMG,2021-12-23,Loss,-22.153493132458955,12.571428571428571,49.38465126500154,True,True,4.7272169167117095,True
CMG,2022-03-29,Loss,-25.48415997932124,19.25,45.47258452112694,True,True,6.453592549760385,True
CMG,2022-06-08,Loss,-19.28184402732198,14.142857142857142,50.706659347765026,True,True,3.6988491213457633,True
CMG,2022-07-20,Win,57.49875907680848,16.892857142857142,47.20929061445946,True,True,4.30982250874577,True
CMG,2023-06-09,Win,34.11613896069561,99.0,55.982224969604765,True,True,4.089206390259004,True
CMG,2023-12-01,Win,68.02963637386775,84.07142857142857,59.10322300110605,True,False,10.801489505626202,True
CMG,2025-07-08,Loss,-17.250928570383163,99.0,53.42451283276303,True,False,6.23647113462693,True
VLO,2020-05-08,Win,62.93504300172342,47.14285714285714,52.387625265010776,True,False,4.605165456955179,True
VLO,2021-01-07,Loss,-14.815250334321211,94.67857142857143,50.66239061311426,True,True,3.9829360044309503,True
VLO,2021-02-10,Loss,-26.864512073172637,85.25,52.31499511111787,True,False,6.939284049640176,True
VLO,2021-09-21,Loss,-15.873757256610114,10.214285714285714,47.344619196555215,True,False,4.9185444806317005,True
VLO,2021-12-23,Loss,-22.153493132458955,12.571428571428571,49.38465126500154,True,True,4.7272169167117095,True
VLO,2022-03-29,Loss,-25.48415997932124,19.25,45.47258452112694,True,True,6.453592549760385,True
VLO,2022-06-08,Loss,-19.28184402732198,14.142857142857142,50.706659347765026,True,True,3.6988491213457633,True
VLO,2022-07-20,Win,57.49875907680848,16.892857142857142,47.20929061445946,True,True,4.30982250874577,True
VLO,2023-06-09,Win,34.11613896069561,99.0,55.982224969604765,True,True,4.089206390259004,True
VLO,2023-12-01,Win,68.02963637386775,84.07142857142857,59.10322300110605,True,False,10.801489505626202,True
VLO,2025-07-08,Loss,-17.250928570383163,99.0,53.42451283276303,True,False,6.23647113462693,True
ABNB,2020-05-08,Win,62.93504300172342,47.14285714285714,52.387625265010776,True,False,4.605165456955179,True
ABNB,2021-01-07,Loss,-14.815250334321211,94.67857142857143,50.66239061311426,True,True,3.9829360044309503,True
ABNB,2021-02-10,Loss,-26.864512073172637,85.25,52.31499511111787,True,False,6.939284049640176,True
ABNB,2021-09-21,Loss,-15.873757256610114,10.214285714285714,47.344619196555215,True,False,4.9185444806317005,True
ABNB,2021-12-23,Loss,-22.153493132458955,12.571428571428571,49.38465126500154,True,True,4.7272169167117095,True
ABNB,2022-03-29,Loss,-25.48415997932124,19.25,45.47258452112694,True,True,6.453592549760385,True
ABNB,2022-06-08,Loss,-19.28184402732198,14.142857142857142,50.706659347765026,True,True,3.6988491213457633,True
ABNB,2022-07-20,Win,57.49875907680848,16.892857142857142,47.20929061445946,True,True,4.30982250874577,True
ABNB,2023-06-09,Win,34.11613896069561,99.0,55.982224969604765,True,True,4.089206390259004,True
ABNB,2023-12-01,Win,68.02963637386775,84.07142857142857,59.10322300110605,True,False,10.801489505626202,True
ABNB,2025-07-08,Loss,-17.250928570383163,99.0,53.42451283276303,True,False,6.23647113462693,True
BDX,2020-05-08,Win,62.93504300172342,47.14285714285714,52.387625265010776,True,False,4.605165456955179,True
BDX,2021-01-07,Loss,-14.815250334321211,94.67857142857143,50.66239061311426,True,True,3.9829360044309503,True
BDX,2021-02-10,Loss,-26.864512073172637,85.25,52.31499511111787,True,False,6.939284049640176,True
BDX,2021-09-21,Loss,-15.873757256610114,10.214285714285714,47.344619196555215,True,False,4.9185444806317005,True
BDX,2021-12-23,Loss,-22.153493132458955,12.571428571428571,49.38465126500154,True,True,4.7272169167117095,True
BDX,2022-03-29,Loss,-25.48415997932124,19.25,45.47258452112694,True,True,6.453592549760385,True
BDX,2022-06-08,Loss,-19.28184402732198,14.142857142857142,50.706659347765026,True,True,3.6988491213457633,True
BDX,2022-07-20,Win,57.49875907680848,16.892857142857142,47.20929061445946,True,True,4.30982250874577,True
BDX,2023-06-09,Win,34.11613896069561,99.0,55.982224969604765,True,True,4.089206390259004,True
BDX,2023-12-01,Win,68.02963637386775,84.07142857142857,59.10322300110605,True,False,10.801489505626202,True
BDX,2025-07-08,Loss,-17.250928570383163,99.0,53.42451283276303,True,False,6.23647113462693,True
D,2020-05-08,Win,62.93504300172342,47.14285714285714,52.387625265010776,True,False,4.605165456955179,True
D,2021-01-07,Loss,-14.815250334321211,94.67857142857143,50.66239061311426,True,True,3.9829360044309503,True
D,2021-02-10,Loss,-26.864512073172637,85.25,52.31499511111787,True,False,6.939284049640176,True
D,2021-09-21,Loss,-15.873757256610114,10.214285714285714,47.344619196555215,True,False,4.9185444806317005,True
D,2021-12-23,Loss,-22.153493132458955,12.571428571428571,49.38465126500154,True,True,4.7272169167117095,True
D,2022-03-29,Loss,-25.48415997932124,19.25,45.47258452112694,True,True,6.453592549760385,True
D,2022-06-08,Loss,-19.28184402732198,14.142857142857142,50.706659347765026,True,True,3.6988491213457633,True
D,2022-07-20,Win,57.49875907680848,16.892857142857142,47.20929061445946,True,True,4.30982250874577,True
D,2023-06-09,Win,34.11613896069561,99.0,55.982224969604765,True,True,4.089206390259004,True
D,2023-12-01,Win,68.02963637386775,84.07142857142857,59.10322300110605,True,False,10.801489505626202,True
D,2025-07-08,Loss,-17.250928570383163,99.0,53.42451283276303,True,False,6.23647113462693,True
AFL,2020-05-08,Win,62.93504300172342,47.14285714285714,52.387625265010776,True,False,4.605165456955179,True
AFL,2021-01-07,Loss,-14.815250334321211,94.67857142857143,50.66239061311426,True,True,3.9829360044309503,True
AFL,2021-02-10,Loss,-26.864512073172637,85.25,52.31499511111787,True,False,6.939284049640176,True
AFL,2021-09-21,Loss,-15.873757256610114,10.214285714285714,47.344619196555215,True,False,4.9185444806317005,True
AFL,2021-12-23,Loss,-22.153493132458955,12.571428571428571,49.38465126500154,True,True,4.7272169167117095,True
AFL,2022-03-29,Loss,-25.48415997932124,19.25,45.47258452112694,True,True,6.453592549760385,True
AFL,2022-06-08,Loss,-19.28184402732198,14.142857142857142,50.706659347765026,True,True,3.6988491213457633,True
AFL,2022-07-20,Win,57.49875907680848,16.892857142857142,47.20929061445946,True,True,4.30982250874577,True
AFL,2023-06-09,Win,34.11613896069561,99.0,55.982224969604765,True,True,4.089206390259004,True
AFL,2023-12-01,Win,68.02963637386775,84.07142857142857,59.10322300110605,True,False,10.801489505626202,True
AFL,2025-07-08,Loss,-17.250928570383163,99.0,53.42451283276303,True,False,6.23647113462693,True
AXON,2020-05-08,Win,62.93504300172342,47.14285714285714,52.387625265010776,True,False,4.605165456955179,True
AXON,2021-01-07,Loss,-14.815250334321211,94.67857142857143,50.66239061311426,True,True,3.9829360044309503,True
AXON,2021-02-10,Loss,-26.864512073172637,85.25,52.31499511111787,True,False,6.939284049640176,True
AXON,2021-09-21,Loss,-15.873757256610114,10.214285714285714,47.344619196555215,True,False,4.9185444806317005,True
AXON,2021-12-23,Loss,-22.153493132458955,12.571428571428571,49.38465126500154,True,True,4.7272169167117095,True
AXON,2022-03-29,Loss,-25.48415997932124,19.25,45.47258452112694,True,True,6.453592549760385,True
AXON,2022-06-08,Loss,-19.28184402732198,14.142857142857142,50.706659347765026,True,True,3.6988491213457633,True
AXON,2022-07-20,Win,57.49875907680848,16.892857142857142,47.20929061445946,True,True,4.30982250874577,True
AXON,2023-06-09,Win,34.11613896069561,99.0,55.982224969604765,True,True,4.089206390259004,True
AXON,2023-12-01,Win,68.02963637386775,84.07142857142857,59.10322300110605,True,False,10.801489505626202,True
AXON,2025-07-08,Loss,-17.250928570383163,99.0,53.42451283276303,True,False,6.23647113462693,True
FDX,2015-11-20,Loss,-9.198065370374906,,57.81599706627634,True,False,4.577805509052023,True
FDX,2016-02-17,Win,36.45808385777009,48.71428571428571,51.14626231114697,True,False,4.310853984091905,True
FDX,2017-05-31,Win,40.32495074809957,99.0,56.035127118729136,True,False,9.279825945354224,True
FDX,2018-05-24,Win,31.32866632989697,96.64285714285714,55.00633588984589,True,False,6.282207675482315,True
FDX,2019-03-21,Loss,-12.39715596869225,75.42857142857143,59.32911527895679,True,True,7.352612531447212,True
FDX,2020-04-27,Win,67.37246259956801,12.964285714285715,53.35354570978282,True,True,6.576611511200656,True
FDX,2021-06-08,Loss,-18.766533087029696,94.67857142857143,58.533538647676586,True,True,9.492780876039571,True
FDX,2022-07-20,Loss,-13.57959838671325,20.035714285714285,51.34792820551868,True,True,3.980743135354618,True
FDX,2022-12-13,Win,46.113627205446036,72.28571428571428,49.4889520409488,True,True,5.020596165738902,True
FDX,2023-12-27,Loss,-13.086376838508752,99.0,55.70952830116626,True,True,7.876758863770321,True
AIG,2015-11-20,Loss,-9.198065370374906,,57.81599706627634,True,False,4.577805509052023,True
AIG,2016-02-17,Win,36.45808385777009,48.71428571428571,51.14626231114697,True,False,4.310853984091905,True
AIG,2017-05-31,Win,40.32495074809957,99.0,56.035127118729136,True,False,9.279825945354224,True
AIG,2018-05-24,Win,31.32866632989697,96.64285714285714,55.00633588984589,True,False,6.282207675482315,True
AIG,2019-03-21,Loss,-12.39715596869225,75.42857142857143,59.32911527895679,True,True,7.352612531447212,True
AIG,2020-04-27,Win,67.37246259956801,12.964285714285715,53.35354570978282,True,True,6.576611511200656,True
AIG,2021-06-08,Loss,-18.766533087029696,94.67857142857143,58.533538647676586,True,True,9.492780876039571,True
AIG,2022-07-20,Loss,-13.57959838671325,20.035714285714285,51.34792820551868,True,True,3.980743135354618,True
AIG,2022-12-13,Win,46.113627205446036,72.28571428571428,49.4889520409488,True,True,5.020596165738902,True
AIG,2023-12-27,Loss,-13.086376838508752,99.0,55.70952830116626,True,True,7.876758863770321,True
PCAR,2015-11-20,Loss,-9.198065370374906,,57.81599706627634,True,False,4.577805509052023,True
PCAR,2016-02-17,Win,36.45808385777009,48.71428571428571,51.14626231114697,True,False,4.310853984091905,True
PCAR,2017-05-31,Win,40.32495074809957,99.0,56.035127118729136,True,False,9.279825945354224,True
PCAR,2018-05-24,Win,31.32866632989697,96.64285714285714,55.00633588984589,True,False,6.282207675482315,True
PCAR,2019-03-21,Loss,-12.39715596869225,75.42857142857143,59.32911527895679,True,True,7.352612531447212,True
PCAR,2020-04-27,Win,67.37246259956801,12.964285714285715,53.35354570978282,True,True,6.576611511200656,True
PCAR,2021-06-08,Loss,-18.766533087029696,94.67857142857143,58.533538647676586,True,True,9.492780876039571,True
PCAR,2022-07-20,Loss,-13.57959838671325,20.035714285714285,51.34792820551868,True,True,3.980743135354618,True
PCAR,2022-12-13,Win,46.113627205446036,72.28571428571428,49.4889520409488,True,True,5.020596165738902,True
PCAR,2023-12-27,Loss,-13.086376838508752,99.0,55.70952830116626,True,True,7.876758863770321,True
IDXX,2015-11-20,Loss,-9.198065370374906,,57.81599706627634,True,False,4.577805509052023,True
IDXX,2016-02-17,Win,36.45808385777009,48.71428571428571,51.14626231114697,True,False,4.310853984091905,True
IDXX,2017-05-31,Win,40.32495074809957,99.0,56.035127118729136,True,False,9.279825945354224,True
IDXX,2018-05-24,Win,31.32866632989697,96.64285714285714,55.00633588984589,True,False,6.282207675482315,True
IDXX,2019-03-21,Loss,-12.39715596869225,75.42857142857143,59.32911527895679,True,True,7.352612531447212,True
IDXX,2020-04-27,Win,67.37246259956801,12.964285714285715,53.35354570978282,True,True,6.576611511200656,True
IDXX,2021-06-08,Loss,-18.766533087029696,94.67857142857143,58.533538647676586,True,True,9.492780876039571,True
IDXX,2022-07-20,Loss,-13.57959838671325,20.035714285714285,51.34792820551868,True,True,3.980743135354618,True
IDXX,2022-12-13,Win,46.113627205446036,72.28571428571428,49.4889520409488,True,True,5.020596165738902,True
IDXX,2023-12-27,Loss,-13.086376838508752,99.0,55.70952830116626,True,True,7.876758863770321,True
SLB,2015-11-20,Loss,-9.198065370374906,,57.81599706627634,True,False,4.577805509052023,True
SLB,2016-02-17,Win,36.45808385777009,48.71428571428571,51.14626231114697,True,False,4.310853984091905,True
SLB,2017-05-31,Win,40.32495074809957,99.0,56.035127118729136,True,False,9.279825945354224,True
SLB,2018-05-24,Win,31.32866632989697,96.64285714285714,55.00633588984589,True,False,6.282207675482315,True
SLB,2019-03-21,Loss,-12.39715596869225,75.42857142857143,59.32911527895679,True,True,7.352612531447212,True
SLB,2020-04-27,Win,67.37246259956801,12.964285714285715,53.35354570978282,True,True,6.576611511200656,True
SLB,2021-06-08,Loss,-18.766533087029696,94.67857142857143,58.533538647676586,True,True,9.492780876039571,True
SLB,2022-07-20,Loss,-13.57959838671325,20.035714285714285,51.34792820551868,True,True,3.980743135354618,True
SLB,2022-12-13,Win,46.113627205446036,72.28571428571428,49.4889520409488,True,True,5.020596165738902,True
SLB,2023-12-27,Loss,-13.086376838508752,99.0,55.70952830116626,True,True,7.876758863770321,True
WDAY,2015-11-20,Loss,-9.198065370374906,,57.81599706627634,True,False,4.577805509052023,True
WDAY,2016-02-17,Win,36.45808385777009,48.71428571428571,51.14626231114697,True,False,4.310853984091905,True
WDAY,2017-05-31,Win,40.32495074809957,99.0,56.035127118729136,True,False,9.279825945354224,True
WDAY,2018-05-24,Win,31.32866632989697,96.64285714285714,55.00633588984589,True,False,6.282207675482315,True
WDAY,2019-03-21,Loss,-12.39715596869225,75.42857142857143,59.32911527895679,True,True,7.352612531447212,True
WDAY,2020-04-27,Win,67.37246259956801,12.964285714285715,53.35354570978282,True,True,6.576611511200656,True
WDAY,2021-06-08,Loss,-18.766533087029696,94.67857142857143,58.533538647676586,True,True,9.492780876039571,True
WDAY,2022-07-20,Loss,-13.57959838671325,20.035714285714285,51.34792820551868,True,True,3.980743135354618,True
WDAY,2022-12-13,Win,46.113627205446036,72.28571428571428,49.4889520409488,True,True,5.020596165738902,True
WDAY,2023-12-27,Loss,-13.086376838508752,99.0,55.70952830116626,True,True,7.876758863770321,True
FTNT,2015-11-20,Loss,-9.198065370374906,,57.81599706627634,True,False,4.577805509052023,True
FTNT,2016-02-17,Win,36.45808385777009,48.71428571428571,51.14626231114697,True,False,4.310853984091905,True
FTNT,2017-05-31,Win,40.32495074809957,99.0,56.035127118729136,True,False,9.279825945354224,True
FTNT,2018-05-24,Win,31.32866632989697,96.64285714285714,55.00633588984589,True,False,6.282207675482315,True
FTNT,2019-03-21,Loss,-12.39715596869225,75.42857142857143,59.32911527895679,True,True,7.352612531447212,True
FTNT,2020-04-27,Win,67.37246259956801,12.964285714285715,53.35354570978282,True,True,6.576611511200656,True
FTNT,2021-06-08,Loss,-18.766533087029696,94.67857142857143,58.533538647676586,True,True,9.492780876039571,True
FTNT,2022-07-20,Loss,-13.57959838671325,20.035714285714285,51.34792820551868,True,True,3.980743135354618,True
FTNT,2022-12-13,Win,46.113627205446036,72.28571428571428,49.4889520409488,True,True,5.020596165738902,True
FTNT,2023-12-27,Loss,-13.086376838508752,99.0,55.70952830116626,True,True,7.876758863770321,True
LNG,2015-11-20,Loss,-9.198065370374906,,57.81599706627634,True,False,4.577805509052023,True
LNG,2016-02-17,Win,36.45808385777009,48.71428571428571,51.14626231114697,True,False,4.310853984091905,True
LNG,2017-05-31,Win,40.32495074809957,99.0,56.035127118729136,True,False,9.279825945354224,True
LNG,2018-05-24,Win,31.32866632989697,96.64285714285714,55.00633588984589,True,False,6.282207675482315,True
LNG,2019-03-21,Loss,-12.39715596869225,75.42857142857143,59.32911527895679,True,True,7.352612531447212,True
LNG,2020-04-27,Win,67.37246259956801,12.964285714285715,53.35354570978282,True,True,6.576611511200656,True
LNG,2021-06-08,Loss,-18.766533087029696,94.67857142857143,58.533538647676586,True,True,9.492780876039571,True
LNG,2022-07-20,Loss,-13.57959838671325,20.035714285714285,51.34792820551868,True,True,3.980743135354618,True
LNG,2022-12-13,Win,46.113627205446036,72.28571428571428,49.4889520409488,True,True,5.020596165738902,True
LNG,2023-12-27,Loss,-13.086376838508752,99.0,55.70952830116626,True,True,7.876758863770321,True
ROP,2015-11-20,Loss,-9.198065370374906,,57.81599706627634,True,False,4.577805509052023,True
ROP,2016-02-17,Win,36.45808385777009,48.71428571428571,51.14626231114697,True,False,4.310853984091905,True
ROP,2017-05-31,Win,40.32495074809957,99.0,56.035127118729136,True,False,9.279825945354224,True
ROP,2018-05-24,Win,31.32866632989697,96.64285714285714,55.00633588984589,True,False,6.282207675482315,True
ROP,2019-03-21,Loss,-12.39715596869225,75.42857142857143,59.32911527895679,True,True,7.352612531447212,True
ROP,2020-04-27,Win,67.37246259956801,12.964285714285715,53.35354570978282,True,True,6.576611511200656,True
ROP,2021-06-08,Loss,-18.766533087029696,94.67857142857143,58.533538647676586,True,True,9.492780876039571,True
ROP,2022-07-20,Loss,-13.57959838671325,20.035714285714285,51.34792820551868,True,True,3.980743135354618,True
ROP,2022-12-13,Win,46.113627205446036,72.28571428571428,49.4889520409488,True,True,5.020596165738902,True
ROP,2023-12-27,Loss,-13.086376838508752,99.0,55.70952830116626,True,True,7.876758863770321,True
ROST,2015-11-20,Loss,-9.198065370374906,,57.81599706627634,True,False,4.577805509052023,True
ROST,2016-02-17,Win,36.45808385777009,48.71428571428571,51.14626231114697,True,False,4.310853984091905,True
ROST,2017-05-31,Win,40.32495074809957,99.0,56.035127118729136,True,False,9.279825945354224,True
ROST,2018-05-24,Win,31.32866632989697,96.64285714285714,55.00633588984589,True,False,6.282207675482315,True
ROST,2019-03-21,Loss,-12.39715596869225,75.42857142857143,59.32911527895679,True,True,7.352612531447212,True
ROST,2020-04-27,Win,67.37246259956801,12.964285714285715,53.35354570978282,True,True,6.576611511200656,True
ROST,2021-06-08,Loss,-18.766533087029696,94.67857142857143,58.533538647676586,True,True,9.492780876039571,True
ROST,2022-07-20,Loss,-13.57959838671325,20.035714285714285,51.34792820551868,True,True,3.980743135354618,True
ROST,2022-12-13,Win,46.113627205446036,72.28571428571428,49.4889520409488,True,True,5.020596165738902,True
ROST,2023-12-27,Loss,-13.086376838508752,99.0,55.70952830116626,True,True,7.876758863770321,True
EW,2016-03-02,Win,59.61922332122499,11.0,46.70803332603893,True,False,6.837352779512959,True
EW,2017-07-03,Loss,-13.227043442825536,92.71428571428571,47.76360773247983,True,True,9.76083528950701,True
EW,2019-01-14,Loss,-19.47803884899148,10.214285714285714,45.34210170550027,True,False,6.29200119579954,True
EW,2020-05-27,Win,81.94723810906909,21.607142857142858,47.98382828307389,True,False,7.619249224329944,True
EW,2025-01-21,Loss,-18.499323885952744,98.60714285714286,51.07680100393587,True,False,9.631950776960325,True
EW,2025-05-02,Win,68.80660853471835,8.25,54.57207573180295,True,True,9.195240610477105,True
CTVA,2016-03-02,Win,59.61922332122499,11.0,46.70803332603893,True,False,6.837352779512959,True
CTVA,2017-07-03,Loss,-13.227043442825536,92.71428571428571,47.76360773247983,True,True,9.76083528950701,True
CTVA,2019-01-14,Loss,-19.47803884899148,10.214285714285714,45.34210170550027,True,False,6.29200119579954,True
CTVA,2020-05-27,Win,81.94723810906909,21.607142857142858,47.98382828307389,True,False,7.619249224329944,True
CTVA,2025-01-21,Loss,-18.499323885952744,98.60714285714286,51.07680100393587,True,False,9.631950776960325,True
CTVA,2025-05-02,Win,68.80660853471835,8.25,54.57207573180295,True,True,9.195240610477105,True
AMP,2016-03-02,Win,59.61922332122499,11.0,46.70803332603893,True,False,6.837352779512959,True
AMP,2017-07-03,Loss,-13.227043442825536,92.71428571428571,47.76360773247983,True,True,9.76083528950701,True
AMP,2019-01-14,Loss,-19.47803884899148,10.214285714285714,45.34210170550027,True,False,6.29200119579954,True
AMP,2020-05-27,Win,81.94723810906909,21.607142857142858,47.98382828307389,True,False,7.619249224329944,True
AMP,2025-01-21,Loss,-18.499323885952744,98.60714285714286,51.07680100393587,True,False,9.631950776960325,True
AMP,2025-05-02,Win,68.80660853471835,8.25,54.57207573180295,True,True,9.195240610477105,True
CARR,2016-03-02,Win,59.61922332122499,11.0,46.70803332603893,True,False,6.837352779512959,True
CARR,2017-07-03,Loss,-13.227043442825536,92.71428571428571,47.76360773247983,True,True,9.76083528950701,True
CARR,2019-01-14,Loss,-19.47803884899148,10.214285714285714,45.34210170550027,True,False,6.29200119579954,True
CARR,2020-05-27,Win,81.94723810906909,21.607142857142858,47.98382828307389,True,False,7.619249224329944,True
CARR,2025-01-21,Loss,-18.499323885952744,98.60714285714286,51.07680100393587,True,False,9.631950776960325,True
CARR,2025-05-02,Win,68.80660853471835,8.25,54.57207573180295,True,True,9.195240610477105,True
EBAY,2016-03-02,Win,59.61922332122499,11.0,46.70803332603893,True,False,6.837352779512959,True
EBAY,2017-07-03,Loss,-13.227043442825536,92.71428571428571,47.76360773247983,True,True,9.76083528950701,True
EBAY,2019-01-14,Loss,-19.47803884899148,10.214285714285714,45.34210170550027,True,False,6.29200119579954,True
EBAY,2020-05-27,Win,81.94723810906909,21.607142857142858,47.98382828307389,True,False,7.619249224329944,True
EBAY,2025-01-21,Loss,-18.499323885952744,98.60714285714286,51.07680100393587,True,False,9.631950776960325,True
EBAY,2025-05-02,Win,68.80660853471835,8.25,54.57207573180295,True,True,9.195240610477105,True
AME,2016-03-02,Win,59.61922332122499,11.0,46.70803332603893,True,False,6.837352779512959,True
AME,2017-07-03,Loss,-13.227043442825536,92.71428571428571,47.76360773247983,True,True,9.76083528950701,True
AME,2019-01-14,Loss,-19.47803884899148,10.214285714285714,45.34210170550027,True,False,6.29200119579954,True
AME,2020-05-27,Win,81.94723810906909,21.607142857142858,47.98382828307389,True,False,7.619249224329944,True
AME,2025-01-21,Loss,-18.499323885952744,98.60714285714286,51.07680100393587,True,False,9.631950776960325,True
AME,2025-05-02,Win,68.80660853471835,8.25,54.57207573180295,True,True,9.195240610477105,True
DHI,2016-03-02,Win,59.61922332122499,11.0,46.70803332603893,True,False,6.837352779512959,True
DHI,2017-07-03,Loss,-13.227043442825536,92.71428571428571,47.76360773247983,True,True,9.76083528950701,True
DHI,2019-01-14,Loss,-19.47803884899148,10.214285714285714,45.34210170550027,True,False,6.29200119579954,True
DHI,2020-05-27,Win,81.94723810906909,21.607142857142858,47.98382828307389,True,False,7.619249224329944,True
DHI,2025-01-21,Loss,-18.499323885952744,98.60714285714286,51.07680100393587,True,False,9.631950776960325,True
DHI,2025-05-02,Win,68.80660853471835,8.25,54.57207573180295,True,True,9.195240610477105,True
DDOG,2016-03-02,Win,59.61922332122499,11.0,46.70803332603893,True,False,6.837352779512959,True
DDOG,2017-07-03,Loss,-13.227043442825536,92.71428571428571,47.76360773247983,True,True,9.76083528950701,True
DDOG,2019-01-14,Loss,-19.47803884899148,10.214285714285714,45.34210170550027,True,False,6.29200119579954,True
DDOG,2020-05-27,Win,81.94723810906909,21.607142857142858,47.98382828307389,True,False,7.619249224329944,True
DDOG,2025-01-21,Loss,-18.499323885952744,98.60714285714286,51.07680100393587,True,False,9.631950776960325,True
DDOG,2025-05-02,Win,68.80660853471835,8.25,54.57207573180295,True,True,9.195240610477105,True
FEAM,2016-03-01,Win,61.5545744858453,12.178571428571427,47.555806715242625,True,True,6.33514170850711,True
FEAM,2016-12-01,Loss,-24.314995886342746,99.0,55.69413257299317,True,False,11.564615619670741,True
FEAM,2020-05-26,Win,60.910523388592274,49.10714285714286,51.01863158147678,True,True,6.262651209909672,True
FEAM,2021-01-06,Win,53.16449774348404,99.0,53.30626461013173,True,False,8.10646672241736,True
FEAM,2022-07-19,Win,40.56702879499808,21.607142857142858,51.355906835669195,True,False,5.580287571800008,True
FEAM,2024-08-30,Win,41.95194849843301,88.0,52.778398886824526,True,True,10.44507192004979,True
F,2016-03-01,Win,61.5545744858453,12.178571428571427,47.555806715242625,True,True,6.33514170850711,True
F,2016-12-01,Loss,-24.314995886342746,99.0,55.69413257299317,True,False,11.564615619670741,True
F,2020-05-26,Win,60.910523388592274,49.10714285714286,51.01863158147678,True,True,6.262651209909672,True
F,2021-01-06,Win,53.16449774348404,99.0,53.30626461013173,True,False,8.10646672241736,True
F,2022-07-19,Win,40.56702879499808,21.607142857142858,51.355906835669195,True,False,5.580287571800008,True
F,2024-08-30,Win,41.95194849843301,88.0,52.778398886824526,True,True,10.44507192004979,True
RSG,2016-02-18,Win,46.97314073854763,14.535714285714286,47.94418194466633,True,False,4.905943715098256,True
RSG,2016-12-07,Loss,-8.539067770595263,87.60714285714285,48.973470984430044,True,True,4.105062878909873,True
RSG,2017-03-01,Loss,-10.809987408874527,24.75,47.07882766094168,True,True,8.504668909985078,True
RSG,2017-10-09,Win,22.512393845432307,17.285714285714285,51.515060759087696,True,True,6.685264084201271,True
RSG,2018-01-03,Loss,-5.180482221798794,95.85714285714286,54.78406324663201,True,True,4.448758169311959,False
RSG,2018-05-14,Win,48.38493354142613,40.857142857142854,49.02835883009048,True,True,6.989464014860659,True
RSG,2019-06-20,Loss,-13.541409765869188,78.17857142857143,52.13098343668053,True,True,5.682636609058891,True
RSG,2020-04-14,Win,80.11607235960065,9.821428571428571,50.133379083845554,True,True,5.645250663438332,True
RSG,2020-12-04,Loss,-14.239276495703942,99.0,48.33778481758407,True,True,5.413210660225119,True
RSG,2021-04-01,Win,37.57849236108646,42.82142857142858,46.572692133346024,True,True,4.484729393633658,True
RSG,2022-07-14,Loss,-18.347147037943216,39.285714285714285,53.431479677234705,True,True,5.077799735091378,True
RSG,2022-11-11,Win,53.21235473579169,7.857142857142857,46.53917530641229,True,False,4.664917307623068,True
RSG,2024-05-14,Loss,-18.921940345265433,99.0,53.36412238588698,True,True,9.181855258971733,True
RSG,2024-10-14,Loss,-9.915303591636913,26.71428571428571,49.50014872538222,True,True,3.6069019189202183,True
RSG,2025-01-21,Loss,-12.452096420152577,16.892857142857142,46.24659338359289,True,True,5.725525872697487,True
MSCI,2016-02-18,Win,46.97314073854763,14.535714285714286,47.94418194466633,True,False,4.905943715098256,True
MSCI,2016-12-07,Loss,-8.539067770595263,87.60714285714285,48.973470984430044,True,True,4.105062878909873,True
MSCI,2017-03-01,Loss,-10.809987408874527,24.75,47.07882766094168,True,True,8.504668909985078,True
MSCI,2017-10-09,Win,22.512393845432307,17.285714285714285,51.515060759087696,True,True,6.685264084201271,True
MSCI,2018-01-03,Loss,-5.180482221798794,95.85714285714286,54.78406324663201,True,True,4.448758169311959,False
MSCI,2018-05-14,Win,48.38493354142613,40.857142857142854,49.02835883009048,True,True,6.989464014860659,True
MSCI,2019-06-20,Loss,-13.541409765869188,78.17857142857143,52.13098343668053,True,True,5.682636609058891,True
MSCI,2020-04-14,Win,80.11607235960065,9.821428571428571,50.133379083845554,True,True,5.645250663438332,True
MSCI,2020-12-04,Loss,-14.239276495703942,99.0,48.33778481758407,True,True,5.413210660225119,True
MSCI,2021-04-01,Win,37.57849236108646,42.82142857142858,46.572692133346024,True,True,4.484729393633658,True
MSCI,2022-07-14,Loss,-18.347147037943216,39.285714285714285,53.431479677234705,True,True,5.077799735091378,True
MSCI,2022-11-11,Win,53.21235473579169,7.857142857142857,46.53917530641229,True,False,4.664917307623068,True
MSCI,2024-05-14,Loss,-18.921940345265433,99.0,53.36412238588698,True,True,9.181855258971733,True
MSCI,2024-10-14,Loss,-9.915303591636913,26.71428571428571,49.50014872538222,True,True,3.6069019189202183,True
MSCI,2025-01-21,Loss,-12.452096420152577,16.892857142857142,46.24659338359289,True,True,5.725525872697487,True
GWW,2016-02-18,Win,46.97314073854763,14.535714285714286,47.94418194466633,True,False,4.905943715098256,True
GWW,2016-12-07,Loss,-8.539067770595263,87.60714285714285,48.973470984430044,True,True,4.105062878909873,True
GWW,2017-03-01,Loss,-10.809987408874527,24.75,47.07882766094168,True,True,8.504668909985078,True
GWW,2017-10-09,Win,22.512393845432307,17.285714285714285,51.515060759087696,True,True,6.685264084201271,True
GWW,2018-01-03,Loss,-5.180482221798794,95.85714285714286,54.78406324663201,True,True,4.448758169311959,False
GWW,2018-05-14,Win,48.38493354142613,40.857142857142854,49.02835883009048,True,True,6.989464014860659,True
GWW,2019-06-20,Loss,-13.541409765869188,78.17857142857143,52.13098343668053,True,True,5.682636609058891,True
GWW,2020-04-14,Win,80.11607235960065,9.821428571428571,50.133379083845554,True,True,5.645250663438332,True
GWW,2020-12-04,Loss,-14.239276495703942,99.0,48.33778481758407,True,True,5.413210660225119,True
GWW,2021-04-01,Win,37.57849236108646,42.82142857142858,46.572692133346024,True,True,4.484729393633658,True
GWW,2022-07-14,Loss,-18.347147037943216,39.285714285714285,53.431479677234705,True,True,5.077799735091378,True
GWW,2022-11-11,Win,53.21235473579169,7.857142857142857,46.53917530641229,True,False,4.664917307623068,True
GWW,2024-05-14,Loss,-18.921940345265433,99.0,53.36412238588698,True,True,9.181855258971733,True
GWW,2024-10-14,Loss,-9.915303591636913,26.71428571428571,49.50014872538222,True,True,3.6069019189202183,True
GWW,2025-01-21,Loss,-12.452096420152577,16.892857142857142,46.24659338359289,True,True,5.725525872697487,True
WBD,2016-02-18,Win,46.97314073854763,14.535714285714286,47.94418194466633,True,False,4.905943715098256,True
WBD,2016-12-07,Loss,-8.539067770595263,87.60714285714285,48.973470984430044,True,True,4.105062878909873,True
WBD,2017-03-01,Loss,-10.809987408874527,24.75,47.07882766094168,True,True,8.504668909985078,True
WBD,2017-10-09,Win,22.512393845432307,17.285714285714285,51.515060759087696,True,True,6.685264084201271,True
WBD,2018-01-03,Loss,-5.180482221798794,95.85714285714286,54.78406324663201,True,True,4.448758169311959,False
WBD,2018-05-14,Win,48.38493354142613,40.857142857142854,49.02835883009048,True,True,6.989464014860659,True
WBD,2019-06-20,Loss,-13.541409765869188,78.17857142857143,52.13098343668053,True,True,5.682636609058891,True
WBD,2020-04-14,Win,80.11607235960065,9.821428571428571,50.133379083845554,True,True,5.645250663438332,True
WBD,2020-12-04,Loss,-14.239276495703942,99.0,48.33778481758407,True,True,5.413210660225119,True
WBD,2021-04-01,Win,37.57849236108646,42.82142857142858,46.572692133346024,True,True,4.484729393633658,True
WBD,2022-07-14,Loss,-18.347147037943216,39.285714285714285,53.431479677234705,True,True,5.077799735091378,True
WBD,2022-11-11,Win,53.21235473579169,7.857142857142857,46.53917530641229,True,False,4.664917307623068,True
WBD,2024-05-14,Loss,-18.921940345265433,99.0,53.36412238588698,True,True,9.181855258971733,True
WBD,2024-10-14,Loss,-9.915303591636913,26.71428571428571,49.50014872538222,True,True,3.6069019189202183,True
WBD,2025-01-21,Loss,-12.452096420152577,16.892857142857142,46.24659338359289,True,True,5.725525872697487,True
MET,2016-02-18,Win,46.97314073854763,14.535714285714286,47.94418194466633,True,False,4.905943715098256,True
MET,2016-12-07,Loss,-8.539067770595263,87.60714285714285,48.973470984430044,True,True,4.105062878909873,True
MET,2017-03-01,Loss,-10.809987408874527,24.75,47.07882766094168,True,True,8.504668909985078,True
MET,2017-10-09,Win,22.512393845432307,17.285714285714285,51.515060759087696,True,True,6.685264084201271,True
MET,2018-01-03,Loss,-5.180482221798794,95.85714285714286,54.78406324663201,True,True,4.448758169311959,False
MET,2018-05-14,Win,48.38493354142613,40.857142857142854,49.02835883009048,True,True,6.989464014860659,True
MET,2019-06-20,Loss,-13.541409765869188,78.17857142857143,52.13098343668053,True,True,5.682636609058891,True
MET,2020-04-14,Win,80.11607235960065,9.821428571428571,50.133379083845554,True,True,5.645250663438332,True
MET,2020-12-04,Loss,-14.239276495703942,99.0,48.33778481758407,True,True,5.413210660225119,True
MET,2021-04-01,Win,37.57849236108646,42.82142857142858,46.572692133346024,True,True,4.484729393633658,True
MET,2022-07-14,Loss,-18.347147037943216,39.285714285714285,53.431479677234705,True,True,5.077799735091378,True
MET,2022-11-11,Win,53.21235473579169,7.857142857142857,46.53917530641229,True,False,4.664917307623068,True
MET,2024-05-14,Loss,-18.921940345265433,99.0,53.36412238588698,True,True,9.181855258971733,True
MET,2024-10-14,Loss,-9.915303591636913,26.71428571428571,49.50014872538222,True,True,3.6069019189202183,True
MET,2025-01-21,Loss,-12.452096420152577,16.892857142857142,46.24659338359289,True,True,5.725525872697487,True
TTWO,2016-02-18,Win,46.97314073854763,14.535714285714286,47.94418194466633,True,False,4.905943715098256,True
TTWO,2016-12-07,Loss,-8.539067770595263,87.60714285714285,48.973470984430044,True,True,4.105062878909873,True
TTWO,2017-03-01,Loss,-10.809987408874527,24.75,47.07882766094168,True,True,8.504668909985078,True
TTWO,2017-10-09,Win,22.512393845432307,17.285714285714285,51.515060759087696,True,True,6.685264084201271,True
TTWO,2018-01-03,Loss,-5.180482221798794,95.85714285714286,54.78406324663201,True,True,4.448758169311959,False
TTWO,2018-05-14,Win,48.38493354142613,40.857142857142854,49.02835883009048,True,True,6.989464014860659,True
TTWO,2019-06-20,Loss,-13.541409765869188,78.17857142857143,52.13098343668053,True,True,5.682636609058891,True
TTWO,2020-04-14,Win,80.11607235960065,9.821428571428571,50.133379083845554,True,True,5.645250663438332,True
TTWO,2020-12-04,Loss,-14.239276495703942,99.0,48.33778481758407,True,True,5.413210660225119,True
TTWO,2021-04-01,Win,37.57849236108646,42.82142857142858,46.572692133346024,True,True,4.484729393633658,True
TTWO,2022-07-14,Loss,-18.347147037943216,39.285714285714285,53.431479677234705,True,True,5.077799735091378,True
TTWO,2022-11-11,Win,53.21235473579169,7.857142857142857,46.53917530641229,True,False,4.664917307623068,True
TTWO,2024-05-14,Loss,-18.921940345265433,99.0,53.36412238588698,True,True,9.181855258971733,True
TTWO,2024-10-14,Loss,-9.915303591636913,26.71428571428571,49.50014872538222,True,True,3.6069019189202183,True
TTWO,2025-01-21,Loss,-12.452096420152577,16.892857142857142,46.24659338359289,True,True,5.725525872697487,True
OKE,2016-02-18,Win,46.97314073854763,14.535714285714286,47.94418194466633,True,False,4.905943715098256,True
OKE,2016-12-07,Loss,-8.539067770595263,87.60714285714285,48.973470984430044,True,True,4.105062878909873,True
OKE,2017-03-01,Loss,-10.809987408874527,24.75,47.07882766094168,True,True,8.504668909985078,True
OKE,2017-10-09,Win,22.512393845432307,17.285714285714285,51.515060759087696,True,True,6.685264084201271,True
OKE,2018-01-03,Loss,-5.180482221798794,95.85714285714286,54.78406324663201,True,True,4.448758169311959,False
OKE,2018-05-14,Win,48.38493354142613,40.857142857142854,49.02835883009048,True,True,6.989464014860659,True
OKE,2019-06-20,Loss,-13.541409765869188,78.17857142857143,52.13098343668053,True,True,5.682636609058891,True
OKE,2020-04-14,Win,80.11607235960065,9.821428571428571,50.133379083845554,True,True,5.645250663438332,True
OKE,2020-12-04,Loss,-14.239276495703942,99.0,48.33778481758407,True,True,5.413210660225119,True
OKE,2021-04-01,Win,37.57849236108646,42.82142857142858,46.572692133346024,True,True,4.484729393633658,True
OKE,2022-07-14,Loss,-18.347147037943216,39.285714285714285,53.431479677234705,True,True,5.077799735091378,True
OKE,2022-11-11,Win,53.21235473579169,7.857142857142857,46.53917530641229,True,False,4.664917307623068,True
OKE,2024-05-14,Loss,-18.921940345265433,99.0,53.36412238588698,True,True,9.181855258971733,True
OKE,2024-10-14,Loss,-9.915303591636913,26.71428571428571,49.50014872538222,True,True,3.6069019189202183,True
OKE,2025-01-21,Loss,-12.452096420152577,16.892857142857142,46.24659338359289,True,True,5.725525872697487,True
MNST,2016-02-18,Win,46.97314073854763,14.535714285714286,47.94418194466633,True,False,4.905943715098256,True
MNST,2016-12-07,Loss,-8.539067770595263,87.60714285714285,48.973470984430044,True,True,4.105062878909873,True
MNST,2017-03-01,Loss,-10.809987408874527,24.75,47.07882766094168,True,True,8.504668909985078,True
MNST,2017-10-09,Win,22.512393845432307,17.285714285714285,51.515060759087696,True,True,6.685264084201271,True
MNST,2018-01-03,Loss,-5.180482221798794,95.85714285714286,54.78406324663201,True,True,4.448758169311959,False
MNST,2018-05-14,Win,48.38493354142613,40.857142857142854,49.02835883009048,True,True,6.989464014860659,True
MNST,2019-06-20,Loss,-13.541409765869188,78.17857142857143,52.13098343668053,True,True,5.682636609058891,True
MNST,2020-04-14,Win,80.11607235960065,9.821428571428571,50.133379083845554,True,True,5.645250663438332,True
MNST,2020-12-04,Loss,-14.239276495703942,99.0,48.33778481758407,True,True,5.413210660225119,True
MNST,2021-04-01,Win,37.57849236108646,42.82142857142858,46.572692133346024,True,True,4.484729393633658,True
MNST,2022-07-14,Loss,-18.347147037943216,39.285714285714285,53.431479677234705,True,True,5.077799735091378,True
MNST,2022-11-11,Win,53.21235473579169,7.857142857142857,46.53917530641229,True,False,4.664917307623068,True
MNST,2024-05-14,Loss,-18.921940345265433,99.0,53.36412238588698,True,True,9.181855258971733,True
MNST,2024-10-14,Loss,-9.915303591636913,26.71428571428571,49.50014872538222,True,True,3.6069019189202183,True
MNST,2025-01-21,Loss,-12.452096420152577,16.892857142857142,46.24659338359289,True,True,5.725525872697487,True
PSA,2016-02-18,Win,46.97314073854763,14.535714285714286,47.94418194466633,True,False,4.905943715098256,True
PSA,2016-12-07,Loss,-8.539067770595263,87.60714285714285,48.973470984430044,True,True,4.105062878909873,True
PSA,2017-03-01,Loss,-10.809987408874527,24.75,47.07882766094168,True,True,8.504668909985078,True
PSA,2017-10-09,Win,22.512393845432307,17.285714285714285,51.515060759087696,True,True,6.685264084201271,True
PSA,2018-01-03,Loss,-5.180482221798794,95.85714285714286,54.78406324663201,True,True,4.448758169311959,False
PSA,2018-05-14,Win,48.38493354142613,40.857142857142854,49.02835883009048,True,True,6.989464014860659,True
PSA,2019-06-20,Loss,-13.541409765869188,78.17857142857143,52.13098343668053,True,True,5.682636609058891,True
PSA,2020-04-14,Win,80.11607235960065,9.821428571428571,50.133379083845554,True,True,5.645250663438332,True
PSA,2020-12-04,Loss,-14.239276495703942,99.0,48.33778481758407,True,True,5.413210660225119,True
PSA,2021-04-01,Win,37.57849236108646,42.82142857142858,46.572692133346024,True,True,4.484729393633658,True
PSA,2022-07-14,Loss,-18.347147037943216,39.285714285714285,53.431479677234705,True,True,5.077799735091378,True
PSA,2022-11-11,Win,53.21235473579169,7.857142857142857,46.53917530641229,True,False,4.664917307623068,True
PSA,2024-05-14,Loss,-18.921940345265433,99.0,53.36412238588698,True,True,9.181855258971733,True
PSA,2024-10-14,Loss,-9.915303591636913,26.71428571428571,49.50014872538222,True,True,3.6069019189202183,True
PSA,2025-01-21,Loss,-12.452096420152577,16.892857142857142,46.24659338359289,True,True,5.725525872697487,True
VEEV,2016-02-18,Win,46.97314073854763,14.535714285714286,47.94418194466633,True,False,4.905943715098256,True
VEEV,2016-12-07,Loss,-8.539067770595263,87.60714285714285,48.973470984430044,True,True,4.105062878909873,True
VEEV,2017-03-01,Loss,-10.809987408874527,24.75,47.07882766094168,True,True,8.504668909985078,True
VEEV,2017-10-09,Win,22.512393845432307,17.285714285714285,51.515060759087696,True,True,6.685264084201271,True
VEEV,2018-01-03,Loss,-5.180482221798794,95.85714285714286,54.78406324663201,True,True,4.448758169311959,False
VEEV,2018-05-14,Win,48.38493354142613,40.857142857142854,49.02835883009048,True,True,6.989464014860659,True
VEEV,2019-06-20,Loss,-13.541409765869188,78.17857142857143,52.13098343668053,True,True,5.682636609058891,True
VEEV,2020-04-14,Win,80.11607235960065,9.821428571428571,50.133379083845554,True,True,5.645250663438332,True
VEEV,2020-12-04,Loss,-14.239276495703942,99.0,48.33778481758407,True,True,5.413210660225119,True
VEEV,2021-04-01,Win,37.57849236108646,42.82142857142858,46.572692133346024,True,True,4.484729393633658,True
VEEV,2022-07-14,Loss,-18.347147037943216,39.285714285714285,53.431479677234705,True,True,5.077799735091378,True
VEEV,2022-11-11,Win,53.21235473579169,7.857142857142857,46.53917530641229,True,False,4.664917307623068,True
VEEV,2024-05-14,Loss,-18.921940345265433,99.0,53.36412238588698,True,True,9.181855258971733,True
VEEV,2024-10-14,Loss,-9.915303591636913,26.71428571428571,49.50014872538222,True,True,3.6069019189202183,True
VEEV,2025-01-21,Loss,-12.452096420152577,16.892857142857142,46.24659338359289,True,True,5.725525872697487,True
CAH,2015-12-07,Win,17.99997045823612,,51.48284028468832,True,False,4.38169444702138,False
CAH,2016-03-29,Loss,-8.09213632761502,99.0,63.271390077861525,True,True,6.79614142984726,True
CAH,2016-06-07,Loss,-7.113039660958154,78.96428571428572,54.99396379300529,True,True,5.5234759148319865,True
CAH,2016-11-22,Loss,-8.891123672722163,20.428571428571427,47.24176374301255,True,True,5.889390353747122,True
CAH,2017-07-27,Win,36.80816590161539,55.0,45.76907693361722,True,False,10.101336496803237,True
CAH,2019-05-20,Loss,-7.413969098714807,55.0,58.65546667611912,True,False,4.8804573795888775,True
CAH,2019-08-28,Loss,-7.986549664826119,12.178571428571427,46.51410704251859,True,False,5.509770751843816,True
CAH,2020-04-07,Loss,-16.0000288330508,9.821428571428571,52.564715392939476,True,True,3.949115710904975,True
CAH,2022-11-10,Loss,-12.100210425386337,16.5,43.270998638897034,True,True,6.441658128442129,True
CAH,2023-08-29,Loss,-9.090798724125735,89.96428571428571,49.740742748234254,True,True,6.407892139248526,True
CAH,2023-10-24,Win,41.65716799953583,97.42857142857142,46.663320360437226,True,False,7.140089008820276,True
DAL,2015-12-15,Loss,-10.271730593349181,,52.29566971184815,True,False,5.995713033742059,True
DAL,2016-02-17,Win,72.99210946652221,18.464285714285715,50.29359892885707,True,False,7.19655191345246,True
DAL,2018-03-09,Loss,-22.61214600947183,64.82142857142857,49.44521860872436,True,False,11.755602911024226,True
DAL,2019-01-24,Loss,-12.33663972357247,17.67857142857143,44.348488796002165,True,True,4.839364796638015,True
DAL,2020-04-29,Win,67.3801157423889,13.75,45.78190788631537,True,True,7.161292729029704,True
DAL,2021-11-08,Loss,-12.064841586889537,72.67857142857142,52.37843374872018,True,False,4.873677559554605,True
DAL,2021-12-22,Loss,-15.470793175885367,11.785714285714285,47.79479509846076,True,False,4.427301614204623,True
DAL,2022-03-29,Loss,-25.77653866901608,18.07142857142857,48.15873648771808,True,True,8.154782549569079,True
DAL,2022-07-28,Loss,-14.479195333218318,9.428571428571429,50.02658009738211,True,False,5.466984727719504,True
DAL,2022-10-25,Win,46.42518350716266,35.75,52.216828756753344,True,True,4.9400427753889415,True
DAL,2023-07-11,Win,27.551930373168137,95.46428571428572,47.766140169383014,True,False,4.906669232093343,True
DAL,2023-12-26,Win,46.155914540082776,93.5,54.193871377193005,True,True,9.384526080004242,True
DAL,2024-12-05,Loss,-9.059303406269995,99.0,62.23104309102081,True,True,5.18336637446079,True
DAL,2025-02-18,Loss,-12.405733031305953,73.46428571428572,48.713174939441245,True,True,5.988796570118275,True
XEL,2015-12-07,Win,17.99997045823612,,51.48284028468832,True,False,4.38169444702138,False
XEL,2016-03-29,Loss,-8.09213632761502,99.0,63.271390077861525,True,True,6.79614142984726,True
XEL,2016-06-07,Loss,-7.113039660958154,78.96428571428572,54.99396379300529,True,True,5.5234759148319865,True
XEL,2016-11-22,Loss,-8.891123672722163,20.428571428571427,47.24176374301255,True,True,5.889390353747122,True
XEL,2017-07-27,Win,36.80816590161539,55.0,45.76907693361722,True,False,10.101336496803237,True
XEL,2019-05-20,Loss,-7.413969098714807,55.0,58.65546667611912,True,False,4.8804573795888775,True
XEL,2019-08-28,Loss,-7.986549664826119,12.178571428571427,46.51410704251859,True,False,5.509770751843816,True
XEL,2020-04-07,Loss,-16.0000288330508,9.821428571428571,52.564715392939476,True,True,3.949115710904975,True
XEL,2022-11-10,Loss,-12.100210425386337,16.5,43.270998638897034,True,True,6.441658128442129,True
XEL,2023-08-29,Loss,-9.090798724125735,89.96428571428571,49.740742748234254,True,True,6.407892139248526,True
XEL,2023-10-24,Win,41.65716799953583,97.42857142857142,46.663320360437226,True,False,7.140089008820276,True
CPRT,2015-12-15,Loss,-10.271730593349181,,52.29566971184815,True,False,5.995713033742059,True
CPRT,2016-02-17,Win,72.99210946652221,18.464285714285715,50.29359892885707,True,False,7.19655191345246,True
CPRT,2018-03-09,Loss,-22.61214600947183,64.82142857142857,49.44521860872436,True,False,11.755602911024226,True
CPRT,2019-01-24,Loss,-12.33663972357247,17.67857142857143,44.348488796002165,True,True,4.839364796638015,True
CPRT,2020-04-29,Win,67.3801157423889,13.75,45.78190788631537,True,True,7.161292729029704,True
CPRT,2021-11-08,Loss,-12.064841586889537,72.67857142857142,52.37843374872018,True,False,4.873677559554605,True
CPRT,2021-12-22,Loss,-15.470793175885367,11.785714285714285,47.79479509846076,True,False,4.427301614204623,True
CPRT,2022-03-29,Loss,-25.77653866901608,18.07142857142857,48.15873648771808,True,True,8.154782549569079,True
CPRT,2022-07-28,Loss,-14.479195333218318,9.428571428571429,50.02658009738211,True,False,5.466984727719504,True
CPRT,2022-10-25,Win,46.42518350716266,35.75,52.216828756753344,True,True,4.9400427753889415,True
CPRT,2023-07-11,Win,27.551930373168137,95.46428571428572,47.766140169383014,True,False,4.906669232093343,True
CPRT,2023-12-26,Win,46.155914540082776,93.5,54.193871377193005,True,True,9.384526080004242,True
CPRT,2024-12-05,Loss,-9.059303406269995,99.0,62.23104309102081,True,True,5.18336637446079,True
CPRT,2025-02-18,Loss,-12.405733031305953,73.46428571428572,48.713174939441245,True,True,5.988796570118275,True
CCI,2015-12-15,Loss,-10.271730593349181,,52.29566971184815,True,False,5.995713033742059,True
CCI,2016-02-17,Win,72.99210946652221,18.464285714285715,50.29359892885707,True,False,7.19655191345246,True
CCI,2018-03-09,Loss,-22.61214600947183,64.82142857142857,49.44521860872436,True,False,11.755602911024226,True
CCI,2019-01-24,Loss,-12.33663972357247,17.67857142857143,44.348488796002165,True,True,4.839364796638015,True
CCI,2020-04-29,Win,67.3801157423889,13.75,45.78190788631537,True,True,7.161292729029704,True
CCI,2021-11-08,Loss,-12.064841586889537,72.67857142857142,52.37843374872018,True,False,4.873677559554605,True
CCI,2021-12-22,Loss,-15.470793175885367,11.785714285714285,47.79479509846076,True,False,4.427301614204623,True
CCI,2022-03-29,Loss,-25.77653866901608,18.07142857142857,48.15873648771808,True,True,8.154782549569079,True
CCI,2022-07-28,Loss,-14.479195333218318,9.428571428571429,50.02658009738211,True,False,5.466984727719504,True
CCI,2022-10-25,Win,46.42518350716266,35.75,52.216828756753344,True,True,4.9400427753889415,True
CCI,2023-07-11,Win,27.551930373168137,95.46428571428572,47.766140169383014,True,False,4.906669232093343,True
CCI,2023-12-26,Win,46.155914540082776,93.5,54.193871377193005,True,True,9.384526080004242,True
CCI,2024-12-05,Loss,-9.059303406269995,99.0,62.23104309102081,True,True,5.18336637446079,True
CCI,2025-02-18,Loss,-12.405733031305953,73.46428571428572,48.713174939441245,True,True,5.988796570118275,True
DELL,2015-12-15,Loss,-10.271730593349181,,52.29566971184815,True,False,5.995713033742059,True
DELL,2016-02-17,Win,72.99210946652221,18.464285714285715,50.29359892885707,True,False,7.19655191345246,True
DELL,2018-03-09,Loss,-22.61214600947183,64.82142857142857,49.44521860872436,True,False,11.755602911024226,True
DELL,2019-01-24,Loss,-12.33663972357247,17.67857142857143,44.348488796002165,True,True,4.839364796638015,True
DELL,2020-04-29,Win,67.3801157423889,13.75,45.78190788631537,True,True,7.161292729029704,True
DELL,2021-11-08,Loss,-12.064841586889537,72.67857142857142,52.37843374872018,True,False,4.873677559554605,True
DELL,2021-12-22,Loss,-15.470793175885367,11.785714285714285,47.79479509846076,True,False,4.427301614204623,True
DELL,2022-03-29,Loss,-25.77653866901608,18.07142857142857,48.15873648771808,True,True,8.154782549569079,True
DELL,2022-07-28,Loss,-14.479195333218318,9.428571428571429,50.02658009738211,True,False,5.466984727719504,True
DELL,2022-10-25,Win,46.42518350716266,35.75,52.216828756753344,True,True,4.9400427753889415,True
DELL,2023-07-11,Win,27.551930373168137,95.46428571428572,47.766140169383014,True,False,4.906669232093343,True
DELL,2023-12-26,Win,46.155914540082776,93.5,54.193871377193005,True,True,9.384526080004242,True
DELL,2024-12-05,Loss,-9.059303406269995,99.0,62.23104309102081,True,True,5.18336637446079,True
DELL,2025-02-18,Loss,-12.405733031305953,73.46428571428572,48.713174939441245,True,True,5.988796570118275,True
A,2015-12-15,Loss,-10.271730593349181,,52.29566971184815,True,False,5.995713033742059,True
A,2016-02-17,Win,72.99210946652221,18.464285714285715,50.29359892885707,True,False,7.19655191345246,True
A,2018-03-09,Loss,-22.61214600947183,64.82142857142857,49.44521860872436,True,False,11.755602911024226,True
A,2019-01-24,Loss,-12.33663972357247,17.67857142857143,44.348488796002165,True,True,4.839364796638015,True
A,2020-04-29,Win,67.3801157423889,13.75,45.78190788631537,True,True,7.161292729029704,True
A,2021-11-08,Loss,-12.064841586889537,72.67857142857142,52.37843374872018,True,False,4.873677559554605,True
A,2021-12-22,Loss,-15.470793175885367,11.785714285714285,47.79479509846076,True,False,4.427301614204623,True
A,2022-03-29,Loss,-25.77653866901608,18.07142857142857,48.15873648771808,True,True,8.154782549569079,True
A,2022-07-28,Loss,-14.479195333218318,9.428571428571429,50.02658009738211,True,False,5.466984727719504,True
A,2022-10-25,Win,46.42518350716266,35.75,52.216828756753344,True,True,4.9400427753889415,True
A,2023-07-11,Win,27.551930373168137,95.46428571428572,47.766140169383014,True,False,4.906669232093343,True
A,2023-12-26,Win,46.155914540082776,93.5,54.193871377193005,True,True,9.384526080004242,True
A,2024-12-05,Loss,-9.059303406269995,99.0,62.23104309102081,True,True,5.18336637446079,True
A,2025-02-18,Loss,-12.405733031305953,73.46428571428572,48.713174939441245,True,True,5.988796570118275,True
CPNG,2015-12-15,Loss,-10.271730593349181,,52.29566971184815,True,False,5.995713033742059,True
CPNG,2016-02-17,Win,72.99210946652221,18.464285714285715,50.29359892885707,True,False,7.19655191345246,True
CPNG,2018-03-09,Loss,-22.61214600947183,64.82142857142857,49.44521860872436,True,False,11.755602911024226,True
CPNG,2019-01-24,Loss,-12.33663972357247,17.67857142857143,44.348488796002165,True,True,4.839364796638015,True
CPNG,2020-04-29,Win,67.3801157423889,13.75,45.78190788631537,True,True,7.161292729029704,True
CPNG,2021-11-08,Loss,-12.064841586889537,72.67857142857142,52.37843374872018,True,False,4.873677559554605,True
CPNG,2021-12-22,Loss,-15.470793175885367,11.785714285714285,47.79479509846076,True,False,4.427301614204623,True
CPNG,2022-03-29,Loss,-25.77653866901608,18.07142857142857,48.15873648771808,True,True,8.154782549569079,True
CPNG,2022-07-28,Loss,-14.479195333218318,9.428571428571429,50.02658009738211,True,False,5.466984727719504,True
CPNG,2022-10-25,Win,46.42518350716266,35.75,52.216828756753344,True,True,4.9400427753889415,True
CPNG,2023-07-11,Win,27.551930373168137,95.46428571428572,47.766140169383014,True,False,4.906669232093343,True
CPNG,2023-12-26,Win,46.155914540082776,93.5,54.193871377193005,True,True,9.384526080004242,True
CPNG,2024-12-05,Loss,-9.059303406269995,99.0,62.23104309102081,True,True,5.18336637446079,True
CPNG,2025-02-18,Loss,-12.405733031305953,73.46428571428572,48.713174939441245,True,True,5.988796570118275,True
YUM,2015-12-07,Win,17.99997045823612,,51.48284028468832,True,False,4.38169444702138,False
YUM,2016-03-29,Loss,-8.09213632761502,99.0,63.271390077861525,True,True,6.79614142984726,True
YUM,2016-06-07,Loss,-7.113039660958154,78.96428571428572,54.99396379300529,True,True,5.5234759148319865,True
YUM,2016-11-22,Loss,-8.891123672722163,20.428571428571427,47.24176374301255,True,True,5.889390353747122,True
YUM,2017-07-27,Win,36.80816590161539,55.0,45.76907693361722,True,False,10.101336496803237,True
YUM,2019-05-20,Loss,-7.413969098714807,55.0,58.65546667611912,True,False,4.8804573795888775,True
YUM,2019-08-28,Loss,-7.986549664826119,12.178571428571427,46.51410704251859,True,False,5.509770751843816,True
YUM,2020-04-07,Loss,-16.0000288330508,9.821428571428571,52.564715392939476,True,True,3.949115710904975,True
YUM,2022-11-10,Loss,-12.100210425386337,16.5,43.270998638897034,True,True,6.441658128442129,True
YUM,2023-08-29,Loss,-9.090798724125735,89.96428571428571,49.740742748234254,True,True,6.407892139248526,True
YUM,2023-10-24,Win,41.65716799953583,97.42857142857142,46.663320360437226,True,False,7.140089008820276,True
ED,2015-12-15,Loss,-10.271730593349181,,52.29566971184815,True,False,5.995713033742059,True
ED,2016-02-17,Win,72.99210946652221,18.464285714285715,50.29359892885707,True,False,7.19655191345246,True
ED,2018-03-09,Loss,-22.61214600947183,64.82142857142857,49.44521860872436,True,False,11.755602911024226,True
ED,2019-01-24,Loss,-12.33663972357247,17.67857142857143,44.348488796002165,True,True,4.839364796638015,True
ED,2020-04-29,Win,67.3801157423889,13.75,45.78190788631537,True,True,7.161292729029704,True
ED,2021-11-08,Loss,-12.064841586889537,72.67857142857142,52.37843374872018,True,False,4.873677559554605,True
ED,2021-12-22,Loss,-15.470793175885367,11.785714285714285,47.79479509846076,True,False,4.427301614204623,True
ED,2022-03-29,Loss,-25.77653866901608,18.07142857142857,48.15873648771808,True,True,8.154782549569079,True
ED,2022-07-28,Loss,-14.479195333218318,9.428571428571429,50.02658009738211,True,False,5.466984727719504,True
ED,2022-10-25,Win,46.42518350716266,35.75,52.216828756753344,True,True,4.9400427753889415,True
ED,2023-07-11,Win,27.551930373168137,95.46428571428572,47.766140169383014,True,False,4.906669232093343,True
ED,2023-12-26,Win,46.155914540082776,93.5,54.193871377193005,True,True,9.384526080004242,True
ED,2024-12-05,Loss,-9.059303406269995,99.0,62.23104309102081,True,True,5.18336637446079,True
ED,2025-02-18,Loss,-12.405733031305953,73.46428571428572,48.713174939441245,True,True,5.988796570118275,True
KMB,2015-11-20,Loss,-9.95712402024147,,56.806274463957294,True,False,5.856144594188732,True
KMB,2016-02-17,Win,42.14802098530605,21.21428571428571,50.811569678052614,True,True,4.552306332831159,True
KMB,2017-09-15,Win,21.466992596942074,49.89285714285714,46.363080909267275,True,True,5.7778075692860105,True
KMB,2018-01-04,Loss,-4.807621236150967,91.53571428571429,55.335205579891365,True,False,3.9055302808321035,True
KMB,2018-09-20,Loss,-6.0509741447044085,9.821428571428571,49.12784189267642,True,True,4.256294634222961,True
KMB,2018-11-28,Loss,-10.351130687028968,12.964285714285715,44.028668958265406,True,True,4.418623844743244,True
KMB,2019-01-16,Win,43.19127273919038,25.53571428571429,50.122344464285774,True,False,6.171846216169313,True
KMB,2020-04-27,Win,62.08882433996061,43.607142857142854,53.272767633160235,True,True,6.287830261327155,True
KMB,2021-04-07,Loss,-12.45913340908806,85.25,49.72711228073781,True,True,6.436693473324244,True
KMB,2022-03-28,Loss,-13.726606724321844,7.4642857142857135,43.8357043487933,True,True,6.354730416178782,True
KMB,2022-05-27,Loss,-14.343186301409993,11.0,47.151428602878404,True,False,4.532112895937401,True
KMB,2022-10-24,Win,58.0837369802229,48.71428571428571,52.36622622153434,True,False,5.6926351425887205,True
KMB,2024-09-19,Loss,-11.029062679917862,97.03571428571428,56.644920926074526,True,False,6.434312976019038,True
ETR,2015-11-20,Loss,-9.95712402024147,,56.806274463957294,True,False,5.856144594188732,True
ETR,2016-02-17,Win,42.14802098530605,21.21428571428571,50.811569678052614,True,True,4.552306332831159,True
ETR,2017-09-15,Win,21.466992596942074,49.89285714285714,46.363080909267275,True,True,5.7778075692860105,True
ETR,2018-01-04,Loss,-4.807621236150967,91.53571428571429,55.335205579891365,True,False,3.9055302808321035,True
ETR,2018-09-20,Loss,-6.0509741447044085,9.821428571428571,49.12784189267642,True,True,4.256294634222961,True
ETR,2018-11-28,Loss,-10.351130687028968,12.964285714285715,44.028668958265406,True,True,4.418623844743244,True
ETR,2019-01-16,Win,43.19127273919038,25.53571428571429,50.122344464285774,True,False,6.171846216169313,True
ETR,2020-04-27,Win,62.08882433996061,43.607142857142854,53.272767633160235,True,True,6.287830261327155,True
ETR,2021-04-07,Loss,-12.45913340908806,85.25,49.72711228073781,True,True,6.436693473324244,True
ETR,2022-03-28,Loss,-13.726606724321844,7.4642857142857135,43.8357043487933,True,True,6.354730416178782,True
ETR,2022-05-27,Loss,-14.343186301409993,11.0,47.151428602878404,True,False,4.532112895937401,True
ETR,2022-10-24,Win,58.0837369802229,48.71428571428571,52.36622622153434,True,False,5.6926351425887205,True
ETR,2024-09-19,Loss,-11.029062679917862,97.03571428571428,56.644920926074526,True,False,6.434312976019038,True
GRMN,2015-11-20,Loss,-9.95712402024147,,56.806274463957294,True,False,5.856144594188732,True
GRMN,2016-02-17,Win,42.14802098530605,21.21428571428571,50.811569678052614,True,True,4.552306332831159,True
GRMN,2017-09-15,Win,21.466992596942074,49.89285714285714,46.363080909267275,True,True,5.7778075692860105,True
GRMN,2018-01-04,Loss,-4.807621236150967,91.53571428571429,55.335205579891365,True,False,3.9055302808321035,True
GRMN,2018-09-20,Loss,-6.0509741447044085,9.821428571428571,49.12784189267642,True,True,4.256294634222961,True
GRMN,2018-11-28,Loss,-10.351130687028968,12.964285714285715,44.028668958265406,True,True,4.418623844743244,True
GRMN,2019-01-16,Win,43.19127273919038,25.53571428571429,50.122344464285774,True,False,6.171846216169313,True
GRMN,2020-04-27,Win,62.08882433996061,43.607142857142854,53.272767633160235,True,True,6.287830261327155,True
GRMN,2021-04-07,Loss,-12.45913340908806,85.25,49.72711228073781,True,True,6.436693473324244,True
GRMN,2022-03-28,Loss,-13.726606724321844,7.4642857142857135,43.8357043487933,True,True,6.354730416178782,True
GRMN,2022-05-27,Loss,-14.343186301409993,11.0,47.151428602878404,True,False,4.532112895937401,True
GRMN,2022-10-24,Win,58.0837369802229,48.71428571428571,52.36622622153434,True,False,5.6926351425887205,True
GRMN,2024-09-19,Loss,-11.029062679917862,97.03571428571428,56.644920926074526,True,False,6.434312976019038,True
HIG,2015-11-20,Loss,-9.95712402024147,,56.806274463957294,True,False,5.856144594188732,True
HIG,2016-02-17,Win,42.14802098530605,21.21428571428571,50.811569678052614,True,True,4.552306332831159,True
HIG,2017-09-15,Win,21.466992596942074,49.89285714285714,46.363080909267275,True,True,5.7778075692860105,True
HIG,2018-01-04,Loss,-4.807621236150967,91.53571428571429,55.335205579891365,True,False,3.9055302808321035,True
HIG,2018-09-20,Loss,-6.0509741447044085,9.821428571428571,49.12784189267642,True,True,4.256294634222961,True
HIG,2018-11-28,Loss,-10.351130687028968,12.964285714285715,44.028668958265406,True,True,4.418623844743244,True
HIG,2019-01-16,Win,43.19127273919038,25.53571428571429,50.122344464285774,True,False,6.171846216169313,True
HIG,2020-04-27,Win,62.08882433996061,43.607142857142854,53.272767633160235,True,True,6.287830261327155,True
HIG,2021-04-07,Loss,-12.45913340908806,85.25,49.72711228073781,True,True,6.436693473324244,True
HIG,2022-03-28,Loss,-13.726606724321844,7.4642857142857135,43.8357043487933,True,True,6.354730416178782,True
HIG,2022-05-27,Loss,-14.343186301409993,11.0,47.151428602878404,True,False,4.532112895937401,True
HIG,2022-10-24,Win,58.0837369802229,48.71428571428571,52.36622622153434,True,False,5.6926351425887205,True
HIG,2024-09-19,Loss,-11.029062679917862,97.03571428571428,56.644920926074526,True,False,6.434312976019038,True
FICO,2015-11-20,Loss,-9.95712402024147,,56.806274463957294,True,False,5.856144594188732,True
FICO,2016-02-17,Win,42.14802098530605,21.21428571428571,50.811569678052614,True,True,4.552306332831159,True
FICO,2017-09-15,Win,21.466992596942074,49.89285714285714,46.363080909267275,True,True,5.7778075692860105,True
FICO,2018-01-04,Loss,-4.807621236150967,91.53571428571429,55.335205579891365,True,False,3.9055302808321035,True
FICO,2018-09-20,Loss,-6.0509741447044085,9.821428571428571,49.12784189267642,True,True,4.256294634222961,True
FICO,2018-11-28,Loss,-10.351130687028968,12.964285714285715,44.028668958265406,True,True,4.418623844743244,True
FICO,2019-01-16,Win,43.19127273919038,25.53571428571429,50.122344464285774,True,False,6.171846216169313,True
FICO,2020-04-27,Win,62.08882433996061,43.607142857142854,53.272767633160235,True,True,6.287830261327155,True
FICO,2021-04-07,Loss,-12.45913340908806,85.25,49.72711228073781,True,True,6.436693473324244,True
FICO,2022-03-28,Loss,-13.726606724321844,7.4642857142857135,43.8357043487933,True,True,6.354730416178782,True
FICO,2022-05-27,Loss,-14.343186301409993,11.0,47.151428602878404,True,False,4.532112895937401,True
FICO,2022-10-24,Win,58.0837369802229,48.71428571428571,52.36622622153434,True,False,5.6926351425887205,True
FICO,2024-09-19,Loss,-11.029062679917862,97.03571428571428,56.644920926074526,True,False,6.434312976019038,True
OXY,2015-12-04,Loss,-10.57606767407716,,55.767400073981435,True,False,5.488418336304444,True
OXY,2016-03-01,Win,60.36607824808878,8.642857142857142,50.41127367081022,True,False,6.289579895165297,True
OXY,2017-01-25,Loss,-9.299578252169322,99.0,57.5207313919906,True,True,4.738300852008197,True
OXY,2017-06-09,Win,32.060624771630984,45.17857142857143,53.03182515792654,True,False,5.693690775882193,True
OXY,2018-01-12,Loss,-11.359475474718584,85.25,54.584739722147305,True,True,8.217184610329696,True
OXY,2018-03-07,Loss,-15.065504672868771,84.07142857142857,52.54975598132332,True,False,5.728140625992264,True
OXY,2019-01-08,Loss,-14.340549633640407,10.214285714285714,45.77489894829178,True,True,4.892580326679191,True
OXY,2019-09-05,Loss,-11.325082891419811,31.428571428571427,45.71950562623416,True,True,5.721124872035688,True
OXY,2019-11-01,Loss,-18.888443041226548,93.10714285714286,49.1828375659579,True,True,8.6246939863768,True
OXY,2020-04-29,Win,60.57080336783211,37.32142857142857,48.9538671552965,True,True,5.579913957537957,True
OXY,2021-02-16,Win,55.89590736774739,96.25,53.20286277169001,True,True,6.449782256902432,True
OXY,2022-01-14,Loss,-18.998437520237218,36.14285714285714,57.11600784773605,True,False,8.75262581415853,True
OXY,2022-03-18,Loss,-18.736245420375145,10.607142857142856,53.01480525255706,True,True,5.8089780542807965,True
OXY,2022-06-02,Loss,-15.865230654627263,11.392857142857142,45.92717711173501,True,True,5.6893715015498,True
OXY,2022-07-28,Loss,-13.739724767809665,25.53571428571429,50.56826559392227,True,True,5.13303557095242,True
OXY,2023-05-25,Win,53.861781822294205,15.321428571428571,50.08760016120777,True,True,6.64033136939488,True
OXY,2024-11-27,Loss,-16.89001731009374,90.75,51.08245382184966,True,True,9.693109125667288,True
KDP,2015-12-04,Loss,-10.57606767407716,,55.767400073981435,True,False,5.488418336304444,True
KDP,2016-03-01,Win,60.36607824808878,8.642857142857142,50.41127367081022,True,False,6.289579895165297,True
KDP,2017-01-25,Loss,-9.299578252169322,99.0,57.5207313919906,True,True,4.738300852008197,True
KDP,2017-06-09,Win,32.060624771630984,45.17857142857143,53.03182515792654,True,False,5.693690775882193,True
KDP,2018-01-12,Loss,-11.359475474718584,85.25,54.584739722147305,True,True,8.217184610329696,True
KDP,2018-03-07,Loss,-15.065504672868771,84.07142857142857,52.54975598132332,True,False,5.728140625992264,True
KDP,2019-01-08,Loss,-14.340549633640407,10.214285714285714,45.77489894829178,True,True,4.892580326679191,True
KDP,2019-09-05,Loss,-11.325082891419811,31.428571428571427,45.71950562623416,True,True,5.721124872035688,True
KDP,2019-11-01,Loss,-18.888443041226548,93.10714285714286,49.1828375659579,True,True,8.6246939863768,True
KDP,2020-04-29,Win,60.57080336783211,37.32142857142857,48.9538671552965,True,True,5.579913957537957,True
KDP,2021-02-16,Win,55.89590736774739,96.25,53.20286277169001,True,True,6.449782256902432,True
KDP,2022-01-14,Loss,-18.998437520237218,36.14285714285714,57.11600784773605,True,False,8.75262581415853,True
KDP,2022-03-18,Loss,-18.736245420375145,10.607142857142856,53.01480525255706,True,True,5.8089780542807965,True
KDP,2022-06-02,Loss,-15.865230654627263,11.392857142857142,45.92717711173501,True,True,5.6893715015498,True
KDP,2022-07-28,Loss,-13.739724767809665,25.53571428571429,50.56826559392227,True,True,5.13303557095242,True
KDP,2023-05-25,Win,53.861781822294205,15.321428571428571,50.08760016120777,True,True,6.64033136939488,True
KDP,2024-11-27,Loss,-16.89001731009374,90.75,51.08245382184966,True,True,9.693109125667288,True
KVUE,2015-12-04,Loss,-10.57606767407716,,55.767400073981435,True,False,5.488418336304444,True
KVUE,2016-03-01,Win,60.36607824808878,8.642857142857142,50.41127367081022,True,False,6.289579895165297,True
KVUE,2017-01-25,Loss,-9.299578252169322,99.0,57.5207313919906,True,True,4.738300852008197,True
KVUE,2017-06-09,Win,32.060624771630984,45.17857142857143,53.03182515792654,True,False,5.693690775882193,True
KVUE,2018-01-12,Loss,-11.359475474718584,85.25,54.584739722147305,True,True,8.217184610329696,True
KVUE,2018-03-07,Loss,-15.065504672868771,84.07142857142857,52.54975598132332,True,False,5.728140625992264,True
KVUE,2019-01-08,Loss,-14.340549633640407,10.214285714285714,45.77489894829178,True,True,4.892580326679191,True
KVUE,2019-09-05,Loss,-11.325082891419811,31.428571428571427,45.71950562623416,True,True,5.721124872035688,True
KVUE,2019-11-01,Loss,-18.888443041226548,93.10714285714286,49.1828375659579,True,True,8.6246939863768,True
KVUE,2020-04-29,Win,60.57080336783211,37.32142857142857,48.9538671552965,True,True,5.579913957537957,True
KVUE,2021-02-16,Win,55.89590736774739,96.25,53.20286277169001,True,True,6.449782256902432,True
KVUE,2022-01-14,Loss,-18.998437520237218,36.14285714285714,57.11600784773605,True,False,8.75262581415853,True
KVUE,2022-03-18,Loss,-18.736245420375145,10.607142857142856,53.01480525255706,True,True,5.8089780542807965,True
KVUE,2022-06-02,Loss,-15.865230654627263,11.392857142857142,45.92717711173501,True,True,5.6893715015498,True
KVUE,2022-07-28,Loss,-13.739724767809665,25.53571428571429,50.56826559392227,True,True,5.13303557095242,True
KVUE,2023-05-25,Win,53.861781822294205,15.321428571428571,50.08760016120777,True,True,6.64033136939488,True
KVUE,2024-11-27,Loss,-16.89001731009374,90.75,51.08245382184966,True,True,9.693109125667288,True
MCHP,2015-12-04,Loss,-10.57606767407716,,55.767400073981435,True,False,5.488418336304444,True
MCHP,2016-03-01,Win,60.36607824808878,8.642857142857142,50.41127367081022,True,False,6.289579895165297,True
MCHP,2017-01-25,Loss,-9.299578252169322,99.0,57.5207313919906,True,True,4.738300852008197,True
MCHP,2017-06-09,Win,32.060624771630984,45.17857142857143,53.03182515792654,True,False,5.693690775882193,True
MCHP,2018-01-12,Loss,-11.359475474718584,85.25,54.584739722147305,True,True,8.217184610329696,True
MCHP,2018-03-07,Loss,-15.065504672868771,84.07142857142857,52.54975598132332,True,False,5.728140625992264,True
MCHP,2019-01-08,Loss,-14.340549633640407,10.214285714285714,45.77489894829178,True,True,4.892580326679191,True
MCHP,2019-09-05,Loss,-11.325082891419811,31.428571428571427,45.71950562623416,True,True,5.721124872035688,True
MCHP,2019-11-01,Loss,-18.888443041226548,93.10714285714286,49.1828375659579,True,True,8.6246939863768,True
MCHP,2020-04-29,Win,60.57080336783211,37.32142857142857,48.9538671552965,True,True,5.579913957537957,True
MCHP,2021-02-16,Win,55.89590736774739,96.25,53.20286277169001,True,True,6.449782256902432,True
MCHP,2022-01-14,Loss,-18.998437520237218,36.14285714285714,57.11600784773605,True,False,8.75262581415853,True
MCHP,2022-03-18,Loss,-18.736245420375145,10.607142857142856,53.01480525255706,True,True,5.8089780542807965,True
MCHP,2022-06-02,Loss,-15.865230654627263,11.392857142857142,45.92717711173501,True,True,5.6893715015498,True
MCHP,2022-07-28,Loss,-13.739724767809665,25.53571428571429,50.56826559392227,True,True,5.13303557095242,True
MCHP,2023-05-25,Win,53.861781822294205,15.321428571428571,50.08760016120777,True,True,6.64033136939488,True
MCHP,2024-11-27,Loss,-16.89001731009374,90.75,51.08245382184966,True,True,9.693109125667288,True
NUE,2015-12-04,Loss,-10.57606767407716,,55.767400073981435,True,False,5.488418336304444,True
NUE,2016-03-01,Win,60.36607824808878,8.642857142857142,50.41127367081022,True,False,6.289579895165297,True
NUE,2017-01-25,Loss,-9.299578252169322,99.0,57.5207313919906,True,True,4.738300852008197,True
NUE,2017-06-09,Win,32.060624771630984,45.17857142857143,53.03182515792654,True,False,5.693690775882193,True
NUE,2018-01-12,Loss,-11.359475474718584,85.25,54.584739722147305,True,True,8.217184610329696,True
NUE,2018-03-07,Loss,-15.065504672868771,84.07142857142857,52.54975598132332,True,False,5.728140625992264,True
NUE,2019-01-08,Loss,-14.340549633640407,10.214285714285714,45.77489894829178,True,True,4.892580326679191,True
NUE,2019-09-05,Loss,-11.325082891419811,31.428571428571427,45.71950562623416,True,True,5.721124872035688,True
NUE,2019-11-01,Loss,-18.888443041226548,93.10714285714286,49.1828375659579,True,True,8.6246939863768,True
NUE,2020-04-29,Win,60.57080336783211,37.32142857142857,48.9538671552965,True,True,5.579913957537957,True
NUE,2021-02-16,Win,55.89590736774739,96.25,53.20286277169001,True,True,6.449782256902432,True
NUE,2022-01-14,Loss,-18.998437520237218,36.14285714285714,57.11600784773605,True,False,8.75262581415853,True
NUE,2022-03-18,Loss,-18.736245420375145,10.607142857142856,53.01480525255706,True,True,5.8089780542807965,True
NUE,2022-06-02,Loss,-15.865230654627263,11.392857142857142,45.92717711173501,True,True,5.6893715015498,True
NUE,2022-07-28,Loss,-13.739724767809665,25.53571428571429,50.56826559392227,True,True,5.13303557095242,True
NUE,2023-05-25,Win,53.861781822294205,15.321428571428571,50.08760016120777,True,True,6.64033136939488,True
NUE,2024-11-27,Loss,-16.89001731009374,90.75,51.08245382184966,True,True,9.693109125667288,True
NRG,2015-12-04,Loss,-10.57606767407716,,55.767400073981435,True,False,5.488418336304444,True
NRG,2016-03-01,Win,60.36607824808878,8.642857142857142,50.41127367081022,True,False,6.289579895165297,True
NRG,2017-01-25,Loss,-9.299578252169322,99.0,57.5207313919906,True,True,4.738300852008197,True
NRG,2017-06-09,Win,32.060624771630984,45.17857142857143,53.03182515792654,True,False,5.693690775882193,True
NRG,2018-01-12,Loss,-11.359475474718584,85.25,54.584739722147305,True,True,8.217184610329696,True
NRG,2018-03-07,Loss,-15.065504672868771,84.07142857142857,52.54975598132332,True,False,5.728140625992264,True
NRG,2019-01-08,Loss,-14.340549633640407,10.214285714285714,45.77489894829178,True,True,4.892580326679191,True
NRG,2019-09-05,Loss,-11.325082891419811,31.428571428571427,45.71950562623416,True,True,5.721124872035688,True
NRG,2019-11-01,Loss,-18.888443041226548,93.10714285714286,49.1828375659579,True,True,8.6246939863768,True
NRG,2020-04-29,Win,60.57080336783211,37.32142857142857,48.9538671552965,True,True,5.579913957537957,True
NRG,2021-02-16,Win,55.89590736774739,96.25,53.20286277169001,True,True,6.449782256902432,True
NRG,2022-01-14,Loss,-18.998437520237218,36.14285714285714,57.11600784773605,True,False,8.75262581415853,True
NRG,2022-03-18,Loss,-18.736245420375145,10.607142857142856,53.01480525255706,True,True,5.8089780542807965,True
NRG,2022-06-02,Loss,-15.865230654627263,11.392857142857142,45.92717711173501,True,True,5.6893715015498,True
NRG,2022-07-28,Loss,-13.739724767809665,25.53571428571429,50.56826559392227,True,True,5.13303557095242,True
NRG,2023-05-25,Win,53.861781822294205,15.321428571428571,50.08760016120777,True,True,6.64033136939488,True
NRG,2024-11-27,Loss,-16.89001731009374,90.75,51.08245382184966,True,True,9.693109125667288,True
MTB,2015-12-04,Loss,-10.57606767407716,,55.767400073981435,True,False,5.488418336304444,True
MTB,2016-03-01,Win,60.36607824808878,8.642857142857142,50.41127367081022,True,False,6.289579895165297,True
MTB,2017-01-25,Loss,-9.299578252169322,99.0,57.5207313919906,True,True,4.738300852008197,True
MTB,2017-06-09,Win,32.060624771630984,45.17857142857143,53.03182515792654,True,False,5.693690775882193,True
MTB,2018-01-12,Loss,-11.359475474718584,85.25,54.584739722147305,True,True,8.217184610329696,True
MTB,2018-03-07,Loss,-15.065504672868771,84.07142857142857,52.54975598132332,True,False,5.728140625992264,True
MTB,2019-01-08,Loss,-14.340549633640407,10.214285714285714,45.77489894829178,True,True,4.892580326679191,True
MTB,2019-09-05,Loss,-11.325082891419811,31.428571428571427,45.71950562623416,True,True,5.721124872035688,True
MTB,2019-11-01,Loss,-18.888443041226548,93.10714285714286,49.1828375659579,True,True,8.6246939863768,True
MTB,2020-04-29,Win,60.57080336783211,37.32142857142857,48.9538671552965,True,True,5.579913957537957,True
MTB,2021-02-16,Win,55.89590736774739,96.25,53.20286277169001,True,True,6.449782256902432,True
MTB,2022-01-14,Loss,-18.998437520237218,36.14285714285714,57.11600784773605,True,False,8.75262581415853,True
MTB,2022-03-18,Loss,-18.736245420375145,10.607142857142856,53.01480525255706,True,True,5.8089780542807965,True
MTB,2022-06-02,Loss,-15.865230654627263,11.392857142857142,45.92717711173501,True,True,5.6893715015498,True
MTB,2022-07-28,Loss,-13.739724767809665,25.53571428571429,50.56826559392227,True,True,5.13303557095242,True
MTB,2023-05-25,Win,53.861781822294205,15.321428571428571,50.08760016120777,True,True,6.64033136939488,True
MTB,2024-11-27,Loss,-16.89001731009374,90.75,51.08245382184966,True,True,9.693109125667288,True
PCG,2015-12-04,Loss,-10.57606767407716,,55.767400073981435,True,False,5.488418336304444,True
PCG,2016-03-01,Win,60.36607824808878,8.642857142857142,50.41127367081022,True,False,6.289579895165297,True
PCG,2017-01-25,Loss,-9.299578252169322,99.0,57.5207313919906,True,True,4.738300852008197,True
PCG,2017-06-09,Win,32.060624771630984,45.17857142857143,53.03182515792654,True,False,5.693690775882193,True
PCG,2018-01-12,Loss,-11.359475474718584,85.25,54.584739722147305,True,True,8.217184610329696,True
PCG,2018-03-07,Loss,-15.065504672868771,84.07142857142857,52.54975598132332,True,False,5.728140625992264,True
PCG,2019-01-08,Loss,-14.340549633640407,10.214285714285714,45.77489894829178,True,True,4.892580326679191,True
PCG,2019-09-05,Loss,-11.325082891419811,31.428571428571427,45.71950562623416,True,True,5.721124872035688,True
PCG,2019-11-01,Loss,-18.888443041226548,93.10714285714286,49.1828375659579,True,True,8.6246939863768,True
PCG,2020-04-29,Win,60.57080336783211,37.32142857142857,48.9538671552965,True,True,5.579913957537957,True
PCG,2021-02-16,Win,55.89590736774739,96.25,53.20286277169001,True,True,6.449782256902432,True
PCG,2022-01-14,Loss,-18.998437520237218,36.14285714285714,57.11600784773605,True,False,8.75262581415853,True
PCG,2022-03-18,Loss,-18.736245420375145,10.607142857142856,53.01480525255706,True,True,5.8089780542807965,True
PCG,2022-06-02,Loss,-15.865230654627263,11.392857142857142,45.92717711173501,True,True,5.6893715015498,True
PCG,2022-07-28,Loss,-13.739724767809665,25.53571428571429,50.56826559392227,True,True,5.13303557095242,True
PCG,2023-05-25,Win,53.861781822294205,15.321428571428571,50.08760016120777,True,True,6.64033136939488,True
PCG,2024-11-27,Loss,-16.89001731009374,90.75,51.08245382184966,True,True,9.693109125667288,True
RJF,2015-12-04,Loss,-10.57606767407716,,55.767400073981435,True,False,5.488418336304444,True
RJF,2016-03-01,Win,60.36607824808878,8.642857142857142,50.41127367081022,True,False,6.289579895165297,True
RJF,2017-01-25,Loss,-9.299578252169322,99.0,57.5207313919906,True,True,4.738300852008197,True
RJF,2017-06-09,Win,32.060624771630984,45.17857142857143,53.03182515792654,True,False,5.693690775882193,True
RJF,2018-01-12,Loss,-11.359475474718584,85.25,54.584739722147305,True,True,8.217184610329696,True
RJF,2018-03-07,Loss,-15.065504672868771,84.07142857142857,52.54975598132332,True,False,5.728140625992264,True
RJF,2019-01-08,Loss,-14.340549633640407,10.214285714285714,45.77489894829178,True,True,4.892580326679191,True
RJF,2019-09-05,Loss,-11.325082891419811,31.428571428571427,45.71950562623416,True,True,5.721124872035688,True
RJF,2019-11-01,Loss,-18.888443041226548,93.10714285714286,49.1828375659579,True,True,8.6246939863768,True
RJF,2020-04-29,Win,60.57080336783211,37.32142857142857,48.9538671552965,True,True,5.579913957537957,True
RJF,2021-02-16,Win,55.89590736774739,96.25,53.20286277169001,True,True,6.449782256902432,True
RJF,2022-01-14,Loss,-18.998437520237218,36.14285714285714,57.11600784773605,True,False,8.75262581415853,True
RJF,2022-03-18,Loss,-18.736245420375145,10.607142857142856,53.01480525255706,True,True,5.8089780542807965,True
RJF,2022-06-02,Loss,-15.865230654627263,11.392857142857142,45.92717711173501,True,True,5.6893715015498,True
RJF,2022-07-28,Loss,-13.739724767809665,25.53571428571429,50.56826559392227,True,True,5.13303557095242,True
RJF,2023-05-25,Win,53.861781822294205,15.321428571428571,50.08760016120777,True,True,6.64033136939488,True
RJF,2024-11-27,Loss,-16.89001731009374,90.75,51.08245382184966,True,True,9.693109125667288,True
KEYS,2015-12-04,Loss,-10.57606767407716,,55.767400073981435,True,False,5.488418336304444,True
KEYS,2016-03-01,Win,60.36607824808878,8.642857142857142,50.41127367081022,True,False,6.289579895165297,True
KEYS,2017-01-25,Loss,-9.299578252169322,99.0,57.5207313919906,True,True,4.738300852008197,True
KEYS,2017-06-09,Win,32.060624771630984,45.17857142857143,53.03182515792654,True,False,5.693690775882193,True
KEYS,2018-01-12,Loss,-11.359475474718584,85.25,54.584739722147305,True,True,8.217184610329696,True
KEYS,2018-03-07,Loss,-15.065504672868771,84.07142857142857,52.54975598132332,True,False,5.728140625992264,True
KEYS,2019-01-08,Loss,-14.340549633640407,10.214285714285714,45.77489894829178,True,True,4.892580326679191,True
KEYS,2019-09-05,Loss,-11.325082891419811,31.428571428571427,45.71950562623416,True,True,5.721124872035688,True
KEYS,2019-11-01,Loss,-18.888443041226548,93.10714285714286,49.1828375659579,True,True,8.6246939863768,True
KEYS,2020-04-29,Win,60.57080336783211,37.32142857142857,48.9538671552965,True,True,5.579913957537957,True
KEYS,2021-02-16,Win,55.89590736774739,96.25,53.20286277169001,True,True,6.449782256902432,True
KEYS,2022-01-14,Loss,-18.998437520237218,36.14285714285714,57.11600784773605,True,False,8.75262581415853,True
KEYS,2022-03-18,Loss,-18.736245420375145,10.607142857142856,53.01480525255706,True,True,5.8089780542807965,True
KEYS,2022-06-02,Loss,-15.865230654627263,11.392857142857142,45.92717711173501,True,True,5.6893715015498,True
KEYS,2022-07-28,Loss,-13.739724767809665,25.53571428571429,50.56826559392227,True,True,5.13303557095242,True
KEYS,2023-05-25,Win,53.861781822294205,15.321428571428571,50.08760016120777,True,True,6.64033136939488,True
KEYS,2024-11-27,Loss,-16.89001731009374,90.75,51.08245382184966,True,True,9.693109125667288,True
ALAB,2016-02-01,Win,32.74946601259266,87.21428571428571,50.32600648788053,True,False,4.926746177157072,True
ALAB,2018-06-05,Loss,-15.65352706564423,99.0,48.10002851668522,True,False,8.794970217505128,True
ALAB,2020-04-29,Win,67.7205306905849,12.964285714285715,51.47748164854807,True,False,6.37999894364881,True
ALAB,2023-06-29,Win,34.40296147061588,82.5,52.78966478260211,True,True,8.498246646646566,True
ALAB,2024-07-08,Win,21.79910913137279,97.42857142857142,47.76364774235154,True,True,6.282348084853805,True
SOFI,2016-02-01,Win,32.74946601259266,87.21428571428571,50.32600648788053,True,False,4.926746177157072,True
SOFI,2018-06-05,Loss,-15.65352706564423,99.0,48.10002851668522,True,False,8.794970217505128,True
SOFI,2020-04-29,Win,67.7205306905849,12.964285714285715,51.47748164854807,True,False,6.37999894364881,True
SOFI,2023-06-29,Win,34.40296147061588,82.5,52.78966478260211,True,True,8.498246646646566,True
SOFI,2024-07-08,Win,21.79910913137279,97.42857142857142,47.76364774235154,True,True,6.282348084853805,True
VRSK,2016-02-01,Win,32.74946601259266,87.21428571428571,50.32600648788053,True,False,4.926746177157072,True
VRSK,2018-06-05,Loss,-15.65352706564423,99.0,48.10002851668522,True,False,8.794970217505128,True
VRSK,2020-04-29,Win,67.7205306905849,12.964285714285715,51.47748164854807,True,False,6.37999894364881,True
VRSK,2023-06-29,Win,34.40296147061588,82.5,52.78966478260211,True,True,8.498246646646566,True
VRSK,2024-07-08,Win,21.79910913137279,97.42857142857142,47.76364774235154,True,True,6.282348084853805,True
AEE,2016-02-01,Win,32.74946601259266,87.21428571428571,50.32600648788053,True,False,4.926746177157072,True
AEE,2018-06-05,Loss,-15.65352706564423,99.0,48.10002851668522,True,False,8.794970217505128,True
AEE,2020-04-29,Win,67.7205306905849,12.964285714285715,51.47748164854807,True,False,6.37999894364881,True
AEE,2023-06-29,Win,34.40296147061588,82.5,52.78966478260211,True,True,8.498246646646566,True
AEE,2024-07-08,Win,21.79910913137279,97.42857142857142,47.76364774235154,True,True,6.282348084853805,True
STT,2016-02-01,Win,32.74946601259266,87.21428571428571,50.32600648788053,True,False,4.926746177157072,True
STT,2018-06-05,Loss,-15.65352706564423,99.0,48.10002851668522,True,False,8.794970217505128,True
STT,2020-04-29,Win,67.7205306905849,12.964285714285715,51.47748164854807,True,False,6.37999894364881,True
STT,2023-06-29,Win,34.40296147061588,82.5,52.78966478260211,True,True,8.498246646646566,True
STT,2024-07-08,Win,21.79910913137279,97.42857142857142,47.76364774235154,True,True,6.282348084853805,True
UAL,2016-02-01,Win,32.74946601259266,87.21428571428571,50.32600648788053,True,False,4.926746177157072,True
UAL,2018-06-05,Loss,-15.65352706564423,99.0,48.10002851668522,True,False,8.794970217505128,True
UAL,2020-04-29,Win,67.7205306905849,12.964285714285715,51.47748164854807,True,False,6.37999894364881,True
UAL,2023-06-29,Win,34.40296147061588,82.5,52.78966478260211,True,True,8.498246646646566,True
UAL,2024-07-08,Win,21.79910913137279,97.42857142857142,47.76364774235154,True,True,6.282348084853805,True
XYL,2016-02-01,Win,32.74946601259266,87.21428571428571,50.32600648788053,True,False,4.926746177157072,True
XYL,2018-06-05,Loss,-15.65352706564423,99.0,48.10002851668522,True,False,8.794970217505128,True
XYL,2020-04-29,Win,67.7205306905849,12.964285714285715,51.47748164854807,True,False,6.37999894364881,True
XYL,2023-06-29,Win,34.40296147061588,82.5,52.78966478260211,True,True,8.498246646646566,True
XYL,2024-07-08,Win,21.79910913137279,97.42857142857142,47.76364774235154,True,True,6.282348084853805,True
WAB,2016-02-01,Win,32.74946601259266,87.21428571428571,50.32600648788053,True,False,4.926746177157072,True
WAB,2018-06-05,Loss,-15.65352706564423,99.0,48.10002851668522,True,False,8.794970217505128,True
WAB,2020-04-29,Win,67.7205306905849,12.964285714285715,51.47748164854807,True,False,6.37999894364881,True
WAB,2023-06-29,Win,34.40296147061588,82.5,52.78966478260211,True,True,8.498246646646566,True
WAB,2024-07-08,Win,21.79910913137279,97.42857142857142,47.76364774235154,True,True,6.282348084853805,True
VTR,2016-02-01,Win,32.74946601259266,87.21428571428571,50.32600648788053,True,False,4.926746177157072,True
VTR,2018-06-05,Loss,-15.65352706564423,99.0,48.10002851668522,True,False,8.794970217505128,True
VTR,2020-04-29,Win,67.7205306905849,12.964285714285715,51.47748164854807,True,False,6.37999894364881,True
VTR,2023-06-29,Win,34.40296147061588,82.5,52.78966478260211,True,True,8.498246646646566,True
VTR,2024-07-08,Win,21.79910913137279,97.42857142857142,47.76364774235154,True,True,6.282348084853805,True
TSCO,2016-02-01,Win,32.74946601259266,87.21428571428571,50.32600648788053,True,False,4.926746177157072,True
TSCO,2018-06-05,Loss,-15.65352706564423,99.0,48.10002851668522,True,False,8.794970217505128,True
TSCO,2020-04-29,Win,67.7205306905849,12.964285714285715,51.47748164854807,True,False,6.37999894364881,True
TSCO,2023-06-29,Win,34.40296147061588,82.5,52.78966478260211,True,True,8.498246646646566,True
TSCO,2024-07-08,Win,21.79910913137279,97.42857142857142,47.76364774235154,True,True,6.282348084853805,True
AWK,2015-12-15,Loss,-8.274831866461414,,55.414305891149226,True,False,3.520359326118045,True
AWK,2016-03-17,Win,40.15183563861873,68.35714285714286,55.2959528601371,True,True,5.546648052196164,True
AWK,2017-04-20,Win,21.458369060441967,93.10714285714286,59.32439247929907,True,True,6.919186469558994,False
AWK,2017-10-20,Win,59.04521037434336,99.0,60.44237166332187,True,False,12.425321202557683,True
AWK,2019-04-26,Win,27.980125691816404,48.71428571428571,58.52465892311693,True,True,6.401776227813605,True
AWK,2020-02-13,Loss,-11.00416250195295,99.0,62.24916863779865,True,False,5.866828166201864,True
AWK,2020-04-14,Win,79.88607021219376,43.214285714285715,56.11651130201872,True,True,6.296571718206681,True
AWK,2021-07-23,Loss,-9.971587401677395,70.32142857142857,57.384126426196744,True,True,6.222251363859031,True
AWK,2021-10-22,Loss,-15.923863391188608,52.642857142857146,50.134135901188216,True,True,9.501094664583254,True
AWK,2022-05-27,Loss,-15.262111017934624,19.642857142857142,51.868266273215404,True,True,4.136606012759741,True
AWK,2022-07-20,Loss,-13.711470273997678,28.67857142857143,50.98656118620403,True,True,4.750971048559672,True
AWK,2022-10-24,Win,44.574590733723774,14.928571428571427,47.90502503923807,True,True,4.638164683948636,True
AWK,2023-07-18,Loss,-13.031278927566522,99.0,52.513719874576395,True,True,6.542174488143646,True
AWK,2024-05-06,Loss,-8.597664257423212,11.392857142857142,47.511662202154234,True,True,4.316170318429198,False
AWK,2024-06-14,Loss,-19.04007097278753,21.21428571428571,48.214051605788995,True,False,8.714656964151544,True
AWK,2025-02-10,Loss,-12.286633862469296,16.5,47.67116993811578,True,True,5.855342371619853,True
AWK,2025-05-02,Loss,-14.571950077033108,14.535714285714286,48.496420121537504,True,True,6.505381616731936,True
BR,2015-12-15,Loss,-8.274831866461414,,55.414305891149226,True,False,3.520359326118045,True
BR,2016-03-17,Win,40.15183563861873,68.35714285714286,55.2959528601371,True,True,5.546648052196164,True
BR,2017-04-20,Win,21.458369060441967,93.10714285714286,59.32439247929907,True,True,6.919186469558994,False
BR,2017-10-20,Win,59.04521037434336,99.0,60.44237166332187,True,False,12.425321202557683,True
BR,2019-04-26,Win,27.980125691816404,48.71428571428571,58.52465892311693,True,True,6.401776227813605,True
BR,2020-02-13,Loss,-11.00416250195295,99.0,62.24916863779865,True,False,5.866828166201864,True
BR,2020-04-14,Win,79.88607021219376,43.214285714285715,56.11651130201872,True,True,6.296571718206681,True
BR,2021-07-23,Loss,-9.971587401677395,70.32142857142857,57.384126426196744,True,True,6.222251363859031,True
BR,2021-10-22,Loss,-15.923863391188608,52.642857142857146,50.134135901188216,True,True,9.501094664583254,True
BR,2022-05-27,Loss,-15.262111017934624,19.642857142857142,51.868266273215404,True,True,4.136606012759741,True
BR,2022-07-20,Loss,-13.711470273997678,28.67857142857143,50.98656118620403,True,True,4.750971048559672,True
BR,2022-10-24,Win,44.574590733723774,14.928571428571427,47.90502503923807,True,True,4.638164683948636,True
BR,2023-07-18,Loss,-13.031278927566522,99.0,52.513719874576395,True,True,6.542174488143646,True
BR,2024-05-06,Loss,-8.597664257423212,11.392857142857142,47.511662202154234,True,True,4.316170318429198,False
BR,2024-06-14,Loss,-19.04007097278753,21.21428571428571,48.214051605788995,True,False,8.714656964151544,True
BR,2025-02-10,Loss,-12.286633862469296,16.5,47.67116993811578,True,True,5.855342371619853,True
BR,2025-05-02,Loss,-14.571950077033108,14.535714285714286,48.496420121537504,True,True,6.505381616731936,True
CINF,2015-12-15,Loss,-8.274831866461414,,55.414305891149226,True,False,3.520359326118045,True
CINF,2016-03-17,Win,40.15183563861873,68.35714285714286,55.2959528601371,True,True,5.546648052196164,True
CINF,2017-04-20,Win,21.458369060441967,93.10714285714286,59.32439247929907,True,True,6.919186469558994,False
CINF,2017-10-20,Win,59.04521037434336,99.0,60.44237166332187,True,False,12.425321202557683,True
CINF,2019-04-26,Win,27.980125691816404,48.71428571428571,58.52465892311693,True,True,6.401776227813605,True
CINF,2020-02-13,Loss,-11.00416250195295,99.0,62.24916863779865,True,False,5.866828166201864,True
CINF,2020-04-14,Win,79.88607021219376,43.214285714285715,56.11651130201872,True,True,6.296571718206681,True
CINF,2021-07-23,Loss,-9.971587401677395,70.32142857142857,57.384126426196744,True,True,6.222251363859031,True
CINF,2021-10-22,Loss,-15.923863391188608,52.642857142857146,50.134135901188216,True,True,9.501094664583254,True
CINF,2022-05-27,Loss,-15.262111017934624,19.642857142857142,51.868266273215404,True,True,4.136606012759741,True
CINF,2022-07-20,Loss,-13.711470273997678,28.67857142857143,50.98656118620403,True,True,4.750971048559672,True
CINF,2022-10-24,Win,44.574590733723774,14.928571428571427,47.90502503923807,True,True,4.638164683948636,True
CINF,2023-07-18,Loss,-13.031278927566522,99.0,52.513719874576395,True,True,6.542174488143646,True
CINF,2024-05-06,Loss,-8.597664257423212,11.392857142857142,47.511662202154234,True,True,4.316170318429198,False
CINF,2024-06-14,Loss,-19.04007097278753,21.21428571428571,48.214051605788995,True,False,8.714656964151544,True
CINF,2025-02-10,Loss,-12.286633862469296,16.5,47.67116993811578,True,True,5.855342371619853,True
CINF,2025-05-02,Loss,-14.571950077033108,14.535714285714286,48.496420121537504,True,True,6.505381616731936,True
ATO,2015-12-15,Loss,-8.274831866461414,,55.414305891149226,True,False,3.520359326118045,True
ATO,2016-03-17,Win,40.15183563861873,68.35714285714286,55.2959528601371,True,True,5.546648052196164,True
ATO,2017-04-20,Win,21.458369060441967,93.10714285714286,59.32439247929907,True,True,6.919186469558994,False
ATO,2017-10-20,Win,59.04521037434336,99.0,60.44237166332187,True,False,12.425321202557683,True
ATO,2019-04-26,Win,27.980125691816404,48.71428571428571,58.52465892311693,True,True,6.401776227813605,True
ATO,2020-02-13,Loss,-11.00416250195295,99.0,62.24916863779865,True,False,5.866828166201864,True
ATO,2020-04-14,Win,79.88607021219376,43.214285714285715,56.11651130201872,True,True,6.296571718206681,True
ATO,2021-07-23,Loss,-9.971587401677395,70.32142857142857,57.384126426196744,True,True,6.222251363859031,True
ATO,2021-10-22,Loss,-15.923863391188608,52.642857142857146,50.134135901188216,True,True,9.501094664583254,True
ATO,2022-05-27,Loss,-15.262111017934624,19.642857142857142,51.868266273215404,True,True,4.136606012759741,True
ATO,2022-07-20,Loss,-13.711470273997678,28.67857142857143,50.98656118620403,True,True,4.750971048559672,True
ATO,2022-10-24,Win,44.574590733723774,14.928571428571427,47.90502503923807,True,True,4.638164683948636,True
ATO,2023-07-18,Loss,-13.031278927566522,99.0,52.513719874576395,True,True,6.542174488143646,True
ATO,2024-05-06,Loss,-8.597664257423212,11.392857142857142,47.511662202154234,True,True,4.316170318429198,False
ATO,2024-06-14,Loss,-19.04007097278753,21.21428571428571,48.214051605788995,True,False,8.714656964151544,True
ATO,2025-02-10,Loss,-12.286633862469296,16.5,47.67116993811578,True,True,5.855342371619853,True
ATO,2025-05-02,Loss,-14.571950077033108,14.535714285714286,48.496420121537504,True,True,6.505381616731936,True
CNP,2015-12-15,Loss,-8.274831866461414,,55.414305891149226,True,False,3.520359326118045,True
CNP,2016-03-17,Win,40.15183563861873,68.35714285714286,55.2959528601371,True,True,5.546648052196164,True
CNP,2017-04-20,Win,21.458369060441967,93.10714285714286,59.32439247929907,True,True,6.919186469558994,False
CNP,2017-10-20,Win,59.04521037434336,99.0,60.44237166332187,True,False,12.425321202557683,True
CNP,2019-04-26,Win,27.980125691816404,48.71428571428571,58.52465892311693,True,True,6.401776227813605,True
CNP,2020-02-13,Loss,-11.00416250195295,99.0,62.24916863779865,True,False,5.866828166201864,True
CNP,2020-04-14,Win,79.88607021219376,43.214285714285715,56.11651130201872,True,True,6.296571718206681,True
CNP,2021-07-23,Loss,-9.971587401677395,70.32142857142857,57.384126426196744,True,True,6.222251363859031,True
CNP,2021-10-22,Loss,-15.923863391188608,52.642857142857146,50.134135901188216,True,True,9.501094664583254,True
CNP,2022-05-27,Loss,-15.262111017934624,19.642857142857142,51.868266273215404,True,True,4.136606012759741,True
CNP,2022-07-20,Loss,-13.711470273997678,28.67857142857143,50.98656118620403,True,True,4.750971048559672,True
CNP,2022-10-24,Win,44.574590733723774,14.928571428571427,47.90502503923807,True,True,4.638164683948636,True
CNP,2023-07-18,Loss,-13.031278927566522,99.0,52.513719874576395,True,True,6.542174488143646,True
CNP,2024-05-06,Loss,-8.597664257423212,11.392857142857142,47.511662202154234,True,True,4.316170318429198,False
CNP,2024-06-14,Loss,-19.04007097278753,21.21428571428571,48.214051605788995,True,False,8.714656964151544,True
CNP,2025-02-10,Loss,-12.286633862469296,16.5,47.67116993811578,True,True,5.855342371619853,True
CNP,2025-05-02,Loss,-14.571950077033108,14.535714285714286,48.496420121537504,True,True,6.505381616731936,True
CFG,2015-12-15,Loss,-8.274831866461414,,55.414305891149226,True,False,3.520359326118045,True
CFG,2016-03-17,Win,40.15183563861873,68.35714285714286,55.2959528601371,True,True,5.546648052196164,True
CFG,2017-04-20,Win,21.458369060441967,93.10714285714286,59.32439247929907,True,True,6.919186469558994,False
CFG,2017-10-20,Win,59.04521037434336,99.0,60.44237166332187,True,False,12.425321202557683,True
CFG,2019-04-26,Win,27.980125691816404,48.71428571428571,58.52465892311693,True,True,6.401776227813605,True
CFG,2020-02-13,Loss,-11.00416250195295,99.0,62.24916863779865,True,False,5.866828166201864,True
CFG,2020-04-14,Win,79.88607021219376,43.214285714285715,56.11651130201872,True,True,6.296571718206681,True
CFG,2021-07-23,Loss,-9.971587401677395,70.32142857142857,57.384126426196744,True,True,6.222251363859031,True
CFG,2021-10-22,Loss,-15.923863391188608,52.642857142857146,50.134135901188216,True,True,9.501094664583254,True
CFG,2022-05-27,Loss,-15.262111017934624,19.642857142857142,51.868266273215404,True,True,4.136606012759741,True
CFG,2022-07-20,Loss,-13.711470273997678,28.67857142857143,50.98656118620403,True,True,4.750971048559672,True
CFG,2022-10-24,Win,44.574590733723774,14.928571428571427,47.90502503923807,True,True,4.638164683948636,True
CFG,2023-07-18,Loss,-13.031278927566522,99.0,52.513719874576395,True,True,6.542174488143646,True
CFG,2024-05-06,Loss,-8.597664257423212,11.392857142857142,47.511662202154234,True,True,4.316170318429198,False
CFG,2024-06-14,Loss,-19.04007097278753,21.21428571428571,48.214051605788995,True,False,8.714656964151544,True
CFG,2025-02-10,Loss,-12.286633862469296,16.5,47.67116993811578,True,True,5.855342371619853,True
CFG,2025-05-02,Loss,-14.571950077033108,14.535714285714286,48.496420121537504,True,True,6.505381616731936,True
AVB,2015-12-15,Loss,-8.274831866461414,,55.414305891149226,True,False,3.520359326118045,True
AVB,2016-03-17,Win,40.15183563861873,68.35714285714286,55.2959528601371,True,True,5.546648052196164,True
AVB,2017-04-20,Win,21.458369060441967,93.10714285714286,59.32439247929907,True,True,6.919186469558994,False
AVB,2017-10-20,Win,59.04521037434336,99.0,60.44237166332187,True,False,12.425321202557683,True
AVB,2019-04-26,Win,27.980125691816404,48.71428571428571,58.52465892311693,True,True,6.401776227813605,True
AVB,2020-02-13,Loss,-11.00416250195295,99.0,62.24916863779865,True,False,5.866828166201864,True
AVB,2020-04-14,Win,79.88607021219376,43.214285714285715,56.11651130201872,True,True,6.296571718206681,True
AVB,2021-07-23,Loss,-9.971587401677395,70.32142857142857,57.384126426196744,True,True,6.222251363859031,True
AVB,2021-10-22,Loss,-15.923863391188608,52.642857142857146,50.134135901188216,True,True,9.501094664583254,True
AVB,2022-05-27,Loss,-15.262111017934624,19.642857142857142,51.868266273215404,True,True,4.136606012759741,True
AVB,2022-07-20,Loss,-13.711470273997678,28.67857142857143,50.98656118620403,True,True,4.750971048559672,True
AVB,2022-10-24,Win,44.574590733723774,14.928571428571427,47.90502503923807,True,True,4.638164683948636,True
AVB,2023-07-18,Loss,-13.031278927566522,99.0,52.513719874576395,True,True,6.542174488143646,True
AVB,2024-05-06,Loss,-8.597664257423212,11.392857142857142,47.511662202154234,True,True,4.316170318429198,False
AVB,2024-06-14,Loss,-19.04007097278753,21.21428571428571,48.214051605788995,True,False,8.714656964151544,True
AVB,2025-02-10,Loss,-12.286633862469296,16.5,47.67116993811578,True,True,5.855342371619853,True
AVB,2025-05-02,Loss,-14.571950077033108,14.535714285714286,48.496420121537504,True,True,6.505381616731936,True
CBOE,2015-12-15,Loss,-8.274831866461414,,55.414305891149226,True,False,3.520359326118045,True
CBOE,2016-03-17,Win,40.15183563861873,68.35714285714286,55.2959528601371,True,True,5.546648052196164,True
CBOE,2017-04-20,Win,21.458369060441967,93.10714285714286,59.32439247929907,True,True,6.919186469558994,False
CBOE,2017-10-20,Win,59.04521037434336,99.0,60.44237166332187,True,False,12.425321202557683,True
CBOE,2019-04-26,Win,27.980125691816404,48.71428571428571,58.52465892311693,True,True,6.401776227813605,True
CBOE,2020-02-13,Loss,-11.00416250195295,99.0,62.24916863779865,True,False,5.866828166201864,True
CBOE,2020-04-14,Win,79.88607021219376,43.214285714285715,56.11651130201872,True,True,6.296571718206681,True
CBOE,2021-07-23,Loss,-9.971587401677395,70.32142857142857,57.384126426196744,True,True,6.222251363859031,True
CBOE,2021-10-22,Loss,-15.923863391188608,52.642857142857146,50.134135901188216,True,True,9.501094664583254,True
CBOE,2022-05-27,Loss,-15.262111017934624,19.642857142857142,51.868266273215404,True,True,4.136606012759741,True
CBOE,2022-07-20,Loss,-13.711470273997678,28.67857142857143,50.98656118620403,True,True,4.750971048559672,True
CBOE,2022-10-24,Win,44.574590733723774,14.928571428571427,47.90502503923807,True,True,4.638164683948636,True
CBOE,2023-07-18,Loss,-13.031278927566522,99.0,52.513719874576395,True,True,6.542174488143646,True
CBOE,2024-05-06,Loss,-8.597664257423212,11.392857142857142,47.511662202154234,True,True,4.316170318429198,False
CBOE,2024-06-14,Loss,-19.04007097278753,21.21428571428571,48.214051605788995,True,False,8.714656964151544,True
CBOE,2025-02-10,Loss,-12.286633862469296,16.5,47.67116993811578,True,True,5.855342371619853,True
CBOE,2025-05-02,Loss,-14.571950077033108,14.535714285714286,48.496420121537504,True,True,6.505381616731936,True
BRO,2015-12-15,Loss,-8.274831866461414,,55.414305891149226,True,False,3.520359326118045,True
BRO,2016-03-17,Win,40.15183563861873,68.35714285714286,55.2959528601371,True,True,5.546648052196164,True
BRO,2017-04-20,Win,21.458369060441967,93.10714285714286,59.32439247929907,True,True,6.919186469558994,False
BRO,2017-10-20,Win,59.04521037434336,99.0,60.44237166332187,True,False,12.425321202557683,True
BRO,2019-04-26,Win,27.980125691816404,48.71428571428571,58.52465892311693,True,True,6.401776227813605,True
BRO,2020-02-13,Loss,-11.00416250195295,99.0,62.24916863779865,True,False,5.866828166201864,True
BRO,2020-04-14,Win,79.88607021219376,43.214285714285715,56.11651130201872,True,True,6.296571718206681,True
BRO,2021-07-23,Loss,-9.971587401677395,70.32142857142857,57.384126426196744,True,True,6.222251363859031,True
BRO,2021-10-22,Loss,-15.923863391188608,52.642857142857146,50.134135901188216,True,True,9.501094664583254,True
BRO,2022-05-27,Loss,-15.262111017934624,19.642857142857142,51.868266273215404,True,True,4.136606012759741,True
BRO,2022-07-20,Loss,-13.711470273997678,28.67857142857143,50.98656118620403,True,True,4.750971048559672,True
BRO,2022-10-24,Win,44.574590733723774,14.928571428571427,47.90502503923807,True,True,4.638164683948636,True
BRO,2023-07-18,Loss,-13.031278927566522,99.0,52.513719874576395,True,True,6.542174488143646,True
BRO,2024-05-06,Loss,-8.597664257423212,11.392857142857142,47.511662202154234,True,True,4.316170318429198,False
BRO,2024-06-14,Loss,-19.04007097278753,21.21428571428571,48.214051605788995,True,False,8.714656964151544,True
BRO,2025-02-10,Loss,-12.286633862469296,16.5,47.67116993811578,True,True,5.855342371619853,True
BRO,2025-05-02,Loss,-14.571950077033108,14.535714285714286,48.496420121537504,True,True,6.505381616731936,True
CHTR,2015-12-15,Loss,-8.274831866461414,,55.414305891149226,True,False,3.520359326118045,True
CHTR,2016-03-17,Win,40.15183563861873,68.35714285714286,55.2959528601371,True,True,5.546648052196164,True
CHTR,2017-04-20,Win,21.458369060441967,93.10714285714286,59.32439247929907,True,True,6.919186469558994,False
CHTR,2017-10-20,Win,59.04521037434336,99.0,60.44237166332187,True,False,12.425321202557683,True
CHTR,2019-04-26,Win,27.980125691816404,48.71428571428571,58.52465892311693,True,True,6.401776227813605,True
CHTR,2020-02-13,Loss,-11.00416250195295,99.0,62.24916863779865,True,False,5.866828166201864,True
CHTR,2020-04-14,Win,79.88607021219376,43.214285714285715,56.11651130201872,True,True,6.296571718206681,True
CHTR,2021-07-23,Loss,-9.971587401677395,70.32142857142857,57.384126426196744,True,True,6.222251363859031,True
CHTR,2021-10-22,Loss,-15.923863391188608,52.642857142857146,50.134135901188216,True,True,9.501094664583254,True
CHTR,2022-05-27,Loss,-15.262111017934624,19.642857142857142,51.868266273215404,True,True,4.136606012759741,True
CHTR,2022-07-20,Loss,-13.711470273997678,28.67857142857143,50.98656118620403,True,True,4.750971048559672,True
CHTR,2022-10-24,Win,44.574590733723774,14.928571428571427,47.90502503923807,True,True,4.638164683948636,True
CHTR,2023-07-18,Loss,-13.031278927566522,99.0,52.513719874576395,True,True,6.542174488143646,True
CHTR,2024-05-06,Loss,-8.597664257423212,11.392857142857142,47.511662202154234,True,True,4.316170318429198,False
CHTR,2024-06-14,Loss,-19.04007097278753,21.21428571428571,48.214051605788995,True,False,8.714656964151544,True
CHTR,2025-02-10,Loss,-12.286633862469296,16.5,47.67116993811578,True,True,5.855342371619853,True
CHTR,2025-05-02,Loss,-14.571950077033108,14.535714285714286,48.496420121537504,True,True,6.505381616731936,True
FANG,2016-03-02,Win,33.53238221346217,27.892857142857142,49.46736921317163,True,True,5.240166874134665,True
FANG,2017-10-03,Win,39.22246846936189,84.46428571428571,59.23695211006353,True,False,9.078133518910963,True
FANG,2018-06-01,Loss,-12.582632681315625,98.60714285714286,50.834832396281236,True,False,7.1413588099954595,True
FANG,2018-11-07,Win,45.9779632679583,14.535714285714286,44.797337124927616,True,True,4.759255437949605,True
FANG,2021-04-09,Loss,-12.451802246645109,95.85714285714286,46.5186887755851,True,True,4.466756478575536,True
FANG,2021-06-14,Loss,-9.326010619611175,56.96428571428571,49.933986447294835,True,True,5.835274807303425,True
FANG,2021-09-13,Loss,-8.362263137780857,46.357142857142854,51.01307972482867,True,True,5.810262284391679,True
FANG,2021-12-07,Loss,-10.29560745403119,24.357142857142854,45.778725212196605,True,False,3.664101258435748,True
FANG,2022-03-24,Loss,-17.168927879142345,37.32142857142857,54.0570072035408,True,True,6.157634994956623,True
FANG,2022-07-19,Loss,-13.40330565251307,10.214285714285714,47.85624601032227,True,True,5.410133839215107,True
FANG,2022-10-28,Win,51.308587393812985,16.5,46.82682276524072,True,False,4.722202966053339,True
FANG,2023-11-29,Loss,-22.57856544245984,97.42857142857142,54.679164671718205,True,True,9.604817915714946,True
FANG,2024-07-05,Loss,-8.151781203239702,15.321428571428571,46.393148282856735,True,True,4.115182054541019,True
FANG,2024-08-30,Loss,-16.22867793744659,7.857142857142857,50.78132331674976,True,True,4.782732952045756,False
FANG,2025-05-12,Win,59.02073867535415,96.64285714285714,51.61944770373247,True,True,6.750313907129287,True
EXE,2016-03-02,Win,33.53238221346217,27.892857142857142,49.46736921317163,True,True,5.240166874134665,True
EXE,2017-10-03,Win,39.22246846936189,84.46428571428571,59.23695211006353,True,False,9.078133518910963,True
EXE,2018-06-01,Loss,-12.582632681315625,98.60714285714286,50.834832396281236,True,False,7.1413588099954595,True
EXE,2018-11-07,Win,45.9779632679583,14.535714285714286,44.797337124927616,True,True,4.759255437949605,True
EXE,2021-04-09,Loss,-12.451802246645109,95.85714285714286,46.5186887755851,True,True,4.466756478575536,True
EXE,2021-06-14,Loss,-9.326010619611175,56.96428571428571,49.933986447294835,True,True,5.835274807303425,True
EXE,2021-09-13,Loss,-8.362263137780857,46.357142857142854,51.01307972482867,True,True,5.810262284391679,True
EXE,2021-12-07,Loss,-10.29560745403119,24.357142857142854,45.778725212196605,True,False,3.664101258435748,True
EXE,2022-03-24,Loss,-17.168927879142345,37.32142857142857,54.0570072035408,True,True,6.157634994956623,True
EXE,2022-07-19,Loss,-13.40330565251307,10.214285714285714,47.85624601032227,True,True,5.410133839215107,True
EXE,2022-10-28,Win,51.308587393812985,16.5,46.82682276524072,True,False,4.722202966053339,True
EXE,2023-11-29,Loss,-22.57856544245984,97.42857142857142,54.679164671718205,True,True,9.604817915714946,True
EXE,2024-07-05,Loss,-8.151781203239702,15.321428571428571,46.393148282856735,True,True,4.115182054541019,True
EXE,2024-08-30,Loss,-16.22867793744659,7.857142857142857,50.78132331674976,True,True,4.782732952045756,False
EXE,2025-05-12,Win,59.02073867535415,96.64285714285714,51.61944770373247,True,True,6.750313907129287,True
DOV,2016-03-02,Win,33.53238221346217,27.892857142857142,49.46736921317163,True,True,5.240166874134665,True
DOV,2017-10-03,Win,39.22246846936189,84.46428571428571,59.23695211006353,True,False,9.078133518910963,True
DOV,2018-06-01,Loss,-12.582632681315625,98.60714285714286,50.834832396281236,True,False,7.1413588099954595,True
DOV,2018-11-07,Win,45.9779632679583,14.535714285714286,44.797337124927616,True,True,4.759255437949605,True
DOV,2021-04-09,Loss,-12.451802246645109,95.85714285714286,46.5186887755851,True,True,4.466756478575536,True
DOV,2021-06-14,Loss,-9.326010619611175,56.96428571428571,49.933986447294835,True,True,5.835274807303425,True
DOV,2021-09-13,Loss,-8.362263137780857,46.357142857142854,51.01307972482867,True,True,5.810262284391679,True
DOV,2021-12-07,Loss,-10.29560745403119,24.357142857142854,45.778725212196605,True,False,3.664101258435748,True
DOV,2022-03-24,Loss,-17.168927879142345,37.32142857142857,54.0570072035408,True,True,6.157634994956623,True
DOV,2022-07-19,Loss,-13.40330565251307,10.214285714285714,47.85624601032227,True,True,5.410133839215107,True
DOV,2022-10-28,Win,51.308587393812985,16.5,46.82682276524072,True,False,4.722202966053339,True
DOV,2023-11-29,Loss,-22.57856544245984,97.42857142857142,54.679164671718205,True,True,9.604817915714946,True
DOV,2024-07-05,Loss,-8.151781203239702,15.321428571428571,46.393148282856735,True,True,4.115182054541019,True
DOV,2024-08-30,Loss,-16.22867793744659,7.857142857142857,50.78132331674976,True,True,4.782732952045756,False
DOV,2025-05-12,Win,59.02073867535415,96.64285714285714,51.61944770373247,True,True,6.750313907129287,True
DVN,2016-03-02,Win,33.53238221346217,27.892857142857142,49.46736921317163,True,True,5.240166874134665,True
DVN,2017-10-03,Win,39.22246846936189,84.46428571428571,59.23695211006353,True,False,9.078133518910963,True
DVN,2018-06-01,Loss,-12.582632681315625,98.60714285714286,50.834832396281236,True,False,7.1413588099954595,True
DVN,2018-11-07,Win,45.9779632679583,14.535714285714286,44.797337124927616,True,True,4.759255437949605,True
DVN,2021-04-09,Loss,-12.451802246645109,95.85714285714286,46.5186887755851,True,True,4.466756478575536,True
DVN,2021-06-14,Loss,-9.326010619611175,56.96428571428571,49.933986447294835,True,True,5.835274807303425,True
DVN,2021-09-13,Loss,-8.362263137780857,46.357142857142854,51.01307972482867,True,True,5.810262284391679,True
DVN,2021-12-07,Loss,-10.29560745403119,24.357142857142854,45.778725212196605,True,False,3.664101258435748,True
DVN,2022-03-24,Loss,-17.168927879142345,37.32142857142857,54.0570072035408,True,True,6.157634994956623,True
DVN,2022-07-19,Loss,-13.40330565251307,10.214285714285714,47.85624601032227,True,True,5.410133839215107,True
DVN,2022-10-28,Win,51.308587393812985,16.5,46.82682276524072,True,False,4.722202966053339,True
DVN,2023-11-29,Loss,-22.57856544245984,97.42857142857142,54.679164671718205,True,True,9.604817915714946,True
DVN,2024-07-05,Loss,-8.151781203239702,15.321428571428571,46.393148282856735,True,True,4.115182054541019,True
DVN,2024-08-30,Loss,-16.22867793744659,7.857142857142857,50.78132331674976,True,True,4.782732952045756,False
DVN,2025-05-12,Win,59.02073867535415,96.64285714285714,51.61944770373247,True,True,6.750313907129287,True
EXPE,2016-03-02,Win,33.53238221346217,27.892857142857142,49.46736921317163,True,True,5.240166874134665,True
EXPE,2017-10-03,Win,39.22246846936189,84.46428571428571,59.23695211006353,True,False,9.078133518910963,True
EXPE,2018-06-01,Loss,-12.582632681315625,98.60714285714286,50.834832396281236,True,False,7.1413588099954595,True
EXPE,2018-11-07,Win,45.9779632679583,14.535714285714286,44.797337124927616,True,True,4.759255437949605,True
EXPE,2021-04-09,Loss,-12.451802246645109,95.85714285714286,46.5186887755851,True,True,4.466756478575536,True
EXPE,2021-06-14,Loss,-9.326010619611175,56.96428571428571,49.933986447294835,True,True,5.835274807303425,True
EXPE,2021-09-13,Loss,-8.362263137780857,46.357142857142854,51.01307972482867,True,True,5.810262284391679,True
EXPE,2021-12-07,Loss,-10.29560745403119,24.357142857142854,45.778725212196605,True,False,3.664101258435748,True
EXPE,2022-03-24,Loss,-17.168927879142345,37.32142857142857,54.0570072035408,True,True,6.157634994956623,True
EXPE,2022-07-19,Loss,-13.40330565251307,10.214285714285714,47.85624601032227,True,True,5.410133839215107,True
EXPE,2022-10-28,Win,51.308587393812985,16.5,46.82682276524072,True,False,4.722202966053339,True
EXPE,2023-11-29,Loss,-22.57856544245984,97.42857142857142,54.679164671718205,True,True,9.604817915714946,True
EXPE,2024-07-05,Loss,-8.151781203239702,15.321428571428571,46.393148282856735,True,True,4.115182054541019,True
EXPE,2024-08-30,Loss,-16.22867793744659,7.857142857142857,50.78132331674976,True,True,4.782732952045756,False
EXPE,2025-05-12,Win,59.02073867535415,96.64285714285714,51.61944770373247,True,True,6.750313907129287,True
DXCM,2016-03-02,Win,33.53238221346217,27.892857142857142,49.46736921317163,True,True,5.240166874134665,True
DXCM,2017-10-03,Win,39.22246846936189,84.46428571428571,59.23695211006353,True,False,9.078133518910963,True
DXCM,2018-06-01,Loss,-12.582632681315625,98.60714285714286,50.834832396281236,True,False,7.1413588099954595,True
DXCM,2018-11-07,Win,45.9779632679583,14.535714285714286,44.797337124927616,True,True,4.759255437949605,True
DXCM,2021-04-09,Loss,-12.451802246645109,95.85714285714286,46.5186887755851,True,True,4.466756478575536,True
DXCM,2021-06-14,Loss,-9.326010619611175,56.96428571428571,49.933986447294835,True,True,5.835274807303425,True
DXCM,2021-09-13,Loss,-8.362263137780857,46.357142857142854,51.01307972482867,True,True,5.810262284391679,True
DXCM,2021-12-07,Loss,-10.29560745403119,24.357142857142854,45.778725212196605,True,False,3.664101258435748,True
DXCM,2022-03-24,Loss,-17.168927879142345,37.32142857142857,54.0570072035408,True,True,6.157634994956623,True
DXCM,2022-07-19,Loss,-13.40330565251307,10.214285714285714,47.85624601032227,True,True,5.410133839215107,True
DXCM,2022-10-28,Win,51.308587393812985,16.5,46.82682276524072,True,False,4.722202966053339,True
DXCM,2023-11-29,Loss,-22.57856544245984,97.42857142857142,54.679164671718205,True,True,9.604817915714946,True
DXCM,2024-07-05,Loss,-8.151781203239702,15.321428571428571,46.393148282856735,True,True,4.115182054541019,True
DXCM,2024-08-30,Loss,-16.22867793744659,7.857142857142857,50.78132331674976,True,True,4.782732952045756,False
DXCM,2025-05-12,Win,59.02073867535415,96.64285714285714,51.61944770373247,True,True,6.750313907129287,True
EME,2016-03-02,Win,33.53238221346217,27.892857142857142,49.46736921317163,True,True,5.240166874134665,True
EME,2017-10-03,Win,39.22246846936189,84.46428571428571,59.23695211006353,True,False,9.078133518910963,True
EME,2018-06-01,Loss,-12.582632681315625,98.60714285714286,50.834832396281236,True,False,7.1413588099954595,True
EME,2018-11-07,Win,45.9779632679583,14.535714285714286,44.797337124927616,True,True,4.759255437949605,True
EME,2021-04-09,Loss,-12.451802246645109,95.85714285714286,46.5186887755851,True,True,4.466756478575536,True
EME,2021-06-14,Loss,-9.326010619611175,56.96428571428571,49.933986447294835,True,True,5.835274807303425,True
EME,2021-09-13,Loss,-8.362263137780857,46.357142857142854,51.01307972482867,True,True,5.810262284391679,True
EME,2021-12-07,Loss,-10.29560745403119,24.357142857142854,45.778725212196605,True,False,3.664101258435748,True
EME,2022-03-24,Loss,-17.168927879142345,37.32142857142857,54.0570072035408,True,True,6.157634994956623,True
EME,2022-07-19,Loss,-13.40330565251307,10.214285714285714,47.85624601032227,True,True,5.410133839215107,True
EME,2022-10-28,Win,51.308587393812985,16.5,46.82682276524072,True,False,4.722202966053339,True
EME,2023-11-29,Loss,-22.57856544245984,97.42857142857142,54.679164671718205,True,True,9.604817915714946,True
EME,2024-07-05,Loss,-8.151781203239702,15.321428571428571,46.393148282856735,True,True,4.115182054541019,True
EME,2024-08-30,Loss,-16.22867793744659,7.857142857142857,50.78132331674976,True,True,4.782732952045756,False
EME,2025-05-12,Win,59.02073867535415,96.64285714285714,51.61944770373247,True,True,6.750313907129287,True
DG,2016-03-02,Win,33.53238221346217,27.892857142857142,49.46736921317163,True,True,5.240166874134665,True
DG,2017-10-03,Win,39.22246846936189,84.46428571428571,59.23695211006353,True,False,9.078133518910963,True
DG,2018-06-01,Loss,-12.582632681315625,98.60714285714286,50.834832396281236,True,False,7.1413588099954595,True
DG,2018-11-07,Win,45.9779632679583,14.535714285714286,44.797337124927616,True,True,4.759255437949605,True
DG,2021-04-09,Loss,-12.451802246645109,95.85714285714286,46.5186887755851,True,True,4.466756478575536,True
DG,2021-06-14,Loss,-9.326010619611175,56.96428571428571,49.933986447294835,True,True,5.835274807303425,True
DG,2021-09-13,Loss,-8.362263137780857,46.357142857142854,51.01307972482867,True,True,5.810262284391679,True
DG,2021-12-07,Loss,-10.29560745403119,24.357142857142854,45.778725212196605,True,False,3.664101258435748,True
DG,2022-03-24,Loss,-17.168927879142345,37.32142857142857,54.0570072035408,True,True,6.157634994956623,True
DG,2022-07-19,Loss,-13.40330565251307,10.214285714285714,47.85624601032227,True,True,5.410133839215107,True
DG,2022-10-28,Win,51.308587393812985,16.5,46.82682276524072,True,False,4.722202966053339,True
DG,2023-11-29,Loss,-22.57856544245984,97.42857142857142,54.679164671718205,True,True,9.604817915714946,True
DG,2024-07-05,Loss,-8.151781203239702,15.321428571428571,46.393148282856735,True,True,4.115182054541019,True
DG,2024-08-30,Loss,-16.22867793744659,7.857142857142857,50.78132331674976,True,True,4.782732952045756,False
DG,2025-05-12,Win,59.02073867535415,96.64285714285714,51.61944770373247,True,True,6.750313907129287,True
EQR,2016-03-02,Win,33.53238221346217,27.892857142857142,49.46736921317163,True,True,5.240166874134665,True
EQR,2017-10-03,Win,39.22246846936189,84.46428571428571,59.23695211006353,True,False,9.078133518910963,True
EQR,2018-06-01,Loss,-12.582632681315625,98.60714285714286,50.834832396281236,True,False,7.1413588099954595,True
EQR,2018-11-07,Win,45.9779632679583,14.535714285714286,44.797337124927616,True,True,4.759255437949605,True
EQR,2021-04-09,Loss,-12.451802246645109,95.85714285714286,46.5186887755851,True,True,4.466756478575536,True
EQR,2021-06-14,Loss,-9.326010619611175,56.96428571428571,49.933986447294835,True,True,5.835274807303425,True
EQR,2021-09-13,Loss,-8.362263137780857,46.357142857142854,51.01307972482867,True,True,5.810262284391679,True
EQR,2021-12-07,Loss,-10.29560745403119,24.357142857142854,45.778725212196605,True,False,3.664101258435748,True
EQR,2022-03-24,Loss,-17.168927879142345,37.32142857142857,54.0570072035408,True,True,6.157634994956623,True
EQR,2022-07-19,Loss,-13.40330565251307,10.214285714285714,47.85624601032227,True,True,5.410133839215107,True
EQR,2022-10-28,Win,51.308587393812985,16.5,46.82682276524072,True,False,4.722202966053339,True
EQR,2023-11-29,Loss,-22.57856544245984,97.42857142857142,54.679164671718205,True,True,9.604817915714946,True
EQR,2024-07-05,Loss,-8.151781203239702,15.321428571428571,46.393148282856735,True,True,4.115182054541019,True
EQR,2024-08-30,Loss,-16.22867793744659,7.857142857142857,50.78132331674976,True,True,4.782732952045756,False
EQR,2025-05-12,Win,59.02073867535415,96.64285714285714,51.61944770373247,True,True,6.750313907129287,True
ES,2016-03-02,Win,33.53238221346217,27.892857142857142,49.46736921317163,True,True,5.240166874134665,True
ES,2017-10-03,Win,39.22246846936189,84.46428571428571,59.23695211006353,True,False,9.078133518910963,True
ES,2018-06-01,Loss,-12.582632681315625,98.60714285714286,50.834832396281236,True,False,7.1413588099954595,True
ES,2018-11-07,Win,45.9779632679583,14.535714285714286,44.797337124927616,True,True,4.759255437949605,True
ES,2021-04-09,Loss,-12.451802246645109,95.85714285714286,46.5186887755851,True,True,4.466756478575536,True
ES,2021-06-14,Loss,-9.326010619611175,56.96428571428571,49.933986447294835,True,True,5.835274807303425,True
ES,2021-09-13,Loss,-8.362263137780857,46.357142857142854,51.01307972482867,True,True,5.810262284391679,True
ES,2021-12-07,Loss,-10.29560745403119,24.357142857142854,45.778725212196605,True,False,3.664101258435748,True
ES,2022-03-24,Loss,-17.168927879142345,37.32142857142857,54.0570072035408,True,True,6.157634994956623,True
ES,2022-07-19,Loss,-13.40330565251307,10.214285714285714,47.85624601032227,True,True,5.410133839215107,True
ES,2022-10-28,Win,51.308587393812985,16.5,46.82682276524072,True,False,4.722202966053339,True
ES,2023-11-29,Loss,-22.57856544245984,97.42857142857142,54.679164671718205,True,True,9.604817915714946,True
ES,2024-07-05,Loss,-8.151781203239702,15.321428571428571,46.393148282856735,True,True,4.115182054541019,True
ES,2024-08-30,Loss,-16.22867793744659,7.857142857142857,50.78132331674976,True,True,4.782732952045756,False
ES,2025-05-12,Win,59.02073867535415,96.64285714285714,51.61944770373247,True,True,6.750313907129287,True
IP,2015-12-04,Loss,-7.461405231343964,,56.93408972924683,True,False,5.594772783702974,True
IP,2016-02-01,Loss,-10.427925563966753,86.82142857142857,48.335839506469355,True,False,4.666439246735509,True
IP,2016-03-10,Win,38.15894418823425,65.60714285714286,52.169151522060176,True,True,8.914945336819542,True
IP,2017-10-20,Win,23.8917167897903,98.60714285714286,55.782356795185365,True,True,7.477772817356617,True
IP,2018-09-19,Loss,-6.980940782862294,33.785714285714285,51.34453155541182,True,False,7.787178106352003,True
IP,2018-11-08,Loss,-10.262946201584452,8.25,50.84529214648909,True,False,5.100464825667418,True
IP,2019-01-25,Win,43.21227219271406,11.0,50.980072192486624,True,True,8.68207968381447,True
IP,2020-02-19,Loss,-7.410151550256954,78.96428571428572,60.12532040708837,True,True,5.260686871859663,True
IP,2020-04-09,Win,73.36954402960862,9.035714285714285,52.270379175802226,True,True,4.57859761820716,True
IP,2021-07-06,Win,29.681728606478412,68.35714285714286,50.72771224487895,True,False,7.068072305188264,True
IP,2021-12-27,Loss,-16.77797677041215,99.0,48.34759905977421,True,True,8.518823525714497,True
IP,2022-04-04,Loss,-15.402563798844483,11.392857142857142,48.181783078110854,True,True,7.244720770881197,True
IP,2022-07-27,Loss,-13.778593091843685,20.428571428571427,55.88492211213811,True,True,6.246407937300086,True
IP,2022-10-25,Win,45.45703577899121,28.285714285714285,52.089171837803406,True,False,5.659933175413447,True
IP,2025-05-05,Loss,-12.846524141363766,15.714285714285714,55.615737270340524,True,True,6.536199911247204,True
LH,2015-12-04,Loss,-7.461405231343964,,56.93408972924683,True,False,5.594772783702974,True
LH,2016-02-01,Loss,-10.427925563966753,86.82142857142857,48.335839506469355,True,False,4.666439246735509,True
LH,2016-03-10,Win,38.15894418823425,65.60714285714286,52.169151522060176,True,True,8.914945336819542,True
LH,2017-10-20,Win,23.8917167897903,98.60714285714286,55.782356795185365,True,True,7.477772817356617,True
LH,2018-09-19,Loss,-6.980940782862294,33.785714285714285,51.34453155541182,True,False,7.787178106352003,True
LH,2018-11-08,Loss,-10.262946201584452,8.25,50.84529214648909,True,False,5.100464825667418,True
LH,2019-01-25,Win,43.21227219271406,11.0,50.980072192486624,True,True,8.68207968381447,True
LH,2020-02-19,Loss,-7.410151550256954,78.96428571428572,60.12532040708837,True,True,5.260686871859663,True
LH,2020-04-09,Win,73.36954402960862,9.035714285714285,52.270379175802226,True,True,4.57859761820716,True
LH,2021-07-06,Win,29.681728606478412,68.35714285714286,50.72771224487895,True,False,7.068072305188264,True
LH,2021-12-27,Loss,-16.77797677041215,99.0,48.34759905977421,True,True,8.518823525714497,True
LH,2022-04-04,Loss,-15.402563798844483,11.392857142857142,48.181783078110854,True,True,7.244720770881197,True
LH,2022-07-27,Loss,-13.778593091843685,20.428571428571427,55.88492211213811,True,True,6.246407937300086,True
LH,2022-10-25,Win,45.45703577899121,28.285714285714285,52.089171837803406,True,False,5.659933175413447,True
LH,2025-05-05,Loss,-12.846524141363766,15.714285714285714,55.615737270340524,True,True,6.536199911247204,True
IBKR,2015-12-04,Loss,-7.461405231343964,,56.93408972924683,True,False,5.594772783702974,True
IBKR,2016-02-01,Loss,-10.427925563966753,86.82142857142857,48.335839506469355,True,False,4.666439246735509,True
IBKR,2016-03-10,Win,38.15894418823425,65.60714285714286,52.169151522060176,True,True,8.914945336819542,True
IBKR,2017-10-20,Win,23.8917167897903,98.60714285714286,55.782356795185365,True,True,7.477772817356617,True
IBKR,2018-09-19,Loss,-6.980940782862294,33.785714285714285,51.34453155541182,True,False,7.787178106352003,True
IBKR,2018-11-08,Loss,-10.262946201584452,8.25,50.84529214648909,True,False,5.100464825667418,True
IBKR,2019-01-25,Win,43.21227219271406,11.0,50.980072192486624,True,True,8.68207968381447,True
IBKR,2020-02-19,Loss,-7.410151550256954,78.96428571428572,60.12532040708837,True,True,5.260686871859663,True
IBKR,2020-04-09,Win,73.36954402960862,9.035714285714285,52.270379175802226,True,True,4.57859761820716,True
IBKR,2021-07-06,Win,29.681728606478412,68.35714285714286,50.72771224487895,True,False,7.068072305188264,True
IBKR,2021-12-27,Loss,-16.77797677041215,99.0,48.34759905977421,True,True,8.518823525714497,True
IBKR,2022-04-04,Loss,-15.402563798844483,11.392857142857142,48.181783078110854,True,True,7.244720770881197,True
IBKR,2022-07-27,Loss,-13.778593091843685,20.428571428571427,55.88492211213811,True,True,6.246407937300086,True
IBKR,2022-10-25,Win,45.45703577899121,28.285714285714285,52.089171837803406,True,False,5.659933175413447,True
IBKR,2025-05-05,Loss,-12.846524141363766,15.714285714285714,55.615737270340524,True,True,6.536199911247204,True
JBL,2015-12-04,Loss,-7.461405231343964,,56.93408972924683,True,False,5.594772783702974,True
JBL,2016-02-01,Loss,-10.427925563966753,86.82142857142857,48.335839506469355,True,False,4.666439246735509,True
JBL,2016-03-10,Win,38.15894418823425,65.60714285714286,52.169151522060176,True,True,8.914945336819542,True
JBL,2017-10-20,Win,23.8917167897903,98.60714285714286,55.782356795185365,True,True,7.477772817356617,True
JBL,2018-09-19,Loss,-6.980940782862294,33.785714285714285,51.34453155541182,True,False,7.787178106352003,True
JBL,2018-11-08,Loss,-10.262946201584452,8.25,50.84529214648909,True,False,5.100464825667418,True
JBL,2019-01-25,Win,43.21227219271406,11.0,50.980072192486624,True,True,8.68207968381447,True
JBL,2020-02-19,Loss,-7.410151550256954,78.96428571428572,60.12532040708837,True,True,5.260686871859663,True
JBL,2020-04-09,Win,73.36954402960862,9.035714285714285,52.270379175802226,True,True,4.57859761820716,True
JBL,2021-07-06,Win,29.681728606478412,68.35714285714286,50.72771224487895,True,False,7.068072305188264,True
JBL,2021-12-27,Loss,-16.77797677041215,99.0,48.34759905977421,True,True,8.518823525714497,True
JBL,2022-04-04,Loss,-15.402563798844483,11.392857142857142,48.181783078110854,True,True,7.244720770881197,True
JBL,2022-07-27,Loss,-13.778593091843685,20.428571428571427,55.88492211213811,True,True,6.246407937300086,True
JBL,2022-10-25,Win,45.45703577899121,28.285714285714285,52.089171837803406,True,False,5.659933175413447,True
JBL,2025-05-05,Loss,-12.846524141363766,15.714285714285714,55.615737270340524,True,True,6.536199911247204,True
HUBB,2015-12-04,Loss,-7.461405231343964,,56.93408972924683,True,False,5.594772783702974,True
HUBB,2016-02-01,Loss,-10.427925563966753,86.82142857142857,48.335839506469355,True,False,4.666439246735509,True
HUBB,2016-03-10,Win,38.15894418823425,65.60714285714286,52.169151522060176,True,True,8.914945336819542,True
HUBB,2017-10-20,Win,23.8917167897903,98.60714285714286,55.782356795185365,True,True,7.477772817356617,True
HUBB,2018-09-19,Loss,-6.980940782862294,33.785714285714285,51.34453155541182,True,False,7.787178106352003,True
HUBB,2018-11-08,Loss,-10.262946201584452,8.25,50.84529214648909,True,False,5.100464825667418,True
HUBB,2019-01-25,Win,43.21227219271406,11.0,50.980072192486624,True,True,8.68207968381447,True
HUBB,2020-02-19,Loss,-7.410151550256954,78.96428571428572,60.12532040708837,True,True,5.260686871859663,True
HUBB,2020-04-09,Win,73.36954402960862,9.035714285714285,52.270379175802226,True,True,4.57859761820716,True
HUBB,2021-07-06,Win,29.681728606478412,68.35714285714286,50.72771224487895,True,False,7.068072305188264,True
HUBB,2021-12-27,Loss,-16.77797677041215,99.0,48.34759905977421,True,True,8.518823525714497,True
HUBB,2022-04-04,Loss,-15.402563798844483,11.392857142857142,48.181783078110854,True,True,7.244720770881197,True
HUBB,2022-07-27,Loss,-13.778593091843685,20.428571428571427,55.88492211213811,True,True,6.246407937300086,True
HUBB,2022-10-25,Win,45.45703577899121,28.285714285714285,52.089171837803406,True,False,5.659933175413447,True
HUBB,2025-05-05,Loss,-12.846524141363766,15.714285714285714,55.615737270340524,True,True,6.536199911247204,True
FE,2015-12-04,Loss,-7.461405231343964,,56.93408972924683,True,False,5.594772783702974,True
FE,2016-02-01,Loss,-10.427925563966753,86.82142857142857,48.335839506469355,True,False,4.666439246735509,True
FE,2016-03-10,Win,38.15894418823425,65.60714285714286,52.169151522060176,True,True,8.914945336819542,True
FE,2017-10-20,Win,23.8917167897903,98.60714285714286,55.782356795185365,True,True,7.477772817356617,True
FE,2018-09-19,Loss,-6.980940782862294,33.785714285714285,51.34453155541182,True,False,7.787178106352003,True
FE,2018-11-08,Loss,-10.262946201584452,8.25,50.84529214648909,True,False,5.100464825667418,True
FE,2019-01-25,Win,43.21227219271406,11.0,50.980072192486624,True,True,8.68207968381447,True
FE,2020-02-19,Loss,-7.410151550256954,78.96428571428572,60.12532040708837,True,True,5.260686871859663,True
FE,2020-04-09,Win,73.36954402960862,9.035714285714285,52.270379175802226,True,True,4.57859761820716,True
FE,2021-07-06,Win,29.681728606478412,68.35714285714286,50.72771224487895,True,False,7.068072305188264,True
FE,2021-12-27,Loss,-16.77797677041215,99.0,48.34759905977421,True,True,8.518823525714497,True
FE,2022-04-04,Loss,-15.402563798844483,11.392857142857142,48.181783078110854,True,True,7.244720770881197,True
FE,2022-07-27,Loss,-13.778593091843685,20.428571428571427,55.88492211213811,True,True,6.246407937300086,True
FE,2022-10-25,Win,45.45703577899121,28.285714285714285,52.089171837803406,True,False,5.659933175413447,True
FE,2025-05-05,Loss,-12.846524141363766,15.714285714285714,55.615737270340524,True,True,6.536199911247204,True
LPLA,2015-12-04,Loss,-7.461405231343964,,56.93408972924683,True,False,5.594772783702974,True
LPLA,2016-02-01,Loss,-10.427925563966753,86.82142857142857,48.335839506469355,True,False,4.666439246735509,True
LPLA,2016-03-10,Win,38.15894418823425,65.60714285714286,52.169151522060176,True,True,8.914945336819542,True
LPLA,2017-10-20,Win,23.8917167897903,98.60714285714286,55.782356795185365,True,True,7.477772817356617,True
LPLA,2018-09-19,Loss,-6.980940782862294,33.785714285714285,51.34453155541182,True,False,7.787178106352003,True
LPLA,2018-11-08,Loss,-10.262946201584452,8.25,50.84529214648909,True,False,5.100464825667418,True
LPLA,2019-01-25,Win,43.21227219271406,11.0,50.980072192486624,True,True,8.68207968381447,True
LPLA,2020-02-19,Loss,-7.410151550256954,78.96428571428572,60.12532040708837,True,True,5.260686871859663,True
LPLA,2020-04-09,Win,73.36954402960862,9.035714285714285,52.270379175802226,True,True,4.57859761820716,True
LPLA,2021-07-06,Win,29.681728606478412,68.35714285714286,50.72771224487895,True,False,7.068072305188264,True
LPLA,2021-12-27,Loss,-16.77797677041215,99.0,48.34759905977421,True,True,8.518823525714497,True
LPLA,2022-04-04,Loss,-15.402563798844483,11.392857142857142,48.181783078110854,True,True,7.244720770881197,True
LPLA,2022-07-27,Loss,-13.778593091843685,20.428571428571427,55.88492211213811,True,True,6.246407937300086,True
LPLA,2022-10-25,Win,45.45703577899121,28.285714285714285,52.089171837803406,True,False,5.659933175413447,True
LPLA,2025-05-05,Loss,-12.846524141363766,15.714285714285714,55.615737270340524,True,True,6.536199911247204,True
LYV,2015-12-04,Loss,-7.461405231343964,,56.93408972924683,True,False,5.594772783702974,True
LYV,2016-02-01,Loss,-10.427925563966753,86.82142857142857,48.335839506469355,True,False,4.666439246735509,True
LYV,2016-03-10,Win,38.15894418823425,65.60714285714286,52.169151522060176,True,True,8.914945336819542,True
LYV,2017-10-20,Win,23.8917167897903,98.60714285714286,55.782356795185365,True,True,7.477772817356617,True
LYV,2018-09-19,Loss,-6.980940782862294,33.785714285714285,51.34453155541182,True,False,7.787178106352003,True
LYV,2018-11-08,Loss,-10.262946201584452,8.25,50.84529214648909,True,False,5.100464825667418,True
LYV,2019-01-25,Win,43.21227219271406,11.0,50.980072192486624,True,True,8.68207968381447,True
LYV,2020-02-19,Loss,-7.410151550256954,78.96428571428572,60.12532040708837,True,True,5.260686871859663,True
LYV,2020-04-09,Win,73.36954402960862,9.035714285714285,52.270379175802226,True,True,4.57859761820716,True
LYV,2021-07-06,Win,29.681728606478412,68.35714285714286,50.72771224487895,True,False,7.068072305188264,True
LYV,2021-12-27,Loss,-16.77797677041215,99.0,48.34759905977421,True,True,8.518823525714497,True
LYV,2022-04-04,Loss,-15.402563798844483,11.392857142857142,48.181783078110854,True,True,7.244720770881197,True
LYV,2022-07-27,Loss,-13.778593091843685,20.428571428571427,55.88492211213811,True,True,6.246407937300086,True
LYV,2022-10-25,Win,45.45703577899121,28.285714285714285,52.089171837803406,True,False,5.659933175413447,True
LYV,2025-05-05,Loss,-12.846524141363766,15.714285714285714,55.615737270340524,True,True,6.536199911247204,True
GIS,2015-12-04,Loss,-7.461405231343964,,56.93408972924683,True,False,5.594772783702974,True
GIS,2016-02-01,Loss,-10.427925563966753,86.82142857142857,48.335839506469355,True,False,4.666439246735509,True
GIS,2016-03-10,Win,38.15894418823425,65.60714285714286,52.169151522060176,True,True,8.914945336819542,True
GIS,2017-10-20,Win,23.8917167897903,98.60714285714286,55.782356795185365,True,True,7.477772817356617,True
GIS,2018-09-19,Loss,-6.980940782862294,33.785714285714285,51.34453155541182,True,False,7.787178106352003,True
GIS,2018-11-08,Loss,-10.262946201584452,8.25,50.84529214648909,True,False,5.100464825667418,True
GIS,2019-01-25,Win,43.21227219271406,11.0,50.980072192486624,True,True,8.68207968381447,True
GIS,2020-02-19,Loss,-7.410151550256954,78.96428571428572,60.12532040708837,True,True,5.260686871859663,True
GIS,2020-04-09,Win,73.36954402960862,9.035714285714285,52.270379175802226,True,True,4.57859761820716,True
GIS,2021-07-06,Win,29.681728606478412,68.35714285714286,50.72771224487895,True,False,7.068072305188264,True
GIS,2021-12-27,Loss,-16.77797677041215,99.0,48.34759905977421,True,True,8.518823525714497,True
GIS,2022-04-04,Loss,-15.402563798844483,11.392857142857142,48.181783078110854,True,True,7.244720770881197,True
GIS,2022-07-27,Loss,-13.778593091843685,20.428571428571427,55.88492211213811,True,True,6.246407937300086,True
GIS,2022-10-25,Win,45.45703577899121,28.285714285714285,52.089171837803406,True,False,5.659933175413447,True
GIS,2025-05-05,Loss,-12.846524141363766,15.714285714285714,55.615737270340524,True,True,6.536199911247204,True
HPQ,2015-12-04,Loss,-7.461405231343964,,56.93408972924683,True,False,5.594772783702974,True
HPQ,2016-02-01,Loss,-10.427925563966753,86.82142857142857,48.335839506469355,True,False,4.666439246735509,True
HPQ,2016-03-10,Win,38.15894418823425,65.60714285714286,52.169151522060176,True,True,8.914945336819542,True
HPQ,2017-10-20,Win,23.8917167897903,98.60714285714286,55.782356795185365,True,True,7.477772817356617,True
HPQ,2018-09-19,Loss,-6.980940782862294,33.785714285714285,51.34453155541182,True,False,7.787178106352003,True
HPQ,2018-11-08,Loss,-10.262946201584452,8.25,50.84529214648909,True,False,5.100464825667418,True
HPQ,2019-01-25,Win,43.21227219271406,11.0,50.980072192486624,True,True,8.68207968381447,True
HPQ,2020-02-19,Loss,-7.410151550256954,78.96428571428572,60.12532040708837,True,True,5.260686871859663,True
HPQ,2020-04-09,Win,73.36954402960862,9.035714285714285,52.270379175802226,True,True,4.57859761820716,True
HPQ,2021-07-06,Win,29.681728606478412,68.35714285714286,50.72771224487895,True,False,7.068072305188264,True
HPQ,2021-12-27,Loss,-16.77797677041215,99.0,48.34759905977421,True,True,8.518823525714497,True
HPQ,2022-04-04,Loss,-15.402563798844483,11.392857142857142,48.181783078110854,True,True,7.244720770881197,True
HPQ,2022-07-27,Loss,-13.778593091843685,20.428571428571427,55.88492211213811,True,True,6.246407937300086,True
HPQ,2022-10-25,Win,45.45703577899121,28.285714285714285,52.089171837803406,True,False,5.659933175413447,True
HPQ,2025-05-05,Loss,-12.846524141363766,15.714285714285714,55.615737270340524,True,True,6.536199911247204,True
PPG,2016-03-22,Loss,-9.547454303493536,24.357142857142854,52.278883080366825,True,True,4.320284682232649,False
PPG,2016-12-15,Win,28.59890563874391,26.71428571428571,42.4608952587899,True,True,5.641167150539724,True
PPG,2017-12-01,Win,22.645671078502502,48.71428571428571,53.16099745996824,True,False,6.034747590352654,True
PPG,2019-10-11,Loss,-7.86633724103053,85.64285714285715,48.99733478510243,True,True,4.486478420616094,True
PPG,2020-04-06,Win,53.98096111767473,43.607142857142854,52.50425894439182,True,True,3.460323225674943,True
PPG,2024-01-03,Loss,-13.100728031086906,99.0,53.0978278195446,True,False,7.5734129223990685,True
PPG,2025-01-23,Win,28.038392567123218,10.214285714285714,50.528299509159766,True,True,5.079556097358996,False
ODFL,2016-03-22,Loss,-9.547454303493536,24.357142857142854,52.278883080366825,True,True,4.320284682232649,False
ODFL,2016-12-15,Win,28.59890563874391,26.71428571428571,42.4608952587899,True,True,5.641167150539724,True
ODFL,2017-12-01,Win,22.645671078502502,48.71428571428571,53.16099745996824,True,False,6.034747590352654,True
ODFL,2019-10-11,Loss,-7.86633724103053,85.64285714285715,48.99733478510243,True,True,4.486478420616094,True
ODFL,2020-04-06,Win,53.98096111767473,43.607142857142854,52.50425894439182,True,True,3.460323225674943,True
ODFL,2024-01-03,Loss,-13.100728031086906,99.0,53.0978278195446,True,False,7.5734129223990685,True
ODFL,2025-01-23,Win,28.038392567123218,10.214285714285714,50.528299509159766,True,True,5.079556097358996,False
PPL,2016-03-22,Loss,-9.547454303493536,24.357142857142854,52.278883080366825,True,True,4.320284682232649,False
PPL,2016-12-15,Win,28.59890563874391,26.71428571428571,42.4608952587899,True,True,5.641167150539724,True
PPL,2017-12-01,Win,22.645671078502502,48.71428571428571,53.16099745996824,True,False,6.034747590352654,True
PPL,2019-10-11,Loss,-7.86633724103053,85.64285714285715,48.99733478510243,True,True,4.486478420616094,True
PPL,2020-04-06,Win,53.98096111767473,43.607142857142854,52.50425894439182,True,True,3.460323225674943,True
PPL,2024-01-03,Loss,-13.100728031086906,99.0,53.0978278195446,True,False,7.5734129223990685,True
PPL,2025-01-23,Win,28.038392567123218,10.214285714285714,50.528299509159766,True,True,5.079556097358996,False
PHM,2016-03-22,Loss,-9.547454303493536,24.357142857142854,52.278883080366825,True,True,4.320284682232649,False
PHM,2016-12-15,Win,28.59890563874391,26.71428571428571,42.4608952587899,True,True,5.641167150539724,True
PHM,2017-12-01,Win,22.645671078502502,48.71428571428571,53.16099745996824,True,False,6.034747590352654,True
PHM,2019-10-11,Loss,-7.86633724103053,85.64285714285715,48.99733478510243,True,True,4.486478420616094,True
PHM,2020-04-06,Win,53.98096111767473,43.607142857142854,52.50425894439182,True,True,3.460323225674943,True
PHM,2024-01-03,Loss,-13.100728031086906,99.0,53.0978278195446,True,False,7.5734129223990685,True
PHM,2025-01-23,Win,28.038392567123218,10.214285714285714,50.528299509159766,True,True,5.079556097358996,False
MKL,2016-03-22,Loss,-9.547454303493536,24.357142857142854,52.278883080366825,True,True,4.320284682232649,False
MKL,2016-12-15,Win,28.59890563874391,26.71428571428571,42.4608952587899,True,True,5.641167150539724,True
MKL,2017-12-01,Win,22.645671078502502,48.71428571428571,53.16099745996824,True,False,6.034747590352654,True
MKL,2019-10-11,Loss,-7.86633724103053,85.64285714285715,48.99733478510243,True,True,4.486478420616094,True
MKL,2020-04-06,Win,53.98096111767473,43.607142857142854,52.50425894439182,True,True,3.460323225674943,True
MKL,2024-01-03,Loss,-13.100728031086906,99.0,53.0978278195446,True,False,7.5734129223990685,True
MKL,2025-01-23,Win,28.038392567123218,10.214285714285714,50.528299509159766,True,True,5.079556097358996,False
NVR,2016-03-22,Loss,-9.547454303493536,24.357142857142854,52.278883080366825,True,True,4.320284682232649,False
NVR,2016-12-15,Win,28.59890563874391,26.71428571428571,42.4608952587899,True,True,5.641167150539724,True
NVR,2017-12-01,Win,22.645671078502502,48.71428571428571,53.16099745996824,True,False,6.034747590352654,True
NVR,2019-10-11,Loss,-7.86633724103053,85.64285714285715,48.99733478510243,True,True,4.486478420616094,True
NVR,2020-04-06,Win,53.98096111767473,43.607142857142854,52.50425894439182,True,True,3.460323225674943,True
NVR,2024-01-03,Loss,-13.100728031086906,99.0,53.0978278195446,True,False,7.5734129223990685,True
NVR,2025-01-23,Win,28.038392567123218,10.214285714285714,50.528299509159766,True,True,5.079556097358996,False
MTD,2016-03-22,Loss,-9.547454303493536,24.357142857142854,52.278883080366825,True,True,4.320284682232649,False
MTD,2016-12-15,Win,28.59890563874391,26.71428571428571,42.4608952587899,True,True,5.641167150539724,True
MTD,2017-12-01,Win,22.645671078502502,48.71428571428571,53.16099745996824,True,False,6.034747590352654,True
MTD,2019-10-11,Loss,-7.86633724103053,85.64285714285715,48.99733478510243,True,True,4.486478420616094,True
MTD,2020-04-06,Win,53.98096111767473,43.607142857142854,52.50425894439182,True,True,3.460323225674943,True
MTD,2024-01-03,Loss,-13.100728031086906,99.0,53.0978278195446,True,False,7.5734129223990685,True
MTD,2025-01-23,Win,28.038392567123218,10.214285714285714,50.528299509159766,True,True,5.079556097358996,False
MDB,2016-03-22,Loss,-9.547454303493536,24.357142857142854,52.278883080366825,True,True,4.320284682232649,False
MDB,2016-12-15,Win,28.59890563874391,26.71428571428571,42.4608952587899,True,True,5.641167150539724,True
MDB,2017-12-01,Win,22.645671078502502,48.71428571428571,53.16099745996824,True,False,6.034747590352654,True
MDB,2019-10-11,Loss,-7.86633724103053,85.64285714285715,48.99733478510243,True,True,4.486478420616094,True
MDB,2020-04-06,Win,53.98096111767473,43.607142857142854,52.50425894439182,True,True,3.460323225674943,True
MDB,2024-01-03,Loss,-13.100728031086906,99.0,53.0978278195446,True,False,7.5734129223990685,True
MDB,2025-01-23,Win,28.038392567123218,10.214285714285714,50.528299509159766,True,True,5.079556097358996,False
NTAP,2016-03-22,Loss,-9.547454303493536,24.357142857142854,52.278883080366825,True,True,4.320284682232649,False
NTAP,2016-12-15,Win,28.59890563874391,26.71428571428571,42.4608952587899,True,True,5.641167150539724,True
NTAP,2017-12-01,Win,22.645671078502502,48.71428571428571,53.16099745996824,True,False,6.034747590352654,True
NTAP,2019-10-11,Loss,-7.86633724103053,85.64285714285715,48.99733478510243,True,True,4.486478420616094,True
NTAP,2020-04-06,Win,53.98096111767473,43.607142857142854,52.50425894439182,True,True,3.460323225674943,True
NTAP,2024-01-03,Loss,-13.100728031086906,99.0,53.0978278195446,True,False,7.5734129223990685,True
NTAP,2025-01-23,Win,28.038392567123218,10.214285714285714,50.528299509159766,True,True,5.079556097358996,False
NTRS,2016-03-22,Loss,-9.547454303493536,24.357142857142854,52.278883080366825,True,True,4.320284682232649,False
NTRS,2016-12-15,Win,28.59890563874391,26.71428571428571,42.4608952587899,True,True,5.641167150539724,True
NTRS,2017-12-01,Win,22.645671078502502,48.71428571428571,53.16099745996824,True,False,6.034747590352654,True
NTRS,2019-10-11,Loss,-7.86633724103053,85.64285714285715,48.99733478510243,True,True,4.486478420616094,True
NTRS,2020-04-06,Win,53.98096111767473,43.607142857142854,52.50425894439182,True,True,3.460323225674943,True
NTRS,2024-01-03,Loss,-13.100728031086906,99.0,53.0978278195446,True,False,7.5734129223990685,True
NTRS,2025-01-23,Win,28.038392567123218,10.214285714285714,50.528299509159766,True,True,5.079556097358996,False
STE,2015-11-17,Loss,-7.879354923259103,,56.78965296452078,True,False,5.4584405142915555,False
STE,2016-03-11,Win,44.572286080392864,75.82142857142858,49.22374625295555,True,True,8.057178799352014,True
STE,2017-12-04,Loss,-14.422485731156709,99.0,57.86255821561619,True,False,9.76758588701134,True
STE,2020-04-24,Win,58.902801212225086,11.785714285714285,55.02527161324156,True,True,6.272745594130002,True
STE,2021-05-04,Loss,-8.531947239268597,93.89285714285714,59.130314796585694,True,True,6.19038252422488,True
STE,2021-07-01,Win,27.158005832704053,40.07142857142857,51.98627346708648,True,True,6.670670199678153,True
STE,2022-07-19,Win,40.633156663681845,30.642857142857142,50.87447673321846,True,True,5.843781203571497,True
STE,2024-09-30,Loss,-13.517185490307213,91.53571428571429,55.78295843957818,True,True,8.921504585814995,True
TDY,2015-11-17,Loss,-7.879354923259103,,56.78965296452078,True,False,5.4584405142915555,False
TDY,2016-03-11,Win,44.572286080392864,75.82142857142858,49.22374625295555,True,True,8.057178799352014,True
TDY,2017-12-04,Loss,-14.422485731156709,99.0,57.86255821561619,True,False,9.76758588701134,True
TDY,2020-04-24,Win,58.902801212225086,11.785714285714285,55.02527161324156,True,True,6.272745594130002,True
TDY,2021-05-04,Loss,-8.531947239268597,93.89285714285714,59.130314796585694,True,True,6.19038252422488,True
TDY,2021-07-01,Win,27.158005832704053,40.07142857142857,51.98627346708648,True,True,6.670670199678153,True
TDY,2022-07-19,Win,40.633156663681845,30.642857142857142,50.87447673321846,True,True,5.843781203571497,True
TDY,2024-09-30,Loss,-13.517185490307213,91.53571428571429,55.78295843957818,True,True,8.921504585814995,True
SMCI,2015-11-17,Loss,-7.879354923259103,,56.78965296452078,True,False,5.4584405142915555,False
SMCI,2016-03-11,Win,44.572286080392864,75.82142857142858,49.22374625295555,True,True,8.057178799352014,True
SMCI,2017-12-04,Loss,-14.422485731156709,99.0,57.86255821561619,True,False,9.76758588701134,True
SMCI,2020-04-24,Win,58.902801212225086,11.785714285714285,55.02527161324156,True,True,6.272745594130002,True
SMCI,2021-05-04,Loss,-8.531947239268597,93.89285714285714,59.130314796585694,True,True,6.19038252422488,True
SMCI,2021-07-01,Win,27.158005832704053,40.07142857142857,51.98627346708648,True,True,6.670670199678153,True
SMCI,2022-07-19,Win,40.633156663681845,30.642857142857142,50.87447673321846,True,True,5.843781203571497,True
SMCI,2024-09-30,Loss,-13.517185490307213,91.53571428571429,55.78295843957818,True,True,8.921504585814995,True
SYF,2015-11-17,Loss,-7.879354923259103,,56.78965296452078,True,False,5.4584405142915555,False
SYF,2016-03-11,Win,44.572286080392864,75.82142857142858,49.22374625295555,True,True,8.057178799352014,True
SYF,2017-12-04,Loss,-14.422485731156709,99.0,57.86255821561619,True,False,9.76758588701134,True
SYF,2020-04-24,Win,58.902801212225086,11.785714285714285,55.02527161324156,True,True,6.272745594130002,True
SYF,2021-05-04,Loss,-8.531947239268597,93.89285714285714,59.130314796585694,True,True,6.19038252422488,True
SYF,2021-07-01,Win,27.158005832704053,40.07142857142857,51.98627346708648,True,True,6.670670199678153,True
SYF,2022-07-19,Win,40.633156663681845,30.642857142857142,50.87447673321846,True,True,5.843781203571497,True
SYF,2024-09-30,Loss,-13.517185490307213,91.53571428571429,55.78295843957818,True,True,8.921504585814995,True
TEAM,2015-11-17,Loss,-7.879354923259103,,56.78965296452078,True,False,5.4584405142915555,False
TEAM,2016-03-11,Win,44.572286080392864,75.82142857142858,49.22374625295555,True,True,8.057178799352014,True
TEAM,2017-12-04,Loss,-14.422485731156709,99.0,57.86255821561619,True,False,9.76758588701134,True
TEAM,2020-04-24,Win,58.902801212225086,11.785714285714285,55.02527161324156,True,True,6.272745594130002,True
TEAM,2021-05-04,Loss,-8.531947239268597,93.89285714285714,59.130314796585694,True,True,6.19038252422488,True
TEAM,2021-07-01,Win,27.158005832704053,40.07142857142857,51.98627346708648,True,True,6.670670199678153,True
TEAM,2022-07-19,Win,40.633156663681845,30.642857142857142,50.87447673321846,True,True,5.843781203571497,True
TEAM,2024-09-30,Loss,-13.517185490307213,91.53571428571429,55.78295843957818,True,True,8.921504585814995,True
PTC,2015-11-17,Loss,-7.879354923259103,,56.78965296452078,True,False,5.4584405142915555,False
PTC,2016-03-11,Win,44.572286080392864,75.82142857142858,49.22374625295555,True,True,8.057178799352014,True
PTC,2017-12-04,Loss,-14.422485731156709,99.0,57.86255821561619,True,False,9.76758588701134,True
PTC,2020-04-24,Win,58.902801212225086,11.785714285714285,55.02527161324156,True,True,6.272745594130002,True
PTC,2021-05-04,Loss,-8.531947239268597,93.89285714285714,59.130314796585694,True,True,6.19038252422488,True
PTC,2021-07-01,Win,27.158005832704053,40.07142857142857,51.98627346708648,True,True,6.670670199678153,True
PTC,2022-07-19,Win,40.633156663681845,30.642857142857142,50.87447673321846,True,True,5.843781203571497,True
PTC,2024-09-30,Loss,-13.517185490307213,91.53571428571429,55.78295843957818,True,True,8.921504585814995,True
RF,2015-11-17,Loss,-7.879354923259103,,56.78965296452078,True,False,5.4584405142915555,False
RF,2016-03-11,Win,44.572286080392864,75.82142857142858,49.22374625295555,True,True,8.057178799352014,True
RF,2017-12-04,Loss,-14.422485731156709,99.0,57.86255821561619,True,False,9.76758588701134,True
RF,2020-04-24,Win,58.902801212225086,11.785714285714285,55.02527161324156,True,True,6.272745594130002,True
RF,2021-05-04,Loss,-8.531947239268597,93.89285714285714,59.130314796585694,True,True,6.19038252422488,True
RF,2021-07-01,Win,27.158005832704053,40.07142857142857,51.98627346708648,True,True,6.670670199678153,True
RF,2022-07-19,Win,40.633156663681845,30.642857142857142,50.87447673321846,True,True,5.843781203571497,True
RF,2024-09-30,Loss,-13.517185490307213,91.53571428571429,55.78295843957818,True,True,8.921504585814995,True
PSTG,2015-11-17,Loss,-7.879354923259103,,56.78965296452078,True,False,5.4584405142915555,False
PSTG,2016-03-11,Win,44.572286080392864,75.82142857142858,49.22374625295555,True,True,8.057178799352014,True
PSTG,2017-12-04,Loss,-14.422485731156709,99.0,57.86255821561619,True,False,9.76758588701134,True
PSTG,2020-04-24,Win,58.902801212225086,11.785714285714285,55.02527161324156,True,True,6.272745594130002,True
PSTG,2021-05-04,Loss,-8.531947239268597,93.89285714285714,59.130314796585694,True,True,6.19038252422488,True
PSTG,2021-07-01,Win,27.158005832704053,40.07142857142857,51.98627346708648,True,True,6.670670199678153,True
PSTG,2022-07-19,Win,40.633156663681845,30.642857142857142,50.87447673321846,True,True,5.843781203571497,True
PSTG,2024-09-30,Loss,-13.517185490307213,91.53571428571429,55.78295843957818,True,True,8.921504585814995,True
RDDT,2015-11-17,Loss,-7.879354923259103,,56.78965296452078,True,False,5.4584405142915555,False
RDDT,2016-03-11,Win,44.572286080392864,75.82142857142858,49.22374625295555,True,True,8.057178799352014,True
RDDT,2017-12-04,Loss,-14.422485731156709,99.0,57.86255821561619,True,False,9.76758588701134,True
RDDT,2020-04-24,Win,58.902801212225086,11.785714285714285,55.02527161324156,True,True,6.272745594130002,True
RDDT,2021-05-04,Loss,-8.531947239268597,93.89285714285714,59.130314796585694,True,True,6.19038252422488,True
RDDT,2021-07-01,Win,27.158005832704053,40.07142857142857,51.98627346708648,True,True,6.670670199678153,True
RDDT,2022-07-19,Win,40.633156663681845,30.642857142857142,50.87447673321846,True,True,5.843781203571497,True
RDDT,2024-09-30,Loss,-13.517185490307213,91.53571428571429,55.78295843957818,True,True,8.921504585814995,True
AFRM,2015-12-16,Win,27.160036785091123,,53.7868243993181,True,False,5.557239003080212,True
AFRM,2016-09-21,Loss,-7.8413552374903235,73.07142857142857,56.887557552517606,True,False,4.99790970488005,True
AFRM,2016-10-31,Loss,-10.02376698084025,36.92857142857143,51.05784885133643,True,False,7.705956917398477,True
AFRM,2016-12-13,Win,29.147078003567923,18.857142857142858,54.688793908443124,True,False,6.848168405696328,True
AFRM,2017-09-11,Win,17.079658891610634,98.21428571428572,50.08748877936176,True,False,5.369858803295882,True
AFRM,2018-08-16,Win,21.709973985049306,62.857142857142854,57.26546960655015,True,True,6.3177175350670485,True
AFRM,2019-07-10,Win,18.238199218238655,98.21428571428572,53.07628373726217,True,False,4.517141635817196,True
AFRM,2020-01-13,Loss,-7.421022524880519,87.21428571428571,56.58821856561658,True,True,6.613157145509992,True
AFRM,2020-05-28,Win,39.61537963336776,18.857142857142858,53.59005598426866,True,True,6.0232531949117245,True
AFRM,2021-04-05,Loss,-12.785359719742791,38.89285714285714,44.78609701586266,True,True,5.954608645023535,True
ULTA,2015-12-16,Win,27.160036785091123,,53.7868243993181,True,False,5.557239003080212,True
ULTA,2016-09-21,Loss,-7.8413552374903235,73.07142857142857,56.887557552517606,True,False,4.99790970488005,True
ULTA,2016-10-31,Loss,-10.02376698084025,36.92857142857143,51.05784885133643,True,False,7.705956917398477,True
ULTA,2016-12-13,Win,29.147078003567923,18.857142857142858,54.688793908443124,True,False,6.848168405696328,True
ULTA,2017-09-11,Win,17.079658891610634,98.21428571428572,50.08748877936176,True,False,5.369858803295882,True
ULTA,2018-08-16,Win,21.709973985049306,62.857142857142854,57.26546960655015,True,True,6.3177175350670485,True
ULTA,2019-07-10,Win,18.238199218238655,98.21428571428572,53.07628373726217,True,False,4.517141635817196,True
ULTA,2020-01-13,Loss,-7.421022524880519,87.21428571428571,56.58821856561658,True,True,6.613157145509992,True
ULTA,2020-05-28,Win,39.61537963336776,18.857142857142858,53.59005598426866,True,True,6.0232531949117245,True
ULTA,2021-04-05,Loss,-12.785359719742791,38.89285714285714,44.78609701586266,True,True,5.954608645023535,True
ACM,2015-12-16,Win,27.160036785091123,,53.7868243993181,True,False,5.557239003080212,True
ACM,2016-09-21,Loss,-7.8413552374903235,73.07142857142857,56.887557552517606,True,False,4.99790970488005,True
ACM,2016-10-31,Loss,-10.02376698084025,36.92857142857143,51.05784885133643,True,False,7.705956917398477,True
ACM,2016-12-13,Win,29.147078003567923,18.857142857142858,54.688793908443124,True,False,6.848168405696328,True
ACM,2017-09-11,Win,17.079658891610634,98.21428571428572,50.08748877936176,True,False,5.369858803295882,True
ACM,2018-08-16,Win,21.709973985049306,62.857142857142854,57.26546960655015,True,True,6.3177175350670485,True
ACM,2019-07-10,Win,18.238199218238655,98.21428571428572,53.07628373726217,True,False,4.517141635817196,True
ACM,2020-01-13,Loss,-7.421022524880519,87.21428571428571,56.58821856561658,True,True,6.613157145509992,True
ACM,2020-05-28,Win,39.61537963336776,18.857142857142858,53.59005598426866,True,True,6.0232531949117245,True
ACM,2021-04-05,Loss,-12.785359719742791,38.89285714285714,44.78609701586266,True,True,5.954608645023535,True
TROW,2015-12-16,Win,27.160036785091123,,53.7868243993181,True,False,5.557239003080212,True
TROW,2016-09-21,Loss,-7.8413552374903235,73.07142857142857,56.887557552517606,True,False,4.99790970488005,True
TROW,2016-10-31,Loss,-10.02376698084025,36.92857142857143,51.05784885133643,True,False,7.705956917398477,True
TROW,2016-12-13,Win,29.147078003567923,18.857142857142858,54.688793908443124,True,False,6.848168405696328,True
TROW,2017-09-11,Win,17.079658891610634,98.21428571428572,50.08748877936176,True,False,5.369858803295882,True
TROW,2018-08-16,Win,21.709973985049306,62.857142857142854,57.26546960655015,True,True,6.3177175350670485,True
TROW,2019-07-10,Win,18.238199218238655,98.21428571428572,53.07628373726217,True,False,4.517141635817196,True
TROW,2020-01-13,Loss,-7.421022524880519,87.21428571428571,56.58821856561658,True,True,6.613157145509992,True
TROW,2020-05-28,Win,39.61537963336776,18.857142857142858,53.59005598426866,True,True,6.0232531949117245,True
TROW,2021-04-05,Loss,-12.785359719742791,38.89285714285714,44.78609701586266,True,True,5.954608645023535,True
VLTO,2015-12-16,Win,27.160036785091123,,53.7868243993181,True,False,5.557239003080212,True
VLTO,2016-09-21,Loss,-7.8413552374903235,73.07142857142857,56.887557552517606,True,False,4.99790970488005,True
VLTO,2016-10-31,Loss,-10.02376698084025,36.92857142857143,51.05784885133643,True,False,7.705956917398477,True
VLTO,2016-12-13,Win,29.147078003567923,18.857142857142858,54.688793908443124,True,False,6.848168405696328,True
VLTO,2017-09-11,Win,17.079658891610634,98.21428571428572,50.08748877936176,True,False,5.369858803295882,True
VLTO,2018-08-16,Win,21.709973985049306,62.857142857142854,57.26546960655015,True,True,6.3177175350670485,True
VLTO,2019-07-10,Win,18.238199218238655,98.21428571428572,53.07628373726217,True,False,4.517141635817196,True
VLTO,2020-01-13,Loss,-7.421022524880519,87.21428571428571,56.58821856561658,True,True,6.613157145509992,True
VLTO,2020-05-28,Win,39.61537963336776,18.857142857142858,53.59005598426866,True,True,6.0232531949117245,True
VLTO,2021-04-05,Loss,-12.785359719742791,38.89285714285714,44.78609701586266,True,True,5.954608645023535,True
TPR,2015-12-16,Win,27.160036785091123,,53.7868243993181,True,False,5.557239003080212,True
TPR,2016-09-21,Loss,-7.8413552374903235,73.07142857142857,56.887557552517606,True,False,4.99790970488005,True
TPR,2016-10-31,Loss,-10.02376698084025,36.92857142857143,51.05784885133643,True,False,7.705956917398477,True
TPR,2016-12-13,Win,29.147078003567923,18.857142857142858,54.688793908443124,True,False,6.848168405696328,True
TPR,2017-09-11,Win,17.079658891610634,98.21428571428572,50.08748877936176,True,False,5.369858803295882,True
TPR,2018-08-16,Win,21.709973985049306,62.857142857142854,57.26546960655015,True,True,6.3177175350670485,True
TPR,2019-07-10,Win,18.238199218238655,98.21428571428572,53.07628373726217,True,False,4.517141635817196,True
TPR,2020-01-13,Loss,-7.421022524880519,87.21428571428571,56.58821856561658,True,True,6.613157145509992,True
TPR,2020-05-28,Win,39.61537963336776,18.857142857142858,53.59005598426866,True,True,6.0232531949117245,True
TPR,2021-04-05,Loss,-12.785359719742791,38.89285714285714,44.78609701586266,True,True,5.954608645023535,True
VRSN,2015-12-16,Win,27.160036785091123,,53.7868243993181,True,False,5.557239003080212,True
VRSN,2016-09-21,Loss,-7.8413552374903235,73.07142857142857,56.887557552517606,True,False,4.99790970488005,True
VRSN,2016-10-31,Loss,-10.02376698084025,36.92857142857143,51.05784885133643,True,False,7.705956917398477,True
VRSN,2016-12-13,Win,29.147078003567923,18.857142857142858,54.688793908443124,True,False,6.848168405696328,True
VRSN,2017-09-11,Win,17.079658891610634,98.21428571428572,50.08748877936176,True,False,5.369858803295882,True
VRSN,2018-08-16,Win,21.709973985049306,62.857142857142854,57.26546960655015,True,True,6.3177175350670485,True
VRSN,2019-07-10,Win,18.238199218238655,98.21428571428572,53.07628373726217,True,False,4.517141635817196,True
VRSN,2020-01-13,Loss,-7.421022524880519,87.21428571428571,56.58821856561658,True,True,6.613157145509992,True
VRSN,2020-05-28,Win,39.61537963336776,18.857142857142858,53.59005598426866,True,True,6.0232531949117245,True
VRSN,2021-04-05,Loss,-12.785359719742791,38.89285714285714,44.78609701586266,True,True,5.954608645023535,True
WSM,2015-12-16,Win,27.160036785091123,,53.7868243993181,True,False,5.557239003080212,True
WSM,2016-09-21,Loss,-7.8413552374903235,73.07142857142857,56.887557552517606,True,False,4.99790970488005,True
WSM,2016-10-31,Loss,-10.02376698084025,36.92857142857143,51.05784885133643,True,False,7.705956917398477,True
WSM,2016-12-13,Win,29.147078003567923,18.857142857142858,54.688793908443124,True,False,6.848168405696328,True
WSM,2017-09-11,Win,17.079658891610634,98.21428571428572,50.08748877936176,True,False,5.369858803295882,True
WSM,2018-08-16,Win,21.709973985049306,62.857142857142854,57.26546960655015,True,True,6.3177175350670485,True
WSM,2019-07-10,Win,18.238199218238655,98.21428571428572,53.07628373726217,True,False,4.517141635817196,True
WSM,2020-01-13,Loss,-7.421022524880519,87.21428571428571,56.58821856561658,True,True,6.613157145509992,True
WSM,2020-05-28,Win,39.61537963336776,18.857142857142858,53.59005598426866,True,True,6.0232531949117245,True
WSM,2021-04-05,Loss,-12.785359719742791,38.89285714285714,44.78609701586266,True,True,5.954608645023535,True
TYL,2015-12-16,Win,27.160036785091123,,53.7868243993181,True,False,5.557239003080212,True
TYL,2016-09-21,Loss,-7.8413552374903235,73.07142857142857,56.887557552517606,True,False,4.99790970488005,True
TYL,2016-10-31,Loss,-10.02376698084025,36.92857142857143,51.05784885133643,True,False,7.705956917398477,True
TYL,2016-12-13,Win,29.147078003567923,18.857142857142858,54.688793908443124,True,False,6.848168405696328,True
TYL,2017-09-11,Win,17.079658891610634,98.21428571428572,50.08748877936176,True,False,5.369858803295882,True
TYL,2018-08-16,Win,21.709973985049306,62.857142857142854,57.26546960655015,True,True,6.3177175350670485,True
TYL,2019-07-10,Win,18.238199218238655,98.21428571428572,53.07628373726217,True,False,4.517141635817196,True
TYL,2020-01-13,Loss,-7.421022524880519,87.21428571428571,56.58821856561658,True,True,6.613157145509992,True
TYL,2020-05-28,Win,39.61537963336776,18.857142857142858,53.59005598426866,True,True,6.0232531949117245,True
TYL,2021-04-05,Loss,-12.785359719742791,38.89285714285714,44.78609701586266,True,True,5.954608645023535,True
ZS,2015-12-16,Win,27.160036785091123,,53.7868243993181,True,False,5.557239003080212,True
ZS,2016-09-21,Loss,-7.8413552374903235,73.07142857142857,56.887557552517606,True,False,4.99790970488005,True
ZS,2016-10-31,Loss,-10.02376698084025,36.92857142857143,51.05784885133643,True,False,7.705956917398477,True
ZS,2016-12-13,Win,29.147078003567923,18.857142857142858,54.688793908443124,True,False,6.848168405696328,True
ZS,2017-09-11,Win,17.079658891610634,98.21428571428572,50.08748877936176,True,False,5.369858803295882,True
ZS,2018-08-16,Win,21.709973985049306,62.857142857142854,57.26546960655015,True,True,6.3177175350670485,True
ZS,2019-07-10,Win,18.238199218238655,98.21428571428572,53.07628373726217,True,False,4.517141635817196,True
ZS,2020-01-13,Loss,-7.421022524880519,87.21428571428571,56.58821856561658,True,True,6.613157145509992,True
ZS,2020-05-28,Win,39.61537963336776,18.857142857142858,53.59005598426866,True,True,6.0232531949117245,True
ZS,2021-04-05,Loss,-12.785359719742791,38.89285714285714,44.78609701586266,True,True,5.954608645023535,True
CMS,2015-11-23,Loss,-22.13789441916555,,53.41349791379047,True,False,6.019104421345843,True
CMS,2016-02-24,Win,71.0741140856409,29.857142857142854,49.67441774528362,True,True,5.825315618513087,True
CMS,2017-03-08,Win,73.87726945616059,98.21428571428572,55.77548339514811,True,False,8.547746174927022,True
CMS,2017-11-10,Loss,-21.121196200689283,98.21428571428572,54.2649172937993,True,False,6.823652924728879,True
CMS,2019-12-19,Loss,-9.493694132237344,18.07142857142857,58.35188531575823,True,True,4.911632458264272,True
CMS,2020-03-30,Win,76.16671174906017,29.857142857142854,53.93445569950559,False,True,3.2413698517286487,True
CMS,2021-07-06,Loss,-8.87957956994902,97.03571428571428,55.32209850383529,True,True,5.367484756322573,True
CMS,2021-10-08,Win,30.66337722546222,17.67857142857143,54.27582148315467,True,False,5.386931153419161,True
CMS,2021-12-15,Loss,-15.86672593670541,99.0,52.30895514708277,True,False,5.786968153910725,True
CMS,2022-03-21,Loss,-19.61697177499791,54.60714285714286,52.73227184321987,True,False,5.106018015484538,True
CMS,2022-07-19,Win,46.80916724739892,11.0,50.268913936018066,True,True,5.055652680790207,True
CMS,2023-03-16,Win,60.50600559251343,96.64285714285714,56.23624847458003,True,False,7.591986833414501,True
CMS,2024-01-22,Win,50.11102674706549,99.0,55.25574419753582,True,False,8.071469722917318,True
CMS,2024-10-09,Loss,-21.927283973745272,54.60714285714286,50.29228750910133,True,True,9.461352700820495,True
CMS,2025-06-26,Win,57.31613947065416,31.821428571428573,55.72141325119864,True,True,5.3407801963806945,True
CHD,2015-11-23,Loss,-22.13789441916555,,53.41349791379047,True,False,6.019104421345843,True
CHD,2016-02-24,Win,71.0741140856409,29.857142857142854,49.67441774528362,True,True,5.825315618513087,True
CHD,2017-03-08,Win,73.87726945616059,98.21428571428572,55.77548339514811,True,False,8.547746174927022,True
CHD,2017-11-10,Loss,-21.121196200689283,98.21428571428572,54.2649172937993,True,False,6.823652924728879,True
CHD,2019-12-19,Loss,-9.493694132237344,18.07142857142857,58.35188531575823,True,True,4.911632458264272,True
CHD,2020-03-30,Win,76.16671174906017,29.857142857142854,53.93445569950559,False,True,3.2413698517286487,True
CHD,2021-07-06,Loss,-8.87957956994902,97.03571428571428,55.32209850383529,True,True,5.367484756322573,True
CHD,2021-10-08,Win,30.66337722546222,17.67857142857143,54.27582148315467,True,False,5.386931153419161,True
CHD,2021-12-15,Loss,-15.86672593670541,99.0,52.30895514708277,True,False,5.786968153910725,True
CHD,2022-03-21,Loss,-19.61697177499791,54.60714285714286,52.73227184321987,True,False,5.106018015484538,True
CHD,2022-07-19,Win,46.80916724739892,11.0,50.268913936018066,True,True,5.055652680790207,True
CHD,2023-03-16,Win,60.50600559251343,96.64285714285714,56.23624847458003,True,False,7.591986833414501,True
CHD,2024-01-22,Win,50.11102674706549,99.0,55.25574419753582,True,False,8.071469722917318,True
CHD,2024-10-09,Loss,-21.927283973745272,54.60714285714286,50.29228750910133,True,True,9.461352700820495,True
CHD,2025-06-26,Win,57.31613947065416,31.821428571428573,55.72141325119864,True,True,5.3407801963806945,True
BURL,2015-11-23,Loss,-22.13789441916555,,53.41349791379047,True,False,6.019104421345843,True
BURL,2016-02-24,Win,71.0741140856409,29.857142857142854,49.67441774528362,True,True,5.825315618513087,True
BURL,2017-03-08,Win,73.87726945616059,98.21428571428572,55.77548339514811,True,False,8.547746174927022,True
BURL,2017-11-10,Loss,-21.121196200689283,98.21428571428572,54.2649172937993,True,False,6.823652924728879,True
BURL,2019-12-19,Loss,-9.493694132237344,18.07142857142857,58.35188531575823,True,True,4.911632458264272,True
BURL,2020-03-30,Win,76.16671174906017,29.857142857142854,53.93445569950559,False,True,3.2413698517286487,True
BURL,2021-07-06,Loss,-8.87957956994902,97.03571428571428,55.32209850383529,True,True,5.367484756322573,True
BURL,2021-10-08,Win,30.66337722546222,17.67857142857143,54.27582148315467,True,False,5.386931153419161,True
BURL,2021-12-15,Loss,-15.86672593670541,99.0,52.30895514708277,True,False,5.786968153910725,True
BURL,2022-03-21,Loss,-19.61697177499791,54.60714285714286,52.73227184321987,True,False,5.106018015484538,True
BURL,2022-07-19,Win,46.80916724739892,11.0,50.268913936018066,True,True,5.055652680790207,True
BURL,2023-03-16,Win,60.50600559251343,96.64285714285714,56.23624847458003,True,False,7.591986833414501,True
BURL,2024-01-22,Win,50.11102674706549,99.0,55.25574419753582,True,False,8.071469722917318,True
BURL,2024-10-09,Loss,-21.927283973745272,54.60714285714286,50.29228750910133,True,True,9.461352700820495,True
BURL,2025-06-26,Win,57.31613947065416,31.821428571428573,55.72141325119864,True,True,5.3407801963806945,True
BWXT,2015-11-23,Loss,-22.13789441916555,,53.41349791379047,True,False,6.019104421345843,True
BWXT,2016-02-24,Win,71.0741140856409,29.857142857142854,49.67441774528362,True,True,5.825315618513087,True
BWXT,2017-03-08,Win,73.87726945616059,98.21428571428572,55.77548339514811,True,False,8.547746174927022,True
BWXT,2017-11-10,Loss,-21.121196200689283,98.21428571428572,54.2649172937993,True,False,6.823652924728879,True
BWXT,2019-12-19,Loss,-9.493694132237344,18.07142857142857,58.35188531575823,True,True,4.911632458264272,True
BWXT,2020-03-30,Win,76.16671174906017,29.857142857142854,53.93445569950559,False,True,3.2413698517286487,True
BWXT,2021-07-06,Loss,-8.87957956994902,97.03571428571428,55.32209850383529,True,True,5.367484756322573,True
BWXT,2021-10-08,Win,30.66337722546222,17.67857142857143,54.27582148315467,True,False,5.386931153419161,True
BWXT,2021-12-15,Loss,-15.86672593670541,99.0,52.30895514708277,True,False,5.786968153910725,True
BWXT,2022-03-21,Loss,-19.61697177499791,54.60714285714286,52.73227184321987,True,False,5.106018015484538,True
BWXT,2022-07-19,Win,46.80916724739892,11.0,50.268913936018066,True,True,5.055652680790207,True
BWXT,2023-03-16,Win,60.50600559251343,96.64285714285714,56.23624847458003,True,False,7.591986833414501,True
BWXT,2024-01-22,Win,50.11102674706549,99.0,55.25574419753582,True,False,8.071469722917318,True
BWXT,2024-10-09,Loss,-21.927283973745272,54.60714285714286,50.29228750910133,True,True,9.461352700820495,True
BWXT,2025-06-26,Win,57.31613947065416,31.821428571428573,55.72141325119864,True,True,5.3407801963806945,True
AMCR,2015-11-23,Loss,-22.13789441916555,,53.41349791379047,True,False,6.019104421345843,True
AMCR,2016-02-24,Win,71.0741140856409,29.857142857142854,49.67441774528362,True,True,5.825315618513087,True
AMCR,2017-03-08,Win,73.87726945616059,98.21428571428572,55.77548339514811,True,False,8.547746174927022,True
AMCR,2017-11-10,Loss,-21.121196200689283,98.21428571428572,54.2649172937993,True,False,6.823652924728879,True
AMCR,2019-12-19,Loss,-9.493694132237344,18.07142857142857,58.35188531575823,True,True,4.911632458264272,True
AMCR,2020-03-30,Win,76.16671174906017,29.857142857142854,53.93445569950559,False,True,3.2413698517286487,True
AMCR,2021-07-06,Loss,-8.87957956994902,97.03571428571428,55.32209850383529,True,True,5.367484756322573,True
AMCR,2021-10-08,Win,30.66337722546222,17.67857142857143,54.27582148315467,True,False,5.386931153419161,True
AMCR,2021-12-15,Loss,-15.86672593670541,99.0,52.30895514708277,True,False,5.786968153910725,True
AMCR,2022-03-21,Loss,-19.61697177499791,54.60714285714286,52.73227184321987,True,False,5.106018015484538,True
AMCR,2022-07-19,Win,46.80916724739892,11.0,50.268913936018066,True,True,5.055652680790207,True
AMCR,2023-03-16,Win,60.50600559251343,96.64285714285714,56.23624847458003,True,False,7.591986833414501,True
AMCR,2024-01-22,Win,50.11102674706549,99.0,55.25574419753582,True,False,8.071469722917318,True
AMCR,2024-10-09,Loss,-21.927283973745272,54.60714285714286,50.29228750910133,True,True,9.461352700820495,True
AMCR,2025-06-26,Win,57.31613947065416,31.821428571428573,55.72141325119864,True,True,5.3407801963806945,True
APTV,2015-11-23,Loss,-22.13789441916555,,53.41349791379047,True,False,6.019104421345843,True
APTV,2016-02-24,Win,71.0741140856409,29.857142857142854,49.67441774528362,True,True,5.825315618513087,True
APTV,2017-03-08,Win,73.87726945616059,98.21428571428572,55.77548339514811,True,False,8.547746174927022,True
APTV,2017-11-10,Loss,-21.121196200689283,98.21428571428572,54.2649172937993,True,False,6.823652924728879,True
APTV,2019-12-19,Loss,-9.493694132237344,18.07142857142857,58.35188531575823,True,True,4.911632458264272,True
APTV,2020-03-30,Win,76.16671174906017,29.857142857142854,53.93445569950559,False,True,3.2413698517286487,True
APTV,2021-07-06,Loss,-8.87957956994902,97.03571428571428,55.32209850383529,True,True,5.367484756322573,True
APTV,2021-10-08,Win,30.66337722546222,17.67857142857143,54.27582148315467,True,False,5.386931153419161,True
APTV,2021-12-15,Loss,-15.86672593670541,99.0,52.30895514708277,True,False,5.786968153910725,True
APTV,2022-03-21,Loss,-19.61697177499791,54.60714285714286,52.73227184321987,True,False,5.106018015484538,True
APTV,2022-07-19,Win,46.80916724739892,11.0,50.268913936018066,True,True,5.055652680790207,True
APTV,2023-03-16,Win,60.50600559251343,96.64285714285714,56.23624847458003,True,False,7.591986833414501,True
APTV,2024-01-22,Win,50.11102674706549,99.0,55.25574419753582,True,False,8.071469722917318,True
APTV,2024-10-09,Loss,-21.927283973745272,54.60714285714286,50.29228750910133,True,True,9.461352700820495,True
APTV,2025-06-26,Win,57.31613947065416,31.821428571428573,55.72141325119864,True,True,5.3407801963806945,True
CDW,2015-11-23,Loss,-22.13789441916555,,53.41349791379047,True,False,6.019104421345843,True
CDW,2016-02-24,Win,71.0741140856409,29.857142857142854,49.67441774528362,True,True,5.825315618513087,True
CDW,2017-03-08,Win,73.87726945616059,98.21428571428572,55.77548339514811,True,False,8.547746174927022,True
CDW,2017-11-10,Loss,-21.121196200689283,98.21428571428572,54.2649172937993,True,False,6.823652924728879,True
CDW,2019-12-19,Loss,-9.493694132237344,18.07142857142857,58.35188531575823,True,True,4.911632458264272,True
CDW,2020-03-30,Win,76.16671174906017,29.857142857142854,53.93445569950559,False,True,3.2413698517286487,True
CDW,2021-07-06,Loss,-8.87957956994902,97.03571428571428,55.32209850383529,True,True,5.367484756322573,True
CDW,2021-10-08,Win,30.66337722546222,17.67857142857143,54.27582148315467,True,False,5.386931153419161,True
CDW,2021-12-15,Loss,-15.86672593670541,99.0,52.30895514708277,True,False,5.786968153910725,True
CDW,2022-03-21,Loss,-19.61697177499791,54.60714285714286,52.73227184321987,True,False,5.106018015484538,True
CDW,2022-07-19,Win,46.80916724739892,11.0,50.268913936018066,True,True,5.055652680790207,True
CDW,2023-03-16,Win,60.50600559251343,96.64285714285714,56.23624847458003,True,False,7.591986833414501,True
CDW,2024-01-22,Win,50.11102674706549,99.0,55.25574419753582,True,False,8.071469722917318,True
CDW,2024-10-09,Loss,-21.927283973745272,54.60714285714286,50.29228750910133,True,True,9.461352700820495,True
CDW,2025-06-26,Win,57.31613947065416,31.821428571428573,55.72141325119864,True,True,5.3407801963806945,True
CIEN,2015-11-23,Loss,-22.13789441916555,,53.41349791379047,True,False,6.019104421345843,True
CIEN,2016-02-24,Win,71.0741140856409,29.857142857142854,49.67441774528362,True,True,5.825315618513087,True
CIEN,2017-03-08,Win,73.87726945616059,98.21428571428572,55.77548339514811,True,False,8.547746174927022,True
CIEN,2017-11-10,Loss,-21.121196200689283,98.21428571428572,54.2649172937993,True,False,6.823652924728879,True
CIEN,2019-12-19,Loss,-9.493694132237344,18.07142857142857,58.35188531575823,True,True,4.911632458264272,True
CIEN,2020-03-30,Win,76.16671174906017,29.857142857142854,53.93445569950559,False,True,3.2413698517286487,True
CIEN,2021-07-06,Loss,-8.87957956994902,97.03571428571428,55.32209850383529,True,True,5.367484756322573,True
CIEN,2021-10-08,Win,30.66337722546222,17.67857142857143,54.27582148315467,True,False,5.386931153419161,True
CIEN,2021-12-15,Loss,-15.86672593670541,99.0,52.30895514708277,True,False,5.786968153910725,True
CIEN,2022-03-21,Loss,-19.61697177499791,54.60714285714286,52.73227184321987,True,False,5.106018015484538,True
CIEN,2022-07-19,Win,46.80916724739892,11.0,50.268913936018066,True,True,5.055652680790207,True
CIEN,2023-03-16,Win,60.50600559251343,96.64285714285714,56.23624847458003,True,False,7.591986833414501,True
CIEN,2024-01-22,Win,50.11102674706549,99.0,55.25574419753582,True,False,8.071469722917318,True
CIEN,2024-10-09,Loss,-21.927283973745272,54.60714285714286,50.29228750910133,True,True,9.461352700820495,True
CIEN,2025-06-26,Win,57.31613947065416,31.821428571428573,55.72141325119864,True,True,5.3407801963806945,True
BIIB,2015-11-23,Loss,-22.13789441916555,,53.41349791379047,True,False,6.019104421345843,True
BIIB,2016-02-24,Win,71.0741140856409,29.857142857142854,49.67441774528362,True,True,5.825315618513087,True
BIIB,2017-03-08,Win,73.87726945616059,98.21428571428572,55.77548339514811,True,False,8.547746174927022,True
BIIB,2017-11-10,Loss,-21.121196200689283,98.21428571428572,54.2649172937993,True,False,6.823652924728879,True
BIIB,2019-12-19,Loss,-9.493694132237344,18.07142857142857,58.35188531575823,True,True,4.911632458264272,True
BIIB,2020-03-30,Win,76.16671174906017,29.857142857142854,53.93445569950559,False,True,3.2413698517286487,True
BIIB,2021-07-06,Loss,-8.87957956994902,97.03571428571428,55.32209850383529,True,True,5.367484756322573,True
BIIB,2021-10-08,Win,30.66337722546222,17.67857142857143,54.27582148315467,True,False,5.386931153419161,True
BIIB,2021-12-15,Loss,-15.86672593670541,99.0,52.30895514708277,True,False,5.786968153910725,True
BIIB,2022-03-21,Loss,-19.61697177499791,54.60714285714286,52.73227184321987,True,False,5.106018015484538,True
BIIB,2022-07-19,Win,46.80916724739892,11.0,50.268913936018066,True,True,5.055652680790207,True
BIIB,2023-03-16,Win,60.50600559251343,96.64285714285714,56.23624847458003,True,False,7.591986833414501,True
BIIB,2024-01-22,Win,50.11102674706549,99.0,55.25574419753582,True,False,8.071469722917318,True
BIIB,2024-10-09,Loss,-21.927283973745272,54.60714285714286,50.29228750910133,True,True,9.461352700820495,True
BIIB,2025-06-26,Win,57.31613947065416,31.821428571428573,55.72141325119864,True,True,5.3407801963806945,True
CASY,2015-11-23,Loss,-22.13789441916555,,53.41349791379047,True,False,6.019104421345843,True
CASY,2016-02-24,Win,71.0741140856409,29.857142857142854,49.67441774528362,True,True,5.825315618513087,True
CASY,2017-03-08,Win,73.87726945616059,98.21428571428572,55.77548339514811,True,False,8.547746174927022,True
CASY,2017-11-10,Loss,-21.121196200689283,98.21428571428572,54.2649172937993,True,False,6.823652924728879,True
CASY,2019-12-19,Loss,-9.493694132237344,18.07142857142857,58.35188531575823,True,True,4.911632458264272,True
CASY,2020-03-30,Win,76.16671174906017,29.857142857142854,53.93445569950559,False,True,3.2413698517286487,True
CASY,2021-07-06,Loss,-8.87957956994902,97.03571428571428,55.32209850383529,True,True,5.367484756322573,True
CASY,2021-10-08,Win,30.66337722546222,17.67857142857143,54.27582148315467,True,False,5.386931153419161,True
CASY,2021-12-15,Loss,-15.86672593670541,99.0,52.30895514708277,True,False,5.786968153910725,True
CASY,2022-03-21,Loss,-19.61697177499791,54.60714285714286,52.73227184321987,True,False,5.106018015484538,True
CASY,2022-07-19,Win,46.80916724739892,11.0,50.268913936018066,True,True,5.055652680790207,True
CASY,2023-03-16,Win,60.50600559251343,96.64285714285714,56.23624847458003,True,False,7.591986833414501,True
CASY,2024-01-22,Win,50.11102674706549,99.0,55.25574419753582,True,False,8.071469722917318,True
CASY,2024-10-09,Loss,-21.927283973745272,54.60714285714286,50.29228750910133,True,True,9.461352700820495,True
CASY,2025-06-26,Win,57.31613947065416,31.821428571428573,55.72141325119864,True,True,5.3407801963806945,True
DGX,2015-12-16,Loss,-9.37076343551893,,56.4555902031298,True,False,5.024089441739682,True
DGX,2016-03-11,Win,32.87534118294509,44.785714285714285,52.62153687636477,True,True,6.113019579575134,True
DGX,2016-07-20,Loss,-11.816159425411628,99.0,55.39532166978939,True,True,8.978167878281273,True
DGX,2016-12-22,Win,33.01107741598817,24.75,50.8379172676516,True,True,7.382214052690947,True
DGX,2017-10-02,Loss,-9.182897522174786,82.10714285714286,53.75244151151912,True,False,8.272223267978209,True
DGX,2018-01-09,Win,39.33259986362047,11.785714285714285,47.47887486924128,True,False,8.04406750576016,True
DGX,2019-01-15,Loss,-15.771246055445252,48.71428571428571,54.05736920679569,True,True,5.837062244768628,True
DGX,2020-06-05,Loss,-13.63481943112187,28.285714285714285,54.57362060297174,True,True,4.860432153812555,True
DGX,2020-07-17,Win,42.720757476897894,30.642857142857142,48.87596694651648,True,True,5.6568835217145,True
DGX,2023-06-16,Loss,-9.631442515981064,98.21428571428572,50.89069229728157,True,True,6.0734003699561185,True
DGX,2023-11-13,Win,30.96070201226527,21.21428571428571,43.94478066818716,True,True,4.993692453354027,True
DGX,2024-05-15,Win,36.20951373752215,93.5,52.396619362715434,True,True,7.689725593633089,True
DGX,2025-01-24,Loss,-15.055131916524214,98.60714285714286,55.123597749878904,True,False,9.333660171074778,True
CRDO,2015-12-16,Loss,-9.37076343551893,,56.4555902031298,True,False,5.024089441739682,True
CRDO,2016-03-11,Win,32.87534118294509,44.785714285714285,52.62153687636477,True,True,6.113019579575134,True
CRDO,2016-07-20,Loss,-11.816159425411628,99.0,55.39532166978939,True,True,8.978167878281273,True
CRDO,2016-12-22,Win,33.01107741598817,24.75,50.8379172676516,True,True,7.382214052690947,True
CRDO,2017-10-02,Loss,-9.182897522174786,82.10714285714286,53.75244151151912,True,False,8.272223267978209,True
CRDO,2018-01-09,Win,39.33259986362047,11.785714285714285,47.47887486924128,True,False,8.04406750576016,True
CRDO,2019-01-15,Loss,-15.771246055445252,48.71428571428571,54.05736920679569,True,True,5.837062244768628,True
CRDO,2020-06-05,Loss,-13.63481943112187,28.285714285714285,54.57362060297174,True,True,4.860432153812555,True
CRDO,2020-07-17,Win,42.720757476897894,30.642857142857142,48.87596694651648,True,True,5.6568835217145,True
CRDO,2023-06-16,Loss,-9.631442515981064,98.21428571428572,50.89069229728157,True,True,6.0734003699561185,True
CRDO,2023-11-13,Win,30.96070201226527,21.21428571428571,43.94478066818716,True,True,4.993692453354027,True
CRDO,2024-05-15,Win,36.20951373752215,93.5,52.396619362715434,True,True,7.689725593633089,True
CRDO,2025-01-24,Loss,-15.055131916524214,98.60714285714286,55.123597749878904,True,False,9.333660171074778,True
COHR,2015-12-16,Loss,-9.37076343551893,,56.4555902031298,True,False,5.024089441739682,True
COHR,2016-03-11,Win,32.87534118294509,44.785714285714285,52.62153687636477,True,True,6.113019579575134,True
COHR,2016-07-20,Loss,-11.816159425411628,99.0,55.39532166978939,True,True,8.978167878281273,True
COHR,2016-12-22,Win,33.01107741598817,24.75,50.8379172676516,True,True,7.382214052690947,True
COHR,2017-10-02,Loss,-9.182897522174786,82.10714285714286,53.75244151151912,True,False,8.272223267978209,True
COHR,2018-01-09,Win,39.33259986362047,11.785714285714285,47.47887486924128,True,False,8.04406750576016,True
COHR,2019-01-15,Loss,-15.771246055445252,48.71428571428571,54.05736920679569,True,True,5.837062244768628,True
COHR,2020-06-05,Loss,-13.63481943112187,28.285714285714285,54.57362060297174,True,True,4.860432153812555,True
COHR,2020-07-17,Win,42.720757476897894,30.642857142857142,48.87596694651648,True,True,5.6568835217145,True
COHR,2023-06-16,Loss,-9.631442515981064,98.21428571428572,50.89069229728157,True,True,6.0734003699561185,True
COHR,2023-11-13,Win,30.96070201226527,21.21428571428571,43.94478066818716,True,True,4.993692453354027,True
COHR,2024-05-15,Win,36.20951373752215,93.5,52.396619362715434,True,True,7.689725593633089,True
COHR,2025-01-24,Loss,-15.055131916524214,98.60714285714286,55.123597749878904,True,False,9.333660171074778,True
DKNG,2015-12-16,Loss,-9.37076343551893,,56.4555902031298,True,False,5.024089441739682,True
DKNG,2016-03-11,Win,32.87534118294509,44.785714285714285,52.62153687636477,True,True,6.113019579575134,True
DKNG,2016-07-20,Loss,-11.816159425411628,99.0,55.39532166978939,True,True,8.978167878281273,True
DKNG,2016-12-22,Win,33.01107741598817,24.75,50.8379172676516,True,True,7.382214052690947,True
DKNG,2017-10-02,Loss,-9.182897522174786,82.10714285714286,53.75244151151912,True,False,8.272223267978209,True
DKNG,2018-01-09,Win,39.33259986362047,11.785714285714285,47.47887486924128,True,False,8.04406750576016,True
DKNG,2019-01-15,Loss,-15.771246055445252,48.71428571428571,54.05736920679569,True,True,5.837062244768628,True
DKNG,2020-06-05,Loss,-13.63481943112187,28.285714285714285,54.57362060297174,True,True,4.860432153812555,True
DKNG,2020-07-17,Win,42.720757476897894,30.642857142857142,48.87596694651648,True,True,5.6568835217145,True
DKNG,2023-06-16,Loss,-9.631442515981064,98.21428571428572,50.89069229728157,True,True,6.0734003699561185,True
DKNG,2023-11-13,Win,30.96070201226527,21.21428571428571,43.94478066818716,True,True,4.993692453354027,True
DKNG,2024-05-15,Win,36.20951373752215,93.5,52.396619362715434,True,True,7.689725593633089,True
DKNG,2025-01-24,Loss,-15.055131916524214,98.60714285714286,55.123597749878904,True,False,9.333660171074778,True
DECK,2015-12-16,Loss,-9.37076343551893,,56.4555902031298,True,False,5.024089441739682,True
DECK,2016-03-11,Win,32.87534118294509,44.785714285714285,52.62153687636477,True,True,6.113019579575134,True
DECK,2016-07-20,Loss,-11.816159425411628,99.0,55.39532166978939,True,True,8.978167878281273,True
DECK,2016-12-22,Win,33.01107741598817,24.75,50.8379172676516,True,True,7.382214052690947,True
DECK,2017-10-02,Loss,-9.182897522174786,82.10714285714286,53.75244151151912,True,False,8.272223267978209,True
DECK,2018-01-09,Win,39.33259986362047,11.785714285714285,47.47887486924128,True,False,8.04406750576016,True
DECK,2019-01-15,Loss,-15.771246055445252,48.71428571428571,54.05736920679569,True,True,5.837062244768628,True
DECK,2020-06-05,Loss,-13.63481943112187,28.285714285714285,54.57362060297174,True,True,4.860432153812555,True
DECK,2020-07-17,Win,42.720757476897894,30.642857142857142,48.87596694651648,True,True,5.6568835217145,True
DECK,2023-06-16,Loss,-9.631442515981064,98.21428571428572,50.89069229728157,True,True,6.0734003699561185,True
DECK,2023-11-13,Win,30.96070201226527,21.21428571428571,43.94478066818716,True,True,4.993692453354027,True
DECK,2024-05-15,Win,36.20951373752215,93.5,52.396619362715434,True,True,7.689725593633089,True
DECK,2025-01-24,Loss,-15.055131916524214,98.60714285714286,55.123597749878904,True,False,9.333660171074778,True
DOCU,2015-12-16,Loss,-9.37076343551893,,56.4555902031298,True,False,5.024089441739682,True
DOCU,2016-03-11,Win,32.87534118294509,44.785714285714285,52.62153687636477,True,True,6.113019579575134,True
DOCU,2016-07-20,Loss,-11.816159425411628,99.0,55.39532166978939,True,True,8.978167878281273,True
DOCU,2016-12-22,Win,33.01107741598817,24.75,50.8379172676516,True,True,7.382214052690947,True
DOCU,2017-10-02,Loss,-9.182897522174786,82.10714285714286,53.75244151151912,True,False,8.272223267978209,True
DOCU,2018-01-09,Win,39.33259986362047,11.785714285714285,47.47887486924128,True,False,8.04406750576016,True
DOCU,2019-01-15,Loss,-15.771246055445252,48.71428571428571,54.05736920679569,True,True,5.837062244768628,True
DOCU,2020-06-05,Loss,-13.63481943112187,28.285714285714285,54.57362060297174,True,True,4.860432153812555,True
DOCU,2020-07-17,Win,42.720757476897894,30.642857142857142,48.87596694651648,True,True,5.6568835217145,True
DOCU,2023-06-16,Loss,-9.631442515981064,98.21428571428572,50.89069229728157,True,True,6.0734003699561185,True
DOCU,2023-11-13,Win,30.96070201226527,21.21428571428571,43.94478066818716,True,True,4.993692453354027,True
DOCU,2024-05-15,Win,36.20951373752215,93.5,52.396619362715434,True,True,7.689725593633089,True
DOCU,2025-01-24,Loss,-15.055131916524214,98.60714285714286,55.123597749878904,True,False,9.333660171074778,True
CNC,2015-12-16,Loss,-9.37076343551893,,56.4555902031298,True,False,5.024089441739682,True
CNC,2016-03-11,Win,32.87534118294509,44.785714285714285,52.62153687636477,True,True,6.113019579575134,True
CNC,2016-07-20,Loss,-11.816159425411628,99.0,55.39532166978939,True,True,8.978167878281273,True
CNC,2016-12-22,Win,33.01107741598817,24.75,50.8379172676516,True,True,7.382214052690947,True
CNC,2017-10-02,Loss,-9.182897522174786,82.10714285714286,53.75244151151912,True,False,8.272223267978209,True
CNC,2018-01-09,Win,39.33259986362047,11.785714285714285,47.47887486924128,True,False,8.04406750576016,True
CNC,2019-01-15,Loss,-15.771246055445252,48.71428571428571,54.05736920679569,True,True,5.837062244768628,True
CNC,2020-06-05,Loss,-13.63481943112187,28.285714285714285,54.57362060297174,True,True,4.860432153812555,True
CNC,2020-07-17,Win,42.720757476897894,30.642857142857142,48.87596694651648,True,True,5.6568835217145,True
CNC,2023-06-16,Loss,-9.631442515981064,98.21428571428572,50.89069229728157,True,True,6.0734003699561185,True
CNC,2023-11-13,Win,30.96070201226527,21.21428571428571,43.94478066818716,True,True,4.993692453354027,True
CNC,2024-05-15,Win,36.20951373752215,93.5,52.396619362715434,True,True,7.689725593633089,True
CNC,2025-01-24,Loss,-15.055131916524214,98.60714285714286,55.123597749878904,True,False,9.333660171074778,True
CW,2015-12-16,Loss,-9.37076343551893,,56.4555902031298,True,False,5.024089441739682,True
CW,2016-03-11,Win,32.87534118294509,44.785714285714285,52.62153687636477,True,True,6.113019579575134,True
CW,2016-07-20,Loss,-11.816159425411628,99.0,55.39532166978939,True,True,8.978167878281273,True
CW,2016-12-22,Win,33.01107741598817,24.75,50.8379172676516,True,True,7.382214052690947,True
CW,2017-10-02,Loss,-9.182897522174786,82.10714285714286,53.75244151151912,True,False,8.272223267978209,True
CW,2018-01-09,Win,39.33259986362047,11.785714285714285,47.47887486924128,True,False,8.04406750576016,True
CW,2019-01-15,Loss,-15.771246055445252,48.71428571428571,54.05736920679569,True,True,5.837062244768628,True
CW,2020-06-05,Loss,-13.63481943112187,28.285714285714285,54.57362060297174,True,True,4.860432153812555,True
CW,2020-07-17,Win,42.720757476897894,30.642857142857142,48.87596694651648,True,True,5.6568835217145,True
CW,2023-06-16,Loss,-9.631442515981064,98.21428571428572,50.89069229728157,True,True,6.0734003699561185,True
CW,2023-11-13,Win,30.96070201226527,21.21428571428571,43.94478066818716,True,True,4.993692453354027,True
CW,2024-05-15,Win,36.20951373752215,93.5,52.396619362715434,True,True,7.689725593633089,True
CW,2025-01-24,Loss,-15.055131916524214,98.60714285714286,55.123597749878904,True,False,9.333660171074778,True
CPAY,2015-12-16,Loss,-9.37076343551893,,56.4555902031298,True,False,5.024089441739682,True
CPAY,2016-03-11,Win,32.87534118294509,44.785714285714285,52.62153687636477,True,True,6.113019579575134,True
CPAY,2016-07-20,Loss,-11.816159425411628,99.0,55.39532166978939,True,True,8.978167878281273,True
CPAY,2016-12-22,Win,33.01107741598817,24.75,50.8379172676516,True,True,7.382214052690947,True
CPAY,2017-10-02,Loss,-9.182897522174786,82.10714285714286,53.75244151151912,True,False,8.272223267978209,True
CPAY,2018-01-09,Win,39.33259986362047,11.785714285714285,47.47887486924128,True,False,8.04406750576016,True
CPAY,2019-01-15,Loss,-15.771246055445252,48.71428571428571,54.05736920679569,True,True,5.837062244768628,True
CPAY,2020-06-05,Loss,-13.63481943112187,28.285714285714285,54.57362060297174,True,True,4.860432153812555,True
CPAY,2020-07-17,Win,42.720757476897894,30.642857142857142,48.87596694651648,True,True,5.6568835217145,True
CPAY,2023-06-16,Loss,-9.631442515981064,98.21428571428572,50.89069229728157,True,True,6.0734003699561185,True
CPAY,2023-11-13,Win,30.96070201226527,21.21428571428571,43.94478066818716,True,True,4.993692453354027,True
CPAY,2024-05-15,Win,36.20951373752215,93.5,52.396619362715434,True,True,7.689725593633089,True
CPAY,2025-01-24,Loss,-15.055131916524214,98.60714285714286,55.123597749878904,True,False,9.333660171074778,True
DLTR,2015-12-16,Loss,-9.37076343551893,,56.4555902031298,True,False,5.024089441739682,True
DLTR,2016-03-11,Win,32.87534118294509,44.785714285714285,52.62153687636477,True,True,6.113019579575134,True
DLTR,2016-07-20,Loss,-11.816159425411628,99.0,55.39532166978939,True,True,8.978167878281273,True
DLTR,2016-12-22,Win,33.01107741598817,24.75,50.8379172676516,True,True,7.382214052690947,True
DLTR,2017-10-02,Loss,-9.182897522174786,82.10714285714286,53.75244151151912,True,False,8.272223267978209,True
DLTR,2018-01-09,Win,39.33259986362047,11.785714285714285,47.47887486924128,True,False,8.04406750576016,True
DLTR,2019-01-15,Loss,-15.771246055445252,48.71428571428571,54.05736920679569,True,True,5.837062244768628,True
DLTR,2020-06-05,Loss,-13.63481943112187,28.285714285714285,54.57362060297174,True,True,4.860432153812555,True
DLTR,2020-07-17,Win,42.720757476897894,30.642857142857142,48.87596694651648,True,True,5.6568835217145,True
DLTR,2023-06-16,Loss,-9.631442515981064,98.21428571428572,50.89069229728157,True,True,6.0734003699561185,True
DLTR,2023-11-13,Win,30.96070201226527,21.21428571428571,43.94478066818716,True,True,4.993692453354027,True
DLTR,2024-05-15,Win,36.20951373752215,93.5,52.396619362715434,True,True,7.689725593633089,True
DLTR,2025-01-24,Loss,-15.055131916524214,98.60714285714286,55.123597749878904,True,False,9.333660171074778,True
EVRG,2016-03-21,Loss,-8.65840126170517,17.285714285714285,45.78127288751977,True,False,4.214650737428418,True
EVRG,2016-06-06,Loss,-9.07031261486814,28.67857142857143,47.8555337863907,True,True,5.739846316383826,True
EVRG,2016-07-25,Loss,-13.764424489822186,34.57142857142857,43.83507436938127,True,True,7.735154073062757,True
EVRG,2016-11-09,Loss,-10.842115618712972,74.25,44.269658019641845,True,True,5.88775632042061,True
EVRG,2017-06-21,Win,23.685361422814758,97.03571428571428,48.54638227001922,True,False,4.8448132335243645,True
EVRG,2017-09-07,Loss,-17.651092826732533,99.0,57.43308980814017,True,False,8.5302658707787,True
EVRG,2018-06-04,Loss,-10.06778130915901,14.928571428571427,47.19523279825225,True,True,6.271239577670531,True
EVRG,2019-01-18,Win,43.6530831394957,13.357142857142856,45.40422674215625,True,True,6.470595240128133,True
EVRG,2022-11-22,Loss,-21.259658259365562,99.0,54.98407786675411,True,True,9.16785445006041,True
EVRG,2024-06-20,Win,36.78624522909826,20.821428571428573,50.22629168814207,True,True,5.23064739696262,True
EVRG,2024-12-24,Win,22.259936847658075,91.92857142857143,55.61981301114135,True,True,3.2961178749183087,True
EXPD,2016-03-21,Loss,-8.65840126170517,17.285714285714285,45.78127288751977,True,False,4.214650737428418,True
EXPD,2016-06-06,Loss,-9.07031261486814,28.67857142857143,47.8555337863907,True,True,5.739846316383826,True
EXPD,2016-07-25,Loss,-13.764424489822186,34.57142857142857,43.83507436938127,True,True,7.735154073062757,True
EXPD,2016-11-09,Loss,-10.842115618712972,74.25,44.269658019641845,True,True,5.88775632042061,True
EXPD,2017-06-21,Win,23.685361422814758,97.03571428571428,48.54638227001922,True,False,4.8448132335243645,True
EXPD,2017-09-07,Loss,-17.651092826732533,99.0,57.43308980814017,True,False,8.5302658707787,True
EXPD,2018-06-04,Loss,-10.06778130915901,14.928571428571427,47.19523279825225,True,True,6.271239577670531,True
EXPD,2019-01-18,Win,43.6530831394957,13.357142857142856,45.40422674215625,True,True,6.470595240128133,True
EXPD,2022-11-22,Loss,-21.259658259365562,99.0,54.98407786675411,True,True,9.16785445006041,True
EXPD,2024-06-20,Win,36.78624522909826,20.821428571428573,50.22629168814207,True,True,5.23064739696262,True
EXPD,2024-12-24,Win,22.259936847658075,91.92857142857143,55.61981301114135,True,True,3.2961178749183087,True
FLEX,2016-03-21,Loss,-8.65840126170517,17.285714285714285,45.78127288751977,True,False,4.214650737428418,True
FLEX,2016-06-06,Loss,-9.07031261486814,28.67857142857143,47.8555337863907,True,True,5.739846316383826,True
FLEX,2016-07-25,Loss,-13.764424489822186,34.57142857142857,43.83507436938127,True,True,7.735154073062757,True
FLEX,2016-11-09,Loss,-10.842115618712972,74.25,44.269658019641845,True,True,5.88775632042061,True
FLEX,2017-06-21,Win,23.685361422814758,97.03571428571428,48.54638227001922,True,False,4.8448132335243645,True
FLEX,2017-09-07,Loss,-17.651092826732533,99.0,57.43308980814017,True,False,8.5302658707787,True
FLEX,2018-06-04,Loss,-10.06778130915901,14.928571428571427,47.19523279825225,True,True,6.271239577670531,True
FLEX,2019-01-18,Win,43.6530831394957,13.357142857142856,45.40422674215625,True,True,6.470595240128133,True
FLEX,2022-11-22,Loss,-21.259658259365562,99.0,54.98407786675411,True,True,9.16785445006041,True
FLEX,2024-06-20,Win,36.78624522909826,20.821428571428573,50.22629168814207,True,True,5.23064739696262,True
FLEX,2024-12-24,Win,22.259936847658075,91.92857142857143,55.61981301114135,True,True,3.2961178749183087,True
DOW,2016-03-21,Loss,-8.65840126170517,17.285714285714285,45.78127288751977,True,False,4.214650737428418,True
DOW,2016-06-06,Loss,-9.07031261486814,28.67857142857143,47.8555337863907,True,True,5.739846316383826,True
DOW,2016-07-25,Loss,-13.764424489822186,34.57142857142857,43.83507436938127,True,True,7.735154073062757,True
DOW,2016-11-09,Loss,-10.842115618712972,74.25,44.269658019641845,True,True,5.88775632042061,True
DOW,2017-06-21,Win,23.685361422814758,97.03571428571428,48.54638227001922,True,False,4.8448132335243645,True
DOW,2017-09-07,Loss,-17.651092826732533,99.0,57.43308980814017,True,False,8.5302658707787,True
DOW,2018-06-04,Loss,-10.06778130915901,14.928571428571427,47.19523279825225,True,True,6.271239577670531,True
DOW,2019-01-18,Win,43.6530831394957,13.357142857142856,45.40422674215625,True,True,6.470595240128133,True
DOW,2022-11-22,Loss,-21.259658259365562,99.0,54.98407786675411,True,True,9.16785445006041,True
DOW,2024-06-20,Win,36.78624522909826,20.821428571428573,50.22629168814207,True,True,5.23064739696262,True
DOW,2024-12-24,Win,22.259936847658075,91.92857142857143,55.61981301114135,True,True,3.2961178749183087,True
FCNCA,2016-03-21,Loss,-8.65840126170517,17.285714285714285,45.78127288751977,True,False,4.214650737428418,True
FCNCA,2016-06-06,Loss,-9.07031261486814,28.67857142857143,47.8555337863907,True,True,5.739846316383826,True
FCNCA,2016-07-25,Loss,-13.764424489822186,34.57142857142857,43.83507436938127,True,True,7.735154073062757,True
FCNCA,2016-11-09,Loss,-10.842115618712972,74.25,44.269658019641845,True,True,5.88775632042061,True
FCNCA,2017-06-21,Win,23.685361422814758,97.03571428571428,48.54638227001922,True,False,4.8448132335243645,True
FCNCA,2017-09-07,Loss,-17.651092826732533,99.0,57.43308980814017,True,False,8.5302658707787,True
FCNCA,2018-06-04,Loss,-10.06778130915901,14.928571428571427,47.19523279825225,True,True,6.271239577670531,True
FCNCA,2019-01-18,Win,43.6530831394957,13.357142857142856,45.40422674215625,True,True,6.470595240128133,True
FCNCA,2022-11-22,Loss,-21.259658259365562,99.0,54.98407786675411,True,True,9.16785445006041,True
FCNCA,2024-06-20,Win,36.78624522909826,20.821428571428573,50.22629168814207,True,True,5.23064739696262,True
FCNCA,2024-12-24,Win,22.259936847658075,91.92857142857143,55.61981301114135,True,True,3.2961178749183087,True
FFIV,2016-03-21,Loss,-8.65840126170517,17.285714285714285,45.78127288751977,True,False,4.214650737428418,True
FFIV,2016-06-06,Loss,-9.07031261486814,28.67857142857143,47.8555337863907,True,True,5.739846316383826,True
FFIV,2016-07-25,Loss,-13.764424489822186,34.57142857142857,43.83507436938127,True,True,7.735154073062757,True
FFIV,2016-11-09,Loss,-10.842115618712972,74.25,44.269658019641845,True,True,5.88775632042061,True
FFIV,2017-06-21,Win,23.685361422814758,97.03571428571428,48.54638227001922,True,False,4.8448132335243645,True
FFIV,2017-09-07,Loss,-17.651092826732533,99.0,57.43308980814017,True,False,8.5302658707787,True
FFIV,2018-06-04,Loss,-10.06778130915901,14.928571428571427,47.19523279825225,True,True,6.271239577670531,True
FFIV,2019-01-18,Win,43.6530831394957,13.357142857142856,45.40422674215625,True,True,6.470595240128133,True
FFIV,2022-11-22,Loss,-21.259658259365562,99.0,54.98407786675411,True,True,9.16785445006041,True
FFIV,2024-06-20,Win,36.78624522909826,20.821428571428573,50.22629168814207,True,True,5.23064739696262,True
FFIV,2024-12-24,Win,22.259936847658075,91.92857142857143,55.61981301114135,True,True,3.2961178749183087,True
DRI,2016-03-21,Loss,-8.65840126170517,17.285714285714285,45.78127288751977,True,False,4.214650737428418,True
DRI,2016-06-06,Loss,-9.07031261486814,28.67857142857143,47.8555337863907,True,True,5.739846316383826,True
DRI,2016-07-25,Loss,-13.764424489822186,34.57142857142857,43.83507436938127,True,True,7.735154073062757,True
DRI,2016-11-09,Loss,-10.842115618712972,74.25,44.269658019641845,True,True,5.88775632042061,True
DRI,2017-06-21,Win,23.685361422814758,97.03571428571428,48.54638227001922,True,False,4.8448132335243645,True
DRI,2017-09-07,Loss,-17.651092826732533,99.0,57.43308980814017,True,False,8.5302658707787,True
DRI,2018-06-04,Loss,-10.06778130915901,14.928571428571427,47.19523279825225,True,True,6.271239577670531,True
DRI,2019-01-18,Win,43.6530831394957,13.357142857142856,45.40422674215625,True,True,6.470595240128133,True
DRI,2022-11-22,Loss,-21.259658259365562,99.0,54.98407786675411,True,True,9.16785445006041,True
DRI,2024-06-20,Win,36.78624522909826,20.821428571428573,50.22629168814207,True,True,5.23064739696262,True
DRI,2024-12-24,Win,22.259936847658075,91.92857142857143,55.61981301114135,True,True,3.2961178749183087,True
EL,2016-03-21,Loss,-8.65840126170517,17.285714285714285,45.78127288751977,True,False,4.214650737428418,True
EL,2016-06-06,Loss,-9.07031261486814,28.67857142857143,47.8555337863907,True,True,5.739846316383826,True
EL,2016-07-25,Loss,-13.764424489822186,34.57142857142857,43.83507436938127,True,True,7.735154073062757,True
EL,2016-11-09,Loss,-10.842115618712972,74.25,44.269658019641845,True,True,5.88775632042061,True
EL,2017-06-21,Win,23.685361422814758,97.03571428571428,48.54638227001922,True,False,4.8448132335243645,True
EL,2017-09-07,Loss,-17.651092826732533,99.0,57.43308980814017,True,False,8.5302658707787,True
EL,2018-06-04,Loss,-10.06778130915901,14.928571428571427,47.19523279825225,True,True,6.271239577670531,True
EL,2019-01-18,Win,43.6530831394957,13.357142857142856,45.40422674215625,True,True,6.470595240128133,True
EL,2022-11-22,Loss,-21.259658259365562,99.0,54.98407786675411,True,True,9.16785445006041,True
EL,2024-06-20,Win,36.78624522909826,20.821428571428573,50.22629168814207,True,True,5.23064739696262,True
EL,2024-12-24,Win,22.259936847658075,91.92857142857143,55.61981301114135,True,True,3.2961178749183087,True
ESS,2016-03-21,Loss,-8.65840126170517,17.285714285714285,45.78127288751977,True,False,4.214650737428418,True
ESS,2016-06-06,Loss,-9.07031261486814,28.67857142857143,47.8555337863907,True,True,5.739846316383826,True
ESS,2016-07-25,Loss,-13.764424489822186,34.57142857142857,43.83507436938127,True,True,7.735154073062757,True
ESS,2016-11-09,Loss,-10.842115618712972,74.25,44.269658019641845,True,True,5.88775632042061,True
ESS,2017-06-21,Win,23.685361422814758,97.03571428571428,48.54638227001922,True,False,4.8448132335243645,True
ESS,2017-09-07,Loss,-17.651092826732533,99.0,57.43308980814017,True,False,8.5302658707787,True
ESS,2018-06-04,Loss,-10.06778130915901,14.928571428571427,47.19523279825225,True,True,6.271239577670531,True
ESS,2019-01-18,Win,43.6530831394957,13.357142857142856,45.40422674215625,True,True,6.470595240128133,True
ESS,2022-11-22,Loss,-21.259658259365562,99.0,54.98407786675411,True,True,9.16785445006041,True
ESS,2024-06-20,Win,36.78624522909826,20.821428571428573,50.22629168814207,True,True,5.23064739696262,True
ESS,2024-12-24,Win,22.259936847658075,91.92857142857143,55.61981301114135,True,True,3.2961178749183087,True
EIX,2016-03-21,Loss,-8.65840126170517,17.285714285714285,45.78127288751977,True,False,4.214650737428418,True
EIX,2016-06-06,Loss,-9.07031261486814,28.67857142857143,47.8555337863907,True,True,5.739846316383826,True
EIX,2016-07-25,Loss,-13.764424489822186,34.57142857142857,43.83507436938127,True,True,7.735154073062757,True
EIX,2016-11-09,Loss,-10.842115618712972,74.25,44.269658019641845,True,True,5.88775632042061,True
EIX,2017-06-21,Win,23.685361422814758,97.03571428571428,48.54638227001922,True,False,4.8448132335243645,True
EIX,2017-09-07,Loss,-17.651092826732533,99.0,57.43308980814017,True,False,8.5302658707787,True
EIX,2018-06-04,Loss,-10.06778130915901,14.928571428571427,47.19523279825225,True,True,6.271239577670531,True
EIX,2019-01-18,Win,43.6530831394957,13.357142857142856,45.40422674215625,True,True,6.470595240128133,True
EIX,2022-11-22,Loss,-21.259658259365562,99.0,54.98407786675411,True,True,9.16785445006041,True
EIX,2024-06-20,Win,36.78624522909826,20.821428571428573,50.22629168814207,True,True,5.23064739696262,True
EIX,2024-12-24,Win,22.259936847658075,91.92857142857143,55.61981301114135,True,True,3.2961178749183087,True
FTI,2015-12-29,Loss,-9.585219887177503,,55.77141908279596,True,True,5.831946449888557,True
FTI,2016-02-17,Win,40.1405435384016,9.035714285714285,51.43985722333782,True,False,4.5029351702980644,True
FTI,2016-09-02,Loss,-7.299869423659612,98.60714285714286,54.83361562545562,True,True,7.206102558586096,True
FTI,2017-01-20,Win,28.27811442146468,37.32142857142857,40.118361979015226,True,True,5.390104180376912,True
FTI,2017-06-15,Win,31.003399563213378,82.89285714285714,55.677844942918306,True,False,8.279357194707853,True
FTI,2018-05-09,Loss,-8.384065211984826,67.17857142857143,53.87269459830619,True,False,4.315769807123852,True
FTI,2019-01-10,Win,39.97224556275234,12.571428571428571,47.943643356001644,True,True,5.23776384003923,True
FTI,2019-08-01,Loss,-12.450726539516953,99.0,53.3280986031641,True,False,9.44314706316064,True
FTI,2020-04-27,Win,67.66943512300855,23.964285714285715,53.871558796598116,True,True,7.891116017291756,True
FTI,2022-03-18,Loss,-13.092339346137926,8.642857142857142,49.22828761402323,True,True,3.8954360073597436,True
FTI,2022-07-06,Loss,-12.321688661679236,11.392857142857142,50.491128319776294,True,True,5.132317906734453,True
FTI,2022-10-28,Win,48.814482476964535,21.21428571428571,49.69087585797106,True,False,5.381523940456842,True
FSLR,2015-12-29,Loss,-9.585219887177503,,55.77141908279596,True,True,5.831946449888557,True
FSLR,2016-02-17,Win,40.1405435384016,9.035714285714285,51.43985722333782,True,False,4.5029351702980644,True
FSLR,2016-09-02,Loss,-7.299869423659612,98.60714285714286,54.83361562545562,True,True,7.206102558586096,True
FSLR,2017-01-20,Win,28.27811442146468,37.32142857142857,40.118361979015226,True,True,5.390104180376912,True
FSLR,2017-06-15,Win,31.003399563213378,82.89285714285714,55.677844942918306,True,False,8.279357194707853,True
FSLR,2018-05-09,Loss,-8.384065211984826,67.17857142857143,53.87269459830619,True,False,4.315769807123852,True
FSLR,2019-01-10,Win,39.97224556275234,12.571428571428571,47.943643356001644,True,True,5.23776384003923,True
FSLR,2019-08-01,Loss,-12.450726539516953,99.0,53.3280986031641,True,False,9.44314706316064,True
FSLR,2020-04-27,Win,67.66943512300855,23.964285714285715,53.871558796598116,True,True,7.891116017291756,True
FSLR,2022-03-18,Loss,-13.092339346137926,8.642857142857142,49.22828761402323,True,True,3.8954360073597436,True
FSLR,2022-07-06,Loss,-12.321688661679236,11.392857142857142,50.491128319776294,True,True,5.132317906734453,True
FSLR,2022-10-28,Win,48.814482476964535,21.21428571428571,49.69087585797106,True,False,5.381523940456842,True
GPC,2015-11-18,Win,24.327358548003776,,47.89451970056044,True,False,6.871440396828602,True
GPC,2016-11-22,Win,42.34063447747099,88.0,60.88774487613734,True,True,8.061311848992615,True
GPC,2018-01-23,Loss,-11.545724460331169,38.10714285714286,56.34307074594174,True,True,4.977929846443794,True
GPC,2018-03-06,Loss,-19.30360759672526,45.964285714285715,52.64960848483548,True,True,6.32163954169735,True
GPC,2018-11-16,Loss,-15.144752166609285,10.214285714285714,47.092504648344566,True,False,4.259170365931679,True
GPC,2019-01-18,Win,52.312739831656344,28.67857142857143,48.315825968745024,True,False,5.75620759097193,True
GPC,2019-08-22,Loss,-15.020063309355395,99.0,52.17826501347189,True,True,5.568284210978759,True
GPC,2020-04-24,Win,76.16640790338143,24.75,51.751874282728494,True,True,5.7571895180861015,True
GPC,2021-01-11,Win,43.71732222927023,97.03571428571428,52.30252767510032,True,False,5.712595704081725,True
GPC,2021-11-16,Loss,-25.303389072961124,57.35714285714286,54.56606661975481,True,True,8.217457323236955,True
GPC,2022-03-25,Loss,-16.94712113307666,7.071428571428571,51.39527089622749,True,True,4.579239212629291,True
GPC,2022-07-19,Loss,-19.794725847923825,34.57142857142857,52.53584732328993,True,False,5.577054677604948,True
GPC,2022-11-30,Win,70.98491010716441,77.0,52.30103054051041,True,True,7.871348050726349,True
GPC,2024-02-22,Loss,-16.81387752934345,98.21428571428572,52.453894987966066,True,True,7.0544965238631985,True
GPC,2025-05-12,Win,65.06129881605854,40.07142857142857,55.00534885154731,True,True,8.653850094520928,True
J,2015-11-18,Win,24.327358548003776,,47.89451970056044,True,False,6.871440396828602,True
J,2016-11-22,Win,42.34063447747099,88.0,60.88774487613734,True,True,8.061311848992615,True
J,2018-01-23,Loss,-11.545724460331169,38.10714285714286,56.34307074594174,True,True,4.977929846443794,True
J,2018-03-06,Loss,-19.30360759672526,45.964285714285715,52.64960848483548,True,True,6.32163954169735,True
J,2018-11-16,Loss,-15.144752166609285,10.214285714285714,47.092504648344566,True,False,4.259170365931679,True
J,2019-01-18,Win,52.312739831656344,28.67857142857143,48.315825968745024,True,False,5.75620759097193,True
J,2019-08-22,Loss,-15.020063309355395,99.0,52.17826501347189,True,True,5.568284210978759,True
J,2020-04-24,Win,76.16640790338143,24.75,51.751874282728494,True,True,5.7571895180861015,True
J,2021-01-11,Win,43.71732222927023,97.03571428571428,52.30252767510032,True,False,5.712595704081725,True
J,2021-11-16,Loss,-25.303389072961124,57.35714285714286,54.56606661975481,True,True,8.217457323236955,True
J,2022-03-25,Loss,-16.94712113307666,7.071428571428571,51.39527089622749,True,True,4.579239212629291,True
J,2022-07-19,Loss,-19.794725847923825,34.57142857142857,52.53584732328993,True,False,5.577054677604948,True
J,2022-11-30,Win,70.98491010716441,77.0,52.30103054051041,True,True,7.871348050726349,True
J,2024-02-22,Loss,-16.81387752934345,98.21428571428572,52.453894987966066,True,True,7.0544965238631985,True
J,2025-05-12,Win,65.06129881605854,40.07142857142857,55.00534885154731,True,True,8.653850094520928,True
IT,2015-11-18,Win,24.327358548003776,,47.89451970056044,True,False,6.871440396828602,True
IT,2016-11-22,Win,42.34063447747099,88.0,60.88774487613734,True,True,8.061311848992615,True
IT,2018-01-23,Loss,-11.545724460331169,38.10714285714286,56.34307074594174,True,True,4.977929846443794,True
IT,2018-03-06,Loss,-19.30360759672526,45.964285714285715,52.64960848483548,True,True,6.32163954169735,True
IT,2018-11-16,Loss,-15.144752166609285,10.214285714285714,47.092504648344566,True,False,4.259170365931679,True
IT,2019-01-18,Win,52.312739831656344,28.67857142857143,48.315825968745024,True,False,5.75620759097193,True
IT,2019-08-22,Loss,-15.020063309355395,99.0,52.17826501347189,True,True,5.568284210978759,True
IT,2020-04-24,Win,76.16640790338143,24.75,51.751874282728494,True,True,5.7571895180861015,True
IT,2021-01-11,Win,43.71732222927023,97.03571428571428,52.30252767510032,True,False,5.712595704081725,True
IT,2021-11-16,Loss,-25.303389072961124,57.35714285714286,54.56606661975481,True,True,8.217457323236955,True
IT,2022-03-25,Loss,-16.94712113307666,7.071428571428571,51.39527089622749,True,True,4.579239212629291,True
IT,2022-07-19,Loss,-19.794725847923825,34.57142857142857,52.53584732328993,True,False,5.577054677604948,True
IT,2022-11-30,Win,70.98491010716441,77.0,52.30103054051041,True,True,7.871348050726349,True
IT,2024-02-22,Loss,-16.81387752934345,98.21428571428572,52.453894987966066,True,True,7.0544965238631985,True
IT,2025-05-12,Win,65.06129881605854,40.07142857142857,55.00534885154731,True,True,8.653850094520928,True
HAL,2015-11-18,Win,24.327358548003776,,47.89451970056044,True,False,6.871440396828602,True
HAL,2016-11-22,Win,42.34063447747099,88.0,60.88774487613734,True,True,8.061311848992615,True
HAL,2018-01-23,Loss,-11.545724460331169,38.10714285714286,56.34307074594174,True,True,4.977929846443794,True
HAL,2018-03-06,Loss,-19.30360759672526,45.964285714285715,52.64960848483548,True,True,6.32163954169735,True
HAL,2018-11-16,Loss,-15.144752166609285,10.214285714285714,47.092504648344566,True,False,4.259170365931679,True
HAL,2019-01-18,Win,52.312739831656344,28.67857142857143,48.315825968745024,True,False,5.75620759097193,True
HAL,2019-08-22,Loss,-15.020063309355395,99.0,52.17826501347189,True,True,5.568284210978759,True
HAL,2020-04-24,Win,76.16640790338143,24.75,51.751874282728494,True,True,5.7571895180861015,True
HAL,2021-01-11,Win,43.71732222927023,97.03571428571428,52.30252767510032,True,False,5.712595704081725,True
HAL,2021-11-16,Loss,-25.303389072961124,57.35714285714286,54.56606661975481,True,True,8.217457323236955,True
HAL,2022-03-25,Loss,-16.94712113307666,7.071428571428571,51.39527089622749,True,True,4.579239212629291,True
HAL,2022-07-19,Loss,-19.794725847923825,34.57142857142857,52.53584732328993,True,False,5.577054677604948,True
HAL,2022-11-30,Win,70.98491010716441,77.0,52.30103054051041,True,True,7.871348050726349,True
HAL,2024-02-22,Loss,-16.81387752934345,98.21428571428572,52.453894987966066,True,True,7.0544965238631985,True
HAL,2025-05-12,Win,65.06129881605854,40.07142857142857,55.00534885154731,True,True,8.653850094520928,True
GWRE,2015-11-18,Win,24.327358548003776,,47.89451970056044,True,False,6.871440396828602,True
GWRE,2016-11-22,Win,42.34063447747099,88.0,60.88774487613734,True,True,8.061311848992615,True
GWRE,2018-01-23,Loss,-11.545724460331169,38.10714285714286,56.34307074594174,True,True,4.977929846443794,True
GWRE,2018-03-06,Loss,-19.30360759672526,45.964285714285715,52.64960848483548,True,True,6.32163954169735,True
GWRE,2018-11-16,Loss,-15.144752166609285,10.214285714285714,47.092504648344566,True,False,4.259170365931679,True
GWRE,2019-01-18,Win,52.312739831656344,28.67857142857143,48.315825968745024,True,False,5.75620759097193,True
GWRE,2019-08-22,Loss,-15.020063309355395,99.0,52.17826501347189,True,True,5.568284210978759,True
GWRE,2020-04-24,Win,76.16640790338143,24.75,51.751874282728494,True,True,5.7571895180861015,True
GWRE,2021-01-11,Win,43.71732222927023,97.03571428571428,52.30252767510032,True,False,5.712595704081725,True
GWRE,2021-11-16,Loss,-25.303389072961124,57.35714285714286,54.56606661975481,True,True,8.217457323236955,True
GWRE,2022-03-25,Loss,-16.94712113307666,7.071428571428571,51.39527089622749,True,True,4.579239212629291,True
GWRE,2022-07-19,Loss,-19.794725847923825,34.57142857142857,52.53584732328993,True,False,5.577054677604948,True
GWRE,2022-11-30,Win,70.98491010716441,77.0,52.30103054051041,True,True,7.871348050726349,True
GWRE,2024-02-22,Loss,-16.81387752934345,98.21428571428572,52.453894987966066,True,True,7.0544965238631985,True
GWRE,2025-05-12,Win,65.06129881605854,40.07142857142857,55.00534885154731,True,True,8.653850094520928,True
GDDY,2015-11-18,Win,24.327358548003776,,47.89451970056044,True,False,6.871440396828602,True
GDDY,2016-11-22,Win,42.34063447747099,88.0,60.88774487613734,True,True,8.061311848992615,True
GDDY,2018-01-23,Loss,-11.545724460331169,38.10714285714286,56.34307074594174,True,True,4.977929846443794,True
GDDY,2018-03-06,Loss,-19.30360759672526,45.964285714285715,52.64960848483548,True,True,6.32163954169735,True
GDDY,2018-11-16,Loss,-15.144752166609285,10.214285714285714,47.092504648344566,True,False,4.259170365931679,True
GDDY,2019-01-18,Win,52.312739831656344,28.67857142857143,48.315825968745024,True,False,5.75620759097193,True
GDDY,2019-08-22,Loss,-15.020063309355395,99.0,52.17826501347189,True,True,5.568284210978759,True
GDDY,2020-04-24,Win,76.16640790338143,24.75,51.751874282728494,True,True,5.7571895180861015,True
GDDY,2021-01-11,Win,43.71732222927023,97.03571428571428,52.30252767510032,True,False,5.712595704081725,True
GDDY,2021-11-16,Loss,-25.303389072961124,57.35714285714286,54.56606661975481,True,True,8.217457323236955,True
GDDY,2022-03-25,Loss,-16.94712113307666,7.071428571428571,51.39527089622749,True,True,4.579239212629291,True
GDDY,2022-07-19,Loss,-19.794725847923825,34.57142857142857,52.53584732328993,True,False,5.577054677604948,True
GDDY,2022-11-30,Win,70.98491010716441,77.0,52.30103054051041,True,True,7.871348050726349,True
GDDY,2024-02-22,Loss,-16.81387752934345,98.21428571428572,52.453894987966066,True,True,7.0544965238631985,True
GDDY,2025-05-12,Win,65.06129881605854,40.07142857142857,55.00534885154731,True,True,8.653850094520928,True
FTV,2015-11-18,Win,24.327358548003776,,47.89451970056044,True,False,6.871440396828602,True
FTV,2016-11-22,Win,42.34063447747099,88.0,60.88774487613734,True,True,8.061311848992615,True
FTV,2018-01-23,Loss,-11.545724460331169,38.10714285714286,56.34307074594174,True,True,4.977929846443794,True
FTV,2018-03-06,Loss,-19.30360759672526,45.964285714285715,52.64960848483548,True,True,6.32163954169735,True
FTV,2018-11-16,Loss,-15.144752166609285,10.214285714285714,47.092504648344566,True,False,4.259170365931679,True
FTV,2019-01-18,Win,52.312739831656344,28.67857142857143,48.315825968745024,True,False,5.75620759097193,True
FTV,2019-08-22,Loss,-15.020063309355395,99.0,52.17826501347189,True,True,5.568284210978759,True
FTV,2020-04-24,Win,76.16640790338143,24.75,51.751874282728494,True,True,5.7571895180861015,True
FTV,2021-01-11,Win,43.71732222927023,97.03571428571428,52.30252767510032,True,False,5.712595704081725,True
FTV,2021-11-16,Loss,-25.303389072961124,57.35714285714286,54.56606661975481,True,True,8.217457323236955,True
FTV,2022-03-25,Loss,-16.94712113307666,7.071428571428571,51.39527089622749,True,True,4.579239212629291,True
FTV,2022-07-19,Loss,-19.794725847923825,34.57142857142857,52.53584732328993,True,False,5.577054677604948,True
FTV,2022-11-30,Win,70.98491010716441,77.0,52.30103054051041,True,True,7.871348050726349,True
FTV,2024-02-22,Loss,-16.81387752934345,98.21428571428572,52.453894987966066,True,True,7.0544965238631985,True
FTV,2025-05-12,Win,65.06129881605854,40.07142857142857,55.00534885154731,True,True,8.653850094520928,True
GPN,2015-11-18,Win,24.327358548003776,,47.89451970056044,True,False,6.871440396828602,True
GPN,2016-11-22,Win,42.34063447747099,88.0,60.88774487613734,True,True,8.061311848992615,True
GPN,2018-01-23,Loss,-11.545724460331169,38.10714285714286,56.34307074594174,True,True,4.977929846443794,True
GPN,2018-03-06,Loss,-19.30360759672526,45.964285714285715,52.64960848483548,True,True,6.32163954169735,True
GPN,2018-11-16,Loss,-15.144752166609285,10.214285714285714,47.092504648344566,True,False,4.259170365931679,True
GPN,2019-01-18,Win,52.312739831656344,28.67857142857143,48.315825968745024,True,False,5.75620759097193,True
GPN,2019-08-22,Loss,-15.020063309355395,99.0,52.17826501347189,True,True,5.568284210978759,True
GPN,2020-04-24,Win,76.16640790338143,24.75,51.751874282728494,True,True,5.7571895180861015,True
GPN,2021-01-11,Win,43.71732222927023,97.03571428571428,52.30252767510032,True,False,5.712595704081725,True
GPN,2021-11-16,Loss,-25.303389072961124,57.35714285714286,54.56606661975481,True,True,8.217457323236955,True
GPN,2022-03-25,Loss,-16.94712113307666,7.071428571428571,51.39527089622749,True,True,4.579239212629291,True
GPN,2022-07-19,Loss,-19.794725847923825,34.57142857142857,52.53584732328993,True,False,5.577054677604948,True
GPN,2022-11-30,Win,70.98491010716441,77.0,52.30103054051041,True,True,7.871348050726349,True
GPN,2024-02-22,Loss,-16.81387752934345,98.21428571428572,52.453894987966066,True,True,7.0544965238631985,True
GPN,2025-05-12,Win,65.06129881605854,40.07142857142857,55.00534885154731,True,True,8.653850094520928,True
FWONK,2015-11-18,Win,24.327358548003776,,47.89451970056044,True,False,6.871440396828602,True
FWONK,2016-11-22,Win,42.34063447747099,88.0,60.88774487613734,True,True,8.061311848992615,True
FWONK,2018-01-23,Loss,-11.545724460331169,38.10714285714286,56.34307074594174,True,True,4.977929846443794,True
FWONK,2018-03-06,Loss,-19.30360759672526,45.964285714285715,52.64960848483548,True,True,6.32163954169735,True
FWONK,2018-11-16,Loss,-15.144752166609285,10.214285714285714,47.092504648344566,True,False,4.259170365931679,True
FWONK,2019-01-18,Win,52.312739831656344,28.67857142857143,48.315825968745024,True,False,5.75620759097193,True
FWONK,2019-08-22,Loss,-15.020063309355395,99.0,52.17826501347189,True,True,5.568284210978759,True
FWONK,2020-04-24,Win,76.16640790338143,24.75,51.751874282728494,True,True,5.7571895180861015,True
FWONK,2021-01-11,Win,43.71732222927023,97.03571428571428,52.30252767510032,True,False,5.712595704081725,True
FWONK,2021-11-16,Loss,-25.303389072961124,57.35714285714286,54.56606661975481,True,True,8.217457323236955,True
FWONK,2022-03-25,Loss,-16.94712113307666,7.071428571428571,51.39527089622749,True,True,4.579239212629291,True
FWONK,2022-07-19,Loss,-19.794725847923825,34.57142857142857,52.53584732328993,True,False,5.577054677604948,True
FWONK,2022-11-30,Win,70.98491010716441,77.0,52.30103054051041,True,True,7.871348050726349,True
FWONK,2024-02-22,Loss,-16.81387752934345,98.21428571428572,52.453894987966066,True,True,7.0544965238631985,True
FWONK,2025-05-12,Win,65.06129881605854,40.07142857142857,55.00534885154731,True,True,8.653850094520928,True
IONQ,2015-11-18,Win,24.327358548003776,,47.89451970056044,True,False,6.871440396828602,True
IONQ,2016-11-22,Win,42.34063447747099,88.0,60.88774487613734,True,True,8.061311848992615,True
IONQ,2018-01-23,Loss,-11.545724460331169,38.10714285714286,56.34307074594174,True,True,4.977929846443794,True
IONQ,2018-03-06,Loss,-19.30360759672526,45.964285714285715,52.64960848483548,True,True,6.32163954169735,True
IONQ,2018-11-16,Loss,-15.144752166609285,10.214285714285714,47.092504648344566,True,False,4.259170365931679,True
IONQ,2019-01-18,Win,52.312739831656344,28.67857142857143,48.315825968745024,True,False,5.75620759097193,True
IONQ,2019-08-22,Loss,-15.020063309355395,99.0,52.17826501347189,True,True,5.568284210978759,True
IONQ,2020-04-24,Win,76.16640790338143,24.75,51.751874282728494,True,True,5.7571895180861015,True
IONQ,2021-01-11,Win,43.71732222927023,97.03571428571428,52.30252767510032,True,False,5.712595704081725,True
IONQ,2021-11-16,Loss,-25.303389072961124,57.35714285714286,54.56606661975481,True,True,8.217457323236955,True
IONQ,2022-03-25,Loss,-16.94712113307666,7.071428571428571,51.39527089622749,True,True,4.579239212629291,True
IONQ,2022-07-19,Loss,-19.794725847923825,34.57142857142857,52.53584732328993,True,False,5.577054677604948,True
IONQ,2022-11-30,Win,70.98491010716441,77.0,52.30103054051041,True,True,7.871348050726349,True
IONQ,2024-02-22,Loss,-16.81387752934345,98.21428571428572,52.453894987966066,True,True,7.0544965238631985,True
IONQ,2025-05-12,Win,65.06129881605854,40.07142857142857,55.00534885154731,True,True,8.653850094520928,True
KHC,2015-12-29,Loss,-8.974142452923385,,52.31816957942736,True,True,5.541045612190293,True
KHC,2016-02-05,Win,27.194445072123084,63.24999999999999,50.220840340119935,True,False,4.885255753439548,True
KHC,2017-02-16,Win,29.58947262262112,93.5,57.115956452456004,True,False,9.046379651748449,True
KHC,2017-11-03,Win,19.249087868341196,75.03571428571428,47.544458656080465,True,True,4.772168819440362,True
KHC,2018-03-09,Win,51.43676014062623,94.67857142857143,49.993403261042694,True,True,9.102451265377084,True
KHC,2020-07-16,Win,42.956772321734135,85.25,52.82665558151785,True,False,6.129710041325092,True
KHC,2022-03-28,Win,42.67452507229655,93.10714285714286,55.27926751033638,True,True,6.896712096257735,True
KHC,2024-01-09,Win,36.922282878699534,77.39285714285714,53.074921621997674,True,True,8.62141544465403,True
K,2015-12-29,Loss,-8.974142452923385,,52.31816957942736,True,True,5.541045612190293,True
K,2016-02-05,Win,27.194445072123084,63.24999999999999,50.220840340119935,True,False,4.885255753439548,True
K,2017-02-16,Win,29.58947262262112,93.5,57.115956452456004,True,False,9.046379651748449,True
K,2017-11-03,Win,19.249087868341196,75.03571428571428,47.544458656080465,True,True,4.772168819440362,True
K,2018-03-09,Win,51.43676014062623,94.67857142857143,49.993403261042694,True,True,9.102451265377084,True
K,2020-07-16,Win,42.956772321734135,85.25,52.82665558151785,True,False,6.129710041325092,True
K,2022-03-28,Win,42.67452507229655,93.10714285714286,55.27926751033638,True,True,6.896712096257735,True
K,2024-01-09,Win,36.922282878699534,77.39285714285714,53.074921621997674,True,True,8.62141544465403,True
LII,2015-12-29,Loss,-8.974142452923385,,52.31816957942736,True,True,5.541045612190293,True
LII,2016-02-05,Win,27.194445072123084,63.24999999999999,50.220840340119935,True,False,4.885255753439548,True
LII,2017-02-16,Win,29.58947262262112,93.5,57.115956452456004,True,False,9.046379651748449,True
LII,2017-11-03,Win,19.249087868341196,75.03571428571428,47.544458656080465,True,True,4.772168819440362,True
LII,2018-03-09,Win,51.43676014062623,94.67857142857143,49.993403261042694,True,True,9.102451265377084,True
LII,2020-07-16,Win,42.956772321734135,85.25,52.82665558151785,True,False,6.129710041325092,True
LII,2022-03-28,Win,42.67452507229655,93.10714285714286,55.27926751033638,True,True,6.896712096257735,True
LII,2024-01-09,Win,36.922282878699534,77.39285714285714,53.074921621997674,True,True,8.62141544465403,True
MKC,2015-12-29,Loss,-8.974142452923385,,52.31816957942736,True,True,5.541045612190293,True
MKC,2016-02-05,Win,27.194445072123084,63.24999999999999,50.220840340119935,True,False,4.885255753439548,True
MKC,2017-02-16,Win,29.58947262262112,93.5,57.115956452456004,True,False,9.046379651748449,True
MKC,2017-11-03,Win,19.249087868341196,75.03571428571428,47.544458656080465,True,True,4.772168819440362,True
MKC,2018-03-09,Win,51.43676014062623,94.67857142857143,49.993403261042694,True,True,9.102451265377084,True
MKC,2020-07-16,Win,42.956772321734135,85.25,52.82665558151785,True,False,6.129710041325092,True
MKC,2022-03-28,Win,42.67452507229655,93.10714285714286,55.27926751033638,True,True,6.896712096257735,True
MKC,2024-01-09,Win,36.922282878699534,77.39285714285714,53.074921621997674,True,True,8.62141544465403,True
LULU,2015-12-29,Loss,-8.974142452923385,,52.31816957942736,True,True,5.541045612190293,True
LULU,2016-02-05,Win,27.194445072123084,63.24999999999999,50.220840340119935,True,False,4.885255753439548,True
LULU,2017-02-16,Win,29.58947262262112,93.5,57.115956452456004,True,False,9.046379651748449,True
LULU,2017-11-03,Win,19.249087868341196,75.03571428571428,47.544458656080465,True,True,4.772168819440362,True
LULU,2018-03-09,Win,51.43676014062623,94.67857142857143,49.993403261042694,True,True,9.102451265377084,True
LULU,2020-07-16,Win,42.956772321734135,85.25,52.82665558151785,True,False,6.129710041325092,True
LULU,2022-03-28,Win,42.67452507229655,93.10714285714286,55.27926751033638,True,True,6.896712096257735,True
LULU,2024-01-09,Win,36.922282878699534,77.39285714285714,53.074921621997674,True,True,8.62141544465403,True
LVS,2015-12-29,Loss,-8.974142452923385,,52.31816957942736,True,True,5.541045612190293,True
LVS,2016-02-05,Win,27.194445072123084,63.24999999999999,50.220840340119935,True,False,4.885255753439548,True
LVS,2017-02-16,Win,29.58947262262112,93.5,57.115956452456004,True,False,9.046379651748449,True
LVS,2017-11-03,Win,19.249087868341196,75.03571428571428,47.544458656080465,True,True,4.772168819440362,True
LVS,2018-03-09,Win,51.43676014062623,94.67857142857143,49.993403261042694,True,True,9.102451265377084,True
LVS,2020-07-16,Win,42.956772321734135,85.25,52.82665558151785,True,False,6.129710041325092,True
LVS,2022-03-28,Win,42.67452507229655,93.10714285714286,55.27926751033638,True,True,6.896712096257735,True
LVS,2024-01-09,Win,36.922282878699534,77.39285714285714,53.074921621997674,True,True,8.62141544465403,True
LNT,2015-12-29,Loss,-8.974142452923385,,52.31816957942736,True,True,5.541045612190293,True
LNT,2016-02-05,Win,27.194445072123084,63.24999999999999,50.220840340119935,True,False,4.885255753439548,True
LNT,2017-02-16,Win,29.58947262262112,93.5,57.115956452456004,True,False,9.046379651748449,True
LNT,2017-11-03,Win,19.249087868341196,75.03571428571428,47.544458656080465,True,True,4.772168819440362,True
LNT,2018-03-09,Win,51.43676014062623,94.67857142857143,49.993403261042694,True,True,9.102451265377084,True
LNT,2020-07-16,Win,42.956772321734135,85.25,52.82665558151785,True,False,6.129710041325092,True
LNT,2022-03-28,Win,42.67452507229655,93.10714285714286,55.27926751033638,True,True,6.896712096257735,True
LNT,2024-01-09,Win,36.922282878699534,77.39285714285714,53.074921621997674,True,True,8.62141544465403,True
KEY,2015-12-29,Loss,-8.974142452923385,,52.31816957942736,True,True,5.541045612190293,True
KEY,2016-02-05,Win,27.194445072123084,63.24999999999999,50.220840340119935,True,False,4.885255753439548,True
KEY,2017-02-16,Win,29.58947262262112,93.5,57.115956452456004,True,False,9.046379651748449,True
KEY,2017-11-03,Win,19.249087868341196,75.03571428571428,47.544458656080465,True,True,4.772168819440362,True
KEY,2018-03-09,Win,51.43676014062623,94.67857142857143,49.993403261042694,True,True,9.102451265377084,True
KEY,2020-07-16,Win,42.956772321734135,85.25,52.82665558151785,True,False,6.129710041325092,True
KEY,2022-03-28,Win,42.67452507229655,93.10714285714286,55.27926751033638,True,True,6.896712096257735,True
KEY,2024-01-09,Win,36.922282878699534,77.39285714285714,53.074921621997674,True,True,8.62141544465403,True
MAA,2015-12-29,Loss,-8.974142452923385,,52.31816957942736,True,True,5.541045612190293,True
MAA,2016-02-05,Win,27.194445072123084,63.24999999999999,50.220840340119935,True,False,4.885255753439548,True
MAA,2017-02-16,Win,29.58947262262112,93.5,57.115956452456004,True,False,9.046379651748449,True
MAA,2017-11-03,Win,19.249087868341196,75.03571428571428,47.544458656080465,True,True,4.772168819440362,True
MAA,2018-03-09,Win,51.43676014062623,94.67857142857143,49.993403261042694,True,True,9.102451265377084,True
MAA,2020-07-16,Win,42.956772321734135,85.25,52.82665558151785,True,False,6.129710041325092,True
MAA,2022-03-28,Win,42.67452507229655,93.10714285714286,55.27926751033638,True,True,6.896712096257735,True
MAA,2024-01-09,Win,36.922282878699534,77.39285714285714,53.074921621997674,True,True,8.62141544465403,True
L,2015-12-29,Loss,-8.974142452923385,,52.31816957942736,True,True,5.541045612190293,True
L,2016-02-05,Win,27.194445072123084,63.24999999999999,50.220840340119935,True,False,4.885255753439548,True
L,2017-02-16,Win,29.58947262262112,93.5,57.115956452456004,True,False,9.046379651748449,True
L,2017-11-03,Win,19.249087868341196,75.03571428571428,47.544458656080465,True,True,4.772168819440362,True
L,2018-03-09,Win,51.43676014062623,94.67857142857143,49.993403261042694,True,True,9.102451265377084,True
L,2020-07-16,Win,42.956772321734135,85.25,52.82665558151785,True,False,6.129710041325092,True
L,2022-03-28,Win,42.67452507229655,93.10714285714286,55.27926751033638,True,True,6.896712096257735,True
L,2024-01-09,Win,36.922282878699534,77.39285714285714,53.074921621997674,True,True,8.62141544465403,True
SSNC,2016-04-04,Win,24.949182854165564,24.357142857142854,53.29311937686916,True,False,4.399402961520118,True
SSNC,2017-11-28,Win,22.88368110378944,91.92857142857143,58.26688395763055,True,True,8.628976856365092,False
SSNC,2018-09-14,Loss,-6.31145669874101,95.07142857142857,60.31588596085184,True,True,4.513632026530541,True
SSNC,2019-05-16,Loss,-10.373229100168551,13.357142857142856,53.878558344531456,True,False,6.0864333246272775,True
SSNC,2019-09-09,Loss,-9.610106662472026,7.857142857142857,45.361604303546365,True,True,5.656571655235265,True
SSNC,2020-04-09,Win,68.38882098005324,34.57142857142857,46.7337024924452,True,True,6.085474587632458,True
SSNC,2021-11-26,Loss,-22.89386368710284,99.0,51.26362006812835,True,True,9.546473378448592,True
SSNC,2023-04-03,Loss,-7.0244255322062825,10.214285714285714,51.69466883403913,True,False,4.473532136054123,False
SSNC,2023-06-13,Loss,-11.999516089829095,42.035714285714285,50.894853315375535,True,False,5.9829984824983,True
SSNC,2024-01-02,Loss,-15.086445889282254,18.464285714285715,51.82295493300793,True,True,6.266746395777069,True
ON,2016-04-04,Win,24.949182854165564,24.357142857142854,53.29311937686916,True,False,4.399402961520118,True
ON,2017-11-28,Win,22.88368110378944,91.92857142857143,58.26688395763055,True,True,8.628976856365092,False
ON,2018-09-14,Loss,-6.31145669874101,95.07142857142857,60.31588596085184,True,True,4.513632026530541,True
ON,2019-05-16,Loss,-10.373229100168551,13.357142857142856,53.878558344531456,True,False,6.0864333246272775,True
ON,2019-09-09,Loss,-9.610106662472026,7.857142857142857,45.361604303546365,True,True,5.656571655235265,True
ON,2020-04-09,Win,68.38882098005324,34.57142857142857,46.7337024924452,True,True,6.085474587632458,True
ON,2021-11-26,Loss,-22.89386368710284,99.0,51.26362006812835,True,True,9.546473378448592,True
ON,2023-04-03,Loss,-7.0244255322062825,10.214285714285714,51.69466883403913,True,False,4.473532136054123,False
ON,2023-06-13,Loss,-11.999516089829095,42.035714285714285,50.894853315375535,True,False,5.9829984824983,True
ON,2024-01-02,Loss,-15.086445889282254,18.464285714285715,51.82295493300793,True,True,6.266746395777069,True
STLD,2016-04-04,Win,24.949182854165564,24.357142857142854,53.29311937686916,True,False,4.399402961520118,True
STLD,2017-11-28,Win,22.88368110378944,91.92857142857143,58.26688395763055,True,True,8.628976856365092,False
STLD,2018-09-14,Loss,-6.31145669874101,95.07142857142857,60.31588596085184,True,True,4.513632026530541,True
STLD,2019-05-16,Loss,-10.373229100168551,13.357142857142856,53.878558344531456,True,False,6.0864333246272775,True
STLD,2019-09-09,Loss,-9.610106662472026,7.857142857142857,45.361604303546365,True,True,5.656571655235265,True
STLD,2020-04-09,Win,68.38882098005324,34.57142857142857,46.7337024924452,True,True,6.085474587632458,True
STLD,2021-11-26,Loss,-22.89386368710284,99.0,51.26362006812835,True,True,9.546473378448592,True
STLD,2023-04-03,Loss,-7.0244255322062825,10.214285714285714,51.69466883403913,True,False,4.473532136054123,False
STLD,2023-06-13,Loss,-11.999516089829095,42.035714285714285,50.894853315375535,True,False,5.9829984824983,True
STLD,2024-01-02,Loss,-15.086445889282254,18.464285714285715,51.82295493300793,True,True,6.266746395777069,True
PKG,2016-04-04,Win,24.949182854165564,24.357142857142854,53.29311937686916,True,False,4.399402961520118,True
PKG,2017-11-28,Win,22.88368110378944,91.92857142857143,58.26688395763055,True,True,8.628976856365092,False
PKG,2018-09-14,Loss,-6.31145669874101,95.07142857142857,60.31588596085184,True,True,4.513632026530541,True
PKG,2019-05-16,Loss,-10.373229100168551,13.357142857142856,53.878558344531456,True,False,6.0864333246272775,True
PKG,2019-09-09,Loss,-9.610106662472026,7.857142857142857,45.361604303546365,True,True,5.656571655235265,True
PKG,2020-04-09,Win,68.38882098005324,34.57142857142857,46.7337024924452,True,True,6.085474587632458,True
PKG,2021-11-26,Loss,-22.89386368710284,99.0,51.26362006812835,True,True,9.546473378448592,True
PKG,2023-04-03,Loss,-7.0244255322062825,10.214285714285714,51.69466883403913,True,False,4.473532136054123,False
PKG,2023-06-13,Loss,-11.999516089829095,42.035714285714285,50.894853315375535,True,False,5.9829984824983,True
PKG,2024-01-02,Loss,-15.086445889282254,18.464285714285715,51.82295493300793,True,True,6.266746395777069,True
SNA,2016-04-04,Win,24.949182854165564,24.357142857142854,53.29311937686916,True,False,4.399402961520118,True
SNA,2017-11-28,Win,22.88368110378944,91.92857142857143,58.26688395763055,True,True,8.628976856365092,False
SNA,2018-09-14,Loss,-6.31145669874101,95.07142857142857,60.31588596085184,True,True,4.513632026530541,True
SNA,2019-05-16,Loss,-10.373229100168551,13.357142857142856,53.878558344531456,True,False,6.0864333246272775,True
SNA,2019-09-09,Loss,-9.610106662472026,7.857142857142857,45.361604303546365,True,True,5.656571655235265,True
SNA,2020-04-09,Win,68.38882098005324,34.57142857142857,46.7337024924452,True,True,6.085474587632458,True
SNA,2021-11-26,Loss,-22.89386368710284,99.0,51.26362006812835,True,True,9.546473378448592,True
SNA,2023-04-03,Loss,-7.0244255322062825,10.214285714285714,51.69466883403913,True,False,4.473532136054123,False
SNA,2023-06-13,Loss,-11.999516089829095,42.035714285714285,50.894853315375535,True,False,5.9829984824983,True
SNA,2024-01-02,Loss,-15.086445889282254,18.464285714285715,51.82295493300793,True,True,6.266746395777069,True
SBAC,2016-04-04,Win,24.949182854165564,24.357142857142854,53.29311937686916,True,False,4.399402961520118,True
SBAC,2017-11-28,Win,22.88368110378944,91.92857142857143,58.26688395763055,True,True,8.628976856365092,False
SBAC,2018-09-14,Loss,-6.31145669874101,95.07142857142857,60.31588596085184,True,True,4.513632026530541,True
SBAC,2019-05-16,Loss,-10.373229100168551,13.357142857142856,53.878558344531456,True,False,6.0864333246272775,True
SBAC,2019-09-09,Loss,-9.610106662472026,7.857142857142857,45.361604303546365,True,True,5.656571655235265,True
SBAC,2020-04-09,Win,68.38882098005324,34.57142857142857,46.7337024924452,True,True,6.085474587632458,True
SBAC,2021-11-26,Loss,-22.89386368710284,99.0,51.26362006812835,True,True,9.546473378448592,True
SBAC,2023-04-03,Loss,-7.0244255322062825,10.214285714285714,51.69466883403913,True,False,4.473532136054123,False
SBAC,2023-06-13,Loss,-11.999516089829095,42.035714285714285,50.894853315375535,True,False,5.9829984824983,True
SBAC,2024-01-02,Loss,-15.086445889282254,18.464285714285715,51.82295493300793,True,True,6.266746395777069,True
RKLB,2016-04-04,Win,24.949182854165564,24.357142857142854,53.29311937686916,True,False,4.399402961520118,True
RKLB,2017-11-28,Win,22.88368110378944,91.92857142857143,58.26688395763055,True,True,8.628976856365092,False
RKLB,2018-09-14,Loss,-6.31145669874101,95.07142857142857,60.31588596085184,True,True,4.513632026530541,True
RKLB,2019-05-16,Loss,-10.373229100168551,13.357142857142856,53.878558344531456,True,False,6.0864333246272775,True
RKLB,2019-09-09,Loss,-9.610106662472026,7.857142857142857,45.361604303546365,True,True,5.656571655235265,True
RKLB,2020-04-09,Win,68.38882098005324,34.57142857142857,46.7337024924452,True,True,6.085474587632458,True
RKLB,2021-11-26,Loss,-22.89386368710284,99.0,51.26362006812835,True,True,9.546473378448592,True
RKLB,2023-04-03,Loss,-7.0244255322062825,10.214285714285714,51.69466883403913,True,False,4.473532136054123,False
RKLB,2023-06-13,Loss,-11.999516089829095,42.035714285714285,50.894853315375535,True,False,5.9829984824983,True
RKLB,2024-01-02,Loss,-15.086445889282254,18.464285714285715,51.82295493300793,True,True,6.266746395777069,True
PODD,2016-04-04,Win,24.949182854165564,24.357142857142854,53.29311937686916,True,False,4.399402961520118,True
PODD,2017-11-28,Win,22.88368110378944,91.92857142857143,58.26688395763055,True,True,8.628976856365092,False
PODD,2018-09-14,Loss,-6.31145669874101,95.07142857142857,60.31588596085184,True,True,4.513632026530541,True
PODD,2019-05-16,Loss,-10.373229100168551,13.357142857142856,53.878558344531456,True,False,6.0864333246272775,True
PODD,2019-09-09,Loss,-9.610106662472026,7.857142857142857,45.361604303546365,True,True,5.656571655235265,True
PODD,2020-04-09,Win,68.38882098005324,34.57142857142857,46.7337024924452,True,True,6.085474587632458,True
PODD,2021-11-26,Loss,-22.89386368710284,99.0,51.26362006812835,True,True,9.546473378448592,True
PODD,2023-04-03,Loss,-7.0244255322062825,10.214285714285714,51.69466883403913,True,False,4.473532136054123,False
PODD,2023-06-13,Loss,-11.999516089829095,42.035714285714285,50.894853315375535,True,False,5.9829984824983,True
PODD,2024-01-02,Loss,-15.086445889282254,18.464285714285715,51.82295493300793,True,True,6.266746395777069,True
ROL,2016-04-04,Win,24.949182854165564,24.357142857142854,53.29311937686916,True,False,4.399402961520118,True
ROL,2017-11-28,Win,22.88368110378944,91.92857142857143,58.26688395763055,True,True,8.628976856365092,False
ROL,2018-09-14,Loss,-6.31145669874101,95.07142857142857,60.31588596085184,True,True,4.513632026530541,True
ROL,2019-05-16,Loss,-10.373229100168551,13.357142857142856,53.878558344531456,True,False,6.0864333246272775,True
ROL,2019-09-09,Loss,-9.610106662472026,7.857142857142857,45.361604303546365,True,True,5.656571655235265,True
ROL,2020-04-09,Win,68.38882098005324,34.57142857142857,46.7337024924452,True,True,6.085474587632458,True
ROL,2021-11-26,Loss,-22.89386368710284,99.0,51.26362006812835,True,True,9.546473378448592,True
ROL,2023-04-03,Loss,-7.0244255322062825,10.214285714285714,51.69466883403913,True,False,4.473532136054123,False
ROL,2023-06-13,Loss,-11.999516089829095,42.035714285714285,50.894853315375535,True,False,5.9829984824983,True
ROL,2024-01-02,Loss,-15.086445889282254,18.464285714285715,51.82295493300793,True,True,6.266746395777069,True
STZ,2016-04-04,Win,24.949182854165564,24.357142857142854,53.29311937686916,True,False,4.399402961520118,True
STZ,2017-11-28,Win,22.88368110378944,91.92857142857143,58.26688395763055,True,True,8.628976856365092,False
STZ,2018-09-14,Loss,-6.31145669874101,95.07142857142857,60.31588596085184,True,True,4.513632026530541,True
STZ,2019-05-16,Loss,-10.373229100168551,13.357142857142856,53.878558344531456,True,False,6.0864333246272775,True
STZ,2019-09-09,Loss,-9.610106662472026,7.857142857142857,45.361604303546365,True,True,5.656571655235265,True
STZ,2020-04-09,Win,68.38882098005324,34.57142857142857,46.7337024924452,True,True,6.085474587632458,True
STZ,2021-11-26,Loss,-22.89386368710284,99.0,51.26362006812835,True,True,9.546473378448592,True
STZ,2023-04-03,Loss,-7.0244255322062825,10.214285714285714,51.69466883403913,True,False,4.473532136054123,False
STZ,2023-06-13,Loss,-11.999516089829095,42.035714285714285,50.894853315375535,True,False,5.9829984824983,True
STZ,2024-01-02,Loss,-15.086445889282254,18.464285714285715,51.82295493300793,True,True,6.266746395777069,True
WAT,2016-01-26,Win,34.59786358283604,68.35714285714286,47.61977706843689,True,False,5.340365547336118,True
WAT,2017-02-23,Win,27.7067469479067,90.35714285714286,56.868942066320685,True,True,9.263244539267477,True
WAT,2018-01-24,Loss,-8.823873145071605,79.35714285714286,51.71279698662886,True,True,6.089351092152692,True
WAT,2018-03-12,Loss,-14.310606762082333,75.82142857142858,51.91819909753714,True,False,8.352756905174788,True
WAT,2020-06-03,Win,44.438295325772856,27.10714285714286,51.90111182517602,True,True,6.053954429781082,True
WAT,2023-02-03,Win,42.28013646859432,99.0,60.64864300988311,True,False,7.043067361456139,True
WAT,2025-01-16,Loss,-9.685160752572479,47.535714285714285,52.15769523243462,True,False,5.777738457584475,True
TOST,2016-01-26,Win,34.59786358283604,68.35714285714286,47.61977706843689,True,False,5.340365547336118,True
TOST,2017-02-23,Win,27.7067469479067,90.35714285714286,56.868942066320685,True,True,9.263244539267477,True
TOST,2018-01-24,Loss,-8.823873145071605,79.35714285714286,51.71279698662886,True,True,6.089351092152692,True
TOST,2018-03-12,Loss,-14.310606762082333,75.82142857142858,51.91819909753714,True,False,8.352756905174788,True
TOST,2020-06-03,Win,44.438295325772856,27.10714285714286,51.90111182517602,True,True,6.053954429781082,True
TOST,2023-02-03,Win,42.28013646859432,99.0,60.64864300988311,True,False,7.043067361456139,True
TOST,2025-01-16,Loss,-9.685160752572479,47.535714285714285,52.15769523243462,True,False,5.777738457584475,True
TER,2016-01-26,Win,34.59786358283604,68.35714285714286,47.61977706843689,True,False,5.340365547336118,True
TER,2017-02-23,Win,27.7067469479067,90.35714285714286,56.868942066320685,True,True,9.263244539267477,True
TER,2018-01-24,Loss,-8.823873145071605,79.35714285714286,51.71279698662886,True,True,6.089351092152692,True
TER,2018-03-12,Loss,-14.310606762082333,75.82142857142858,51.91819909753714,True,False,8.352756905174788,True
TER,2020-06-03,Win,44.438295325772856,27.10714285714286,51.90111182517602,True,True,6.053954429781082,True
TER,2023-02-03,Win,42.28013646859432,99.0,60.64864300988311,True,False,7.043067361456139,True
TER,2025-01-16,Loss,-9.685160752572479,47.535714285714285,52.15769523243462,True,False,5.777738457584475,True
TRU,2016-01-26,Win,34.59786358283604,68.35714285714286,47.61977706843689,True,False,5.340365547336118,True
TRU,2017-02-23,Win,27.7067469479067,90.35714285714286,56.868942066320685,True,True,9.263244539267477,True
TRU,2018-01-24,Loss,-8.823873145071605,79.35714285714286,51.71279698662886,True,True,6.089351092152692,True
TRU,2018-03-12,Loss,-14.310606762082333,75.82142857142858,51.91819909753714,True,False,8.352756905174788,True
TRU,2020-06-03,Win,44.438295325772856,27.10714285714286,51.90111182517602,True,True,6.053954429781082,True
TRU,2023-02-03,Win,42.28013646859432,99.0,60.64864300988311,True,False,7.043067361456139,True
TRU,2025-01-16,Loss,-9.685160752572479,47.535714285714285,52.15769523243462,True,False,5.777738457584475,True
TTD,2016-01-26,Win,34.59786358283604,68.35714285714286,47.61977706843689,True,False,5.340365547336118,True
TTD,2017-02-23,Win,27.7067469479067,90.35714285714286,56.868942066320685,True,True,9.263244539267477,True
TTD,2018-01-24,Loss,-8.823873145071605,79.35714285714286,51.71279698662886,True,True,6.089351092152692,True
TTD,2018-03-12,Loss,-14.310606762082333,75.82142857142858,51.91819909753714,True,False,8.352756905174788,True
TTD,2020-06-03,Win,44.438295325772856,27.10714285714286,51.90111182517602,True,True,6.053954429781082,True
TTD,2023-02-03,Win,42.28013646859432,99.0,60.64864300988311,True,False,7.043067361456139,True
TTD,2025-01-16,Loss,-9.685160752572479,47.535714285714285,52.15769523243462,True,False,5.777738457584475,True
UTHR,2016-01-26,Win,34.59786358283604,68.35714285714286,47.61977706843689,True,False,5.340365547336118,True
UTHR,2017-02-23,Win,27.7067469479067,90.35714285714286,56.868942066320685,True,True,9.263244539267477,True
UTHR,2018-01-24,Loss,-8.823873145071605,79.35714285714286,51.71279698662886,True,True,6.089351092152692,True
UTHR,2018-03-12,Loss,-14.310606762082333,75.82142857142858,51.91819909753714,True,False,8.352756905174788,True
UTHR,2020-06-03,Win,44.438295325772856,27.10714285714286,51.90111182517602,True,True,6.053954429781082,True
UTHR,2023-02-03,Win,42.28013646859432,99.0,60.64864300988311,True,False,7.043067361456139,True
UTHR,2025-01-16,Loss,-9.685160752572479,47.535714285714285,52.15769523243462,True,False,5.777738457584475,True
TRMB,2016-01-26,Win,34.59786358283604,68.35714285714286,47.61977706843689,True,False,5.340365547336118,True
TRMB,2017-02-23,Win,27.7067469479067,90.35714285714286,56.868942066320685,True,True,9.263244539267477,True
TRMB,2018-01-24,Loss,-8.823873145071605,79.35714285714286,51.71279698662886,True,True,6.089351092152692,True
TRMB,2018-03-12,Loss,-14.310606762082333,75.82142857142858,51.91819909753714,True,False,8.352756905174788,True
TRMB,2020-06-03,Win,44.438295325772856,27.10714285714286,51.90111182517602,True,True,6.053954429781082,True
TRMB,2023-02-03,Win,42.28013646859432,99.0,60.64864300988311,True,False,7.043067361456139,True
TRMB,2025-01-16,Loss,-9.685160752572479,47.535714285714285,52.15769523243462,True,False,5.777738457584475,True
USFD,2016-01-26,Win,34.59786358283604,68.35714285714286,47.61977706843689,True,False,5.340365547336118,True
USFD,2017-02-23,Win,27.7067469479067,90.35714285714286,56.868942066320685,True,True,9.263244539267477,True
USFD,2018-01-24,Loss,-8.823873145071605,79.35714285714286,51.71279698662886,True,True,6.089351092152692,True
USFD,2018-03-12,Loss,-14.310606762082333,75.82142857142858,51.91819909753714,True,False,8.352756905174788,True
USFD,2020-06-03,Win,44.438295325772856,27.10714285714286,51.90111182517602,True,True,6.053954429781082,True
USFD,2023-02-03,Win,42.28013646859432,99.0,60.64864300988311,True,False,7.043067361456139,True
USFD,2025-01-16,Loss,-9.685160752572479,47.535714285714285,52.15769523243462,True,False,5.777738457584475,True
THC,2016-01-26,Win,34.59786358283604,68.35714285714286,47.61977706843689,True,False,5.340365547336118,True
THC,2017-02-23,Win,27.7067469479067,90.35714285714286,56.868942066320685,True,True,9.263244539267477,True
THC,2018-01-24,Loss,-8.823873145071605,79.35714285714286,51.71279698662886,True,True,6.089351092152692,True
THC,2018-03-12,Loss,-14.310606762082333,75.82142857142858,51.91819909753714,True,False,8.352756905174788,True
THC,2020-06-03,Win,44.438295325772856,27.10714285714286,51.90111182517602,True,True,6.053954429781082,True
THC,2023-02-03,Win,42.28013646859432,99.0,60.64864300988311,True,False,7.043067361456139,True
THC,2025-01-16,Loss,-9.685160752572479,47.535714285714285,52.15769523243462,True,False,5.777738457584475,True
SW,2016-01-26,Win,34.59786358283604,68.35714285714286,47.61977706843689,True,False,5.340365547336118,True
SW,2017-02-23,Win,27.7067469479067,90.35714285714286,56.868942066320685,True,True,9.263244539267477,True
SW,2018-01-24,Loss,-8.823873145071605,79.35714285714286,51.71279698662886,True,True,6.089351092152692,True
SW,2018-03-12,Loss,-14.310606762082333,75.82142857142858,51.91819909753714,True,False,8.352756905174788,True
SW,2020-06-03,Win,44.438295325772856,27.10714285714286,51.90111182517602,True,True,6.053954429781082,True
SW,2023-02-03,Win,42.28013646859432,99.0,60.64864300988311,True,False,7.043067361456139,True
SW,2025-01-16,Loss,-9.685160752572479,47.535714285714285,52.15769523243462,True,False,5.777738457584475,True
WRB,2016-03-02,Win,63.27130281343073,16.107142857142858,52.69356358836805,True,False,4.946939303895483,True
WRB,2019-01-31,Win,51.27770550142222,55.0,46.39934974332325,True,True,7.761572355558816,True
WRB,2019-09-09,Loss,-12.957228105798526,97.82142857142857,60.292023440676566,True,True,7.4760125185553585,True
WRB,2020-05-26,Win,49.98755112864384,21.607142857142858,55.70228149693276,True,True,5.843314527268976,True
WRB,2021-04-23,Win,59.292116841663386,99.0,53.95747786292344,True,False,11.147102637695154,True
WRB,2021-10-21,Loss,-19.533787234341222,83.67857142857143,50.16075128137067,True,True,8.377397793299085,True
WRB,2022-01-31,Loss,-24.515392296941695,13.357142857142856,51.22546188022162,True,False,6.450319276988715,True
WRB,2022-05-26,Loss,-22.46981954840957,9.035714285714285,51.13924549527361,True,False,5.140125531283595,True
WRB,2022-07-20,Loss,-15.696747655592574,11.785714285714285,51.425243883283024,True,False,4.249651940902188,True
WRB,2022-11-10,Loss,-25.417106435545335,40.857142857142854,52.07659088349435,True,True,6.665019084582518,True
WRB,2023-01-17,Win,54.4751151019481,56.96428571428571,51.24155503280181,True,True,6.719660391711662,True
AKAM,2016-02-16,Win,31.020583047047513,33.0,50.01246876733813,True,True,4.837743725796966,True
AKAM,2017-07-27,Win,44.44407653623321,93.10714285714286,59.69523851533523,True,False,6.601243073270488,True
AKAM,2019-04-12,Loss,-8.390902683862208,94.67857142857143,65.67646764658335,True,True,7.3616440291071985,True
AKAM,2020-05-07,Loss,-11.662727028859104,15.321428571428571,54.92377125589467,True,True,4.035395359615361,True
AKAM,2020-10-06,Win,36.896218691163625,45.57142857142857,51.55548142310774,True,True,4.5810085361803985,True
AKAM,2021-04-21,Win,22.991537614983766,98.60714285714286,51.88210230048716,True,True,6.016814586998475,True
AKAM,2021-11-18,Loss,-12.658714250318448,76.21428571428572,54.64992682225145,True,True,9.499889238279358,True
AKAM,2022-03-18,Win,38.02174413182342,14.535714285714286,49.975436402210924,True,True,5.321190143503909,True
AKAM,2024-10-02,Loss,-7.912346953305241,99.0,58.936034245223155,True,False,5.858909486165758,True
ZM,2016-02-16,Win,31.020583047047513,33.0,50.01246876733813,True,True,4.837743725796966,True
ZM,2017-07-27,Win,44.44407653623321,93.10714285714286,59.69523851533523,True,False,6.601243073270488,True
ZM,2019-04-12,Loss,-8.390902683862208,94.67857142857143,65.67646764658335,True,True,7.3616440291071985,True
ZM,2020-05-07,Loss,-11.662727028859104,15.321428571428571,54.92377125589467,True,True,4.035395359615361,True
ZM,2020-10-06,Win,36.896218691163625,45.57142857142857,51.55548142310774,True,True,4.5810085361803985,True
ZM,2021-04-21,Win,22.991537614983766,98.60714285714286,51.88210230048716,True,True,6.016814586998475,True
ZM,2021-11-18,Loss,-12.658714250318448,76.21428571428572,54.64992682225145,True,True,9.499889238279358,True
ZM,2022-03-18,Win,38.02174413182342,14.535714285714286,49.975436402210924,True,True,5.321190143503909,True
ZM,2024-10-02,Loss,-7.912346953305241,99.0,58.936034245223155,True,False,5.858909486165758,True
ALLE,2016-02-16,Win,31.020583047047513,33.0,50.01246876733813,True,True,4.837743725796966,True
ALLE,2017-07-27,Win,44.44407653623321,93.10714285714286,59.69523851533523,True,False,6.601243073270488,True
ALLE,2019-04-12,Loss,-8.390902683862208,94.67857142857143,65.67646764658335,True,True,7.3616440291071985,True
ALLE,2020-05-07,Loss,-11.662727028859104,15.321428571428571,54.92377125589467,True,True,4.035395359615361,True
ALLE,2020-10-06,Win,36.896218691163625,45.57142857142857,51.55548142310774,True,True,4.5810085361803985,True
ALLE,2021-04-21,Win,22.991537614983766,98.60714285714286,51.88210230048716,True,True,6.016814586998475,True
ALLE,2021-11-18,Loss,-12.658714250318448,76.21428571428572,54.64992682225145,True,True,9.499889238279358,True
ALLE,2022-03-18,Win,38.02174413182342,14.535714285714286,49.975436402210924,True,True,5.321190143503909,True
ALLE,2024-10-02,Loss,-7.912346953305241,99.0,58.936034245223155,True,False,5.858909486165758,True
AIT,2016-02-16,Win,31.020583047047513,33.0,50.01246876733813,True,True,4.837743725796966,True
AIT,2017-07-27,Win,44.44407653623321,93.10714285714286,59.69523851533523,True,False,6.601243073270488,True
AIT,2019-04-12,Loss,-8.390902683862208,94.67857142857143,65.67646764658335,True,True,7.3616440291071985,True
AIT,2020-05-07,Loss,-11.662727028859104,15.321428571428571,54.92377125589467,True,True,4.035395359615361,True
AIT,2020-10-06,Win,36.896218691163625,45.57142857142857,51.55548142310774,True,True,4.5810085361803985,True
AIT,2021-04-21,Win,22.991537614983766,98.60714285714286,51.88210230048716,True,True,6.016814586998475,True
AIT,2021-11-18,Loss,-12.658714250318448,76.21428571428572,54.64992682225145,True,True,9.499889238279358,True
AIT,2022-03-18,Win,38.02174413182342,14.535714285714286,49.975436402210924,True,True,5.321190143503909,True
AIT,2024-10-02,Loss,-7.912346953305241,99.0,58.936034245223155,True,False,5.858909486165758,True
ZBH,2016-02-16,Win,31.020583047047513,33.0,50.01246876733813,True,True,4.837743725796966,True
ZBH,2017-07-27,Win,44.44407653623321,93.10714285714286,59.69523851533523,True,False,6.601243073270488,True
ZBH,2019-04-12,Loss,-8.390902683862208,94.67857142857143,65.67646764658335,True,True,7.3616440291071985,True
ZBH,2020-05-07,Loss,-11.662727028859104,15.321428571428571,54.92377125589467,True,True,4.035395359615361,True
ZBH,2020-10-06,Win,36.896218691163625,45.57142857142857,51.55548142310774,True,True,4.5810085361803985,True
ZBH,2021-04-21,Win,22.991537614983766,98.60714285714286,51.88210230048716,True,True,6.016814586998475,True
ZBH,2021-11-18,Loss,-12.658714250318448,76.21428571428572,54.64992682225145,True,True,9.499889238279358,True
ZBH,2022-03-18,Win,38.02174413182342,14.535714285714286,49.975436402210924,True,True,5.321190143503909,True
ZBH,2024-10-02,Loss,-7.912346953305241,99.0,58.936034245223155,True,False,5.858909486165758,True
APG,2021-03-12,Loss,-14.196192032867842,,53.594335935032646,True,False,4.05609388711587,True
APG,2022-07-20,Loss,-15.56463395348623,12.964285714285715,50.611470976770846,True,True,5.076193863592586,True
APG,2022-10-25,Win,58.26252906175875,40.464285714285715,52.111288265107916,True,True,5.779063402425722,True
APG,2023-06-13,Win,43.816484002506016,99.0,58.46100956563832,True,False,6.754098018611109,True
APG,2024-03-04,Loss,-16.67448138185619,83.67857142857143,64.8311002777002,True,False,7.058430586021217,True
APG,2024-11-01,Loss,-12.14940029023111,25.53571428571429,49.80028570083104,True,False,4.9186098261240865,True
APG,2025-04-25,Win,58.49439624619103,25.92857142857143,55.35552658602605,True,True,4.398597782106629,True
AR,2021-03-12,Loss,-14.196192032867842,,53.594335935032646,True,False,4.05609388711587,True
AR,2022-07-20,Loss,-15.56463395348623,12.964285714285715,50.611470976770846,True,True,5.076193863592586,True
AR,2022-10-25,Win,58.26252906175875,40.464285714285715,52.111288265107916,True,True,5.779063402425722,True
AR,2023-06-13,Win,43.816484002506016,99.0,58.46100956563832,True,False,6.754098018611109,True
AR,2024-03-04,Loss,-16.67448138185619,83.67857142857143,64.8311002777002,True,False,7.058430586021217,True
AR,2024-11-01,Loss,-12.14940029023111,25.53571428571429,49.80028570083104,True,False,4.9186098261240865,True
AR,2025-04-25,Win,58.49439624619103,25.92857142857143,55.35552658602605,True,True,4.398597782106629,True
ATI,2021-03-12,Loss,-14.196192032867842,,53.594335935032646,True,False,4.05609388711587,True
ATI,2022-07-20,Loss,-15.56463395348623,12.964285714285715,50.611470976770846,True,True,5.076193863592586,True
ATI,2022-10-25,Win,58.26252906175875,40.464285714285715,52.111288265107916,True,True,5.779063402425722,True
ATI,2023-06-13,Win,43.816484002506016,99.0,58.46100956563832,True,False,6.754098018611109,True
ATI,2024-03-04,Loss,-16.67448138185619,83.67857142857143,64.8311002777002,True,False,7.058430586021217,True
ATI,2024-11-01,Loss,-12.14940029023111,25.53571428571429,49.80028570083104,True,False,4.9186098261240865,True
ATI,2025-04-25,Win,58.49439624619103,25.92857142857143,55.35552658602605,True,True,4.398597782106629,True
ARE,2021-03-12,Loss,-14.196192032867842,,53.594335935032646,True,False,4.05609388711587,True
ARE,2022-07-20,Loss,-15.56463395348623,12.964285714285715,50.611470976770846,True,True,5.076193863592586,True
ARE,2022-10-25,Win,58.26252906175875,40.464285714285715,52.111288265107916,True,True,5.779063402425722,True
ARE,2023-06-13,Win,43.816484002506016,99.0,58.46100956563832,True,False,6.754098018611109,True
ARE,2024-03-04,Loss,-16.67448138185619,83.67857142857143,64.8311002777002,True,False,7.058430586021217,True
ARE,2024-11-01,Loss,-12.14940029023111,25.53571428571429,49.80028570083104,True,False,4.9186098261240865,True
ARE,2025-04-25,Win,58.49439624619103,25.92857142857143,55.35552658602605,True,True,4.398597782106629,True
ARMK,2021-03-12,Loss,-14.196192032867842,,53.594335935032646,True,False,4.05609388711587,True
ARMK,2022-07-20,Loss,-15.56463395348623,12.964285714285715,50.611470976770846,True,True,5.076193863592586,True
ARMK,2022-10-25,Win,58.26252906175875,40.464285714285715,52.111288265107916,True,True,5.779063402425722,True
ARMK,2023-06-13,Win,43.816484002506016,99.0,58.46100956563832,True,False,6.754098018611109,True
ARMK,2024-03-04,Loss,-16.67448138185619,83.67857142857143,64.8311002777002,True,False,7.058430586021217,True
ARMK,2024-11-01,Loss,-12.14940029023111,25.53571428571429,49.80028570083104,True,False,4.9186098261240865,True
ARMK,2025-04-25,Win,58.49439624619103,25.92857142857143,55.35552658602605,True,True,4.398597782106629,True
ALB,2021-03-12,Loss,-14.196192032867842,,53.594335935032646,True,False,4.05609388711587,True
ALB,2022-07-20,Loss,-15.56463395348623,12.964285714285715,50.611470976770846,True,True,5.076193863592586,True
ALB,2022-10-25,Win,58.26252906175875,40.464285714285715,52.111288265107916,True,True,5.779063402425722,True
ALB,2023-06-13,Win,43.816484002506016,99.0,58.46100956563832,True,False,6.754098018611109,True
ALB,2024-03-04,Loss,-16.67448138185619,83.67857142857143,64.8311002777002,True,False,7.058430586021217,True
ALB,2024-11-01,Loss,-12.14940029023111,25.53571428571429,49.80028570083104,True,False,4.9186098261240865,True
ALB,2025-04-25,Win,58.49439624619103,25.92857142857143,55.35552658602605,True,True,4.398597782106629,True
AYI,2021-03-12,Loss,-14.196192032867842,,53.594335935032646,True,False,4.05609388711587,True
AYI,2022-07-20,Loss,-15.56463395348623,12.964285714285715,50.611470976770846,True,True,5.076193863592586,True
AYI,2022-10-25,Win,58.26252906175875,40.464285714285715,52.111288265107916,True,True,5.779063402425722,True
AYI,2023-06-13,Win,43.816484002506016,99.0,58.46100956563832,True,False,6.754098018611109,True
AYI,2024-03-04,Loss,-16.67448138185619,83.67857142857143,64.8311002777002,True,False,7.058430586021217,True
AYI,2024-11-01,Loss,-12.14940029023111,25.53571428571429,49.80028570083104,True,False,4.9186098261240865,True
AYI,2025-04-25,Win,58.49439624619103,25.92857142857143,55.35552658602605,True,True,4.398597782106629,True
BAH,2021-03-12,Loss,-14.196192032867842,,53.594335935032646,True,False,4.05609388711587,True
BAH,2022-07-20,Loss,-15.56463395348623,12.964285714285715,50.611470976770846,True,True,5.076193863592586,True
BAH,2022-10-25,Win,58.26252906175875,40.464285714285715,52.111288265107916,True,True,5.779063402425722,True
BAH,2023-06-13,Win,43.816484002506016,99.0,58.46100956563832,True,False,6.754098018611109,True
BAH,2024-03-04,Loss,-16.67448138185619,83.67857142857143,64.8311002777002,True,False,7.058430586021217,True
BAH,2024-11-01,Loss,-12.14940029023111,25.53571428571429,49.80028570083104,True,False,4.9186098261240865,True
BAH,2025-04-25,Win,58.49439624619103,25.92857142857143,55.35552658602605,True,True,4.398597782106629,True
ALLY,2021-03-12,Loss,-14.196192032867842,,53.594335935032646,True,False,4.05609388711587,True
ALLY,2022-07-20,Loss,-15.56463395348623,12.964285714285715,50.611470976770846,True,True,5.076193863592586,True
ALLY,2022-10-25,Win,58.26252906175875,40.464285714285715,52.111288265107916,True,True,5.779063402425722,True
ALLY,2023-06-13,Win,43.816484002506016,99.0,58.46100956563832,True,False,6.754098018611109,True
ALLY,2024-03-04,Loss,-16.67448138185619,83.67857142857143,64.8311002777002,True,False,7.058430586021217,True
ALLY,2024-11-01,Loss,-12.14940029023111,25.53571428571429,49.80028570083104,True,False,4.9186098261240865,True
ALLY,2025-04-25,Win,58.49439624619103,25.92857142857143,55.35552658602605,True,True,4.398597782106629,True
AVY,2021-03-12,Loss,-14.196192032867842,,53.594335935032646,True,False,4.05609388711587,True
AVY,2022-07-20,Loss,-15.56463395348623,12.964285714285715,50.611470976770846,True,True,5.076193863592586,True
AVY,2022-10-25,Win,58.26252906175875,40.464285714285715,52.111288265107916,True,True,5.779063402425722,True
AVY,2023-06-13,Win,43.816484002506016,99.0,58.46100956563832,True,False,6.754098018611109,True
AVY,2024-03-04,Loss,-16.67448138185619,83.67857142857143,64.8311002777002,True,False,7.058430586021217,True
AVY,2024-11-01,Loss,-12.14940029023111,25.53571428571429,49.80028570083104,True,False,4.9186098261240865,True
AVY,2025-04-25,Win,58.49439624619103,25.92857142857143,55.35552658602605,True,True,4.398597782106629,True
BG,2020-05-20,Win,61.08187469965798,,50.657006231269044,True,False,4.263883002601718,True
BG,2020-10-13,Loss,-19.958114824582353,98.21428571428572,55.63762019055085,True,True,5.885878734524175,True
BG,2020-11-23,Win,64.66449009486946,85.64285714285715,54.12731807966315,True,True,4.881028660078436,True
BG,2021-04-13,Loss,-23.556833856723532,45.17857142857143,51.83435168918349,True,True,5.400204987229584,True
BG,2022-02-28,Loss,-22.939401246732363,14.535714285714286,49.59353194445346,True,False,4.230544194361571,True
BG,2022-08-03,Loss,-15.88317230306461,46.75,52.764177067287136,True,True,3.796855026943994,True
BG,2023-02-01,Win,54.556561085972845,13.357142857142856,57.85931076661603,True,True,4.2388105921278525,True
BG,2023-10-06,Win,37.78109523370324,99.0,52.681786789796526,True,True,3.986758214194422,True
BG,2023-12-11,Win,73.58060158564872,99.0,60.47265967782975,True,True,8.60924307074396,True
BG,2025-02-13,Loss,-24.50823185074317,55.785714285714285,58.797459557207375,True,True,7.258930675713842,True
BALL,2016-02-03,Win,33.95642921592782,12.178571428571427,50.49668658985896,True,False,4.63842185292531,True
BALL,2017-04-06,Loss,-6.097372272750673,81.71428571428571,57.1268920919961,True,False,4.328491081826605,False
BALL,2017-12-01,Loss,-11.30783722515562,11.785714285714285,51.48215481674273,True,False,5.355495094130914,True
BALL,2018-06-14,Win,33.383160316860945,23.57142857142857,41.40682228393187,True,False,5.226933722387448,True
BALL,2019-07-12,Loss,-9.625299768333658,92.32142857142857,54.51267608999625,True,True,6.496699938094828,True
BALL,2020-05-20,Win,43.52881125463992,18.07142857142857,54.728317696510054,True,True,5.786747044314859,True
BALL,2021-03-10,Loss,-12.02100250370342,99.0,55.246471405824295,True,False,5.351920020767394,True
BALL,2022-03-29,Loss,-8.03013882481554,19.642857142857142,47.4729620578572,True,True,4.4101160635339856,False
BALL,2022-05-26,Loss,-12.348499655102945,11.785714285714285,48.58075397531657,True,True,5.254237477885241,True
BALL,2022-07-15,Loss,-10.606031790409068,13.75,48.9968374534808,True,True,4.7905658454201845,True
BALL,2022-11-22,Loss,-16.12763097228182,53.035714285714285,44.015035121199006,True,True,6.432724068740112,True
BAX,2020-05-20,Win,61.08187469965798,,50.657006231269044,True,False,4.263883002601718,True
BAX,2020-10-13,Loss,-19.958114824582353,98.21428571428572,55.63762019055085,True,True,5.885878734524175,True
BAX,2020-11-23,Win,64.66449009486946,85.64285714285715,54.12731807966315,True,True,4.881028660078436,True
BAX,2021-04-13,Loss,-23.556833856723532,45.17857142857143,51.83435168918349,True,True,5.400204987229584,True
BAX,2022-02-28,Loss,-22.939401246732363,14.535714285714286,49.59353194445346,True,False,4.230544194361571,True
BAX,2022-08-03,Loss,-15.88317230306461,46.75,52.764177067287136,True,True,3.796855026943994,True
BAX,2023-02-01,Win,54.556561085972845,13.357142857142856,57.85931076661603,True,True,4.2388105921278525,True
BAX,2023-10-06,Win,37.78109523370324,99.0,52.681786789796526,True,True,3.986758214194422,True
BAX,2023-12-11,Win,73.58060158564872,99.0,60.47265967782975,True,True,8.60924307074396,True
BAX,2025-02-13,Loss,-24.50823185074317,55.785714285714285,58.797459557207375,True,True,7.258930675713842,True
BXP,2020-05-20,Win,61.08187469965798,,50.657006231269044,True,False,4.263883002601718,True
BXP,2020-10-13,Loss,-19.958114824582353,98.21428571428572,55.63762019055085,True,True,5.885878734524175,True
BXP,2020-11-23,Win,64.66449009486946,85.64285714285715,54.12731807966315,True,True,4.881028660078436,True
BXP,2021-04-13,Loss,-23.556833856723532,45.17857142857143,51.83435168918349,True,True,5.400204987229584,True
BXP,2022-02-28,Loss,-22.939401246732363,14.535714285714286,49.59353194445346,True,False,4.230544194361571,True
BXP,2022-08-03,Loss,-15.88317230306461,46.75,52.764177067287136,True,True,3.796855026943994,True
BXP,2023-02-01,Win,54.556561085972845,13.357142857142856,57.85931076661603,True,True,4.2388105921278525,True
BXP,2023-10-06,Win,37.78109523370324,99.0,52.681786789796526,True,True,3.986758214194422,True
BXP,2023-12-11,Win,73.58060158564872,99.0,60.47265967782975,True,True,8.60924307074396,True
BXP,2025-02-13,Loss,-24.50823185074317,55.785714285714285,58.797459557207375,True,True,7.258930675713842,True
BJ,2020-05-20,Win,61.08187469965798,,50.657006231269044,True,False,4.263883002601718,True
BJ,2020-10-13,Loss,-19.958114824582353,98.21428571428572,55.63762019055085,True,True,5.885878734524175,True
BJ,2020-11-23,Win,64.66449009486946,85.64285714285715,54.12731807966315,True,True,4.881028660078436,True
BJ,2021-04-13,Loss,-23.556833856723532,45.17857142857143,51.83435168918349,True,True,5.400204987229584,True
BJ,2022-02-28,Loss,-22.939401246732363,14.535714285714286,49.59353194445346,True,False,4.230544194361571,True
BJ,2022-08-03,Loss,-15.88317230306461,46.75,52.764177067287136,True,True,3.796855026943994,True
BJ,2023-02-01,Win,54.556561085972845,13.357142857142856,57.85931076661603,True,True,4.2388105921278525,True
BJ,2023-10-06,Win,37.78109523370324,99.0,52.681786789796526,True,True,3.986758214194422,True
BJ,2023-12-11,Win,73.58060158564872,99.0,60.47265967782975,True,True,8.60924307074396,True
BJ,2025-02-13,Loss,-24.50823185074317,55.785714285714285,58.797459557207375,True,True,7.258930675713842,True
BBY,2020-05-20,Win,61.08187469965798,,50.657006231269044,True,False,4.263883002601718,True
BBY,2020-10-13,Loss,-19.958114824582353,98.21428571428572,55.63762019055085,True,True,5.885878734524175,True
BBY,2020-11-23,Win,64.66449009486946,85.64285714285715,54.12731807966315,True,True,4.881028660078436,True
BBY,2021-04-13,Loss,-23.556833856723532,45.17857142857143,51.83435168918349,True,True,5.400204987229584,True
BBY,2022-02-28,Loss,-22.939401246732363,14.535714285714286,49.59353194445346,True,False,4.230544194361571,True
BBY,2022-08-03,Loss,-15.88317230306461,46.75,52.764177067287136,True,True,3.796855026943994,True
BBY,2023-02-01,Win,54.556561085972845,13.357142857142856,57.85931076661603,True,True,4.2388105921278525,True
BBY,2023-10-06,Win,37.78109523370324,99.0,52.681786789796526,True,True,3.986758214194422,True
BBY,2023-12-11,Win,73.58060158564872,99.0,60.47265967782975,True,True,8.60924307074396,True
BBY,2025-02-13,Loss,-24.50823185074317,55.785714285714285,58.797459557207375,True,True,7.258930675713842,True
BMRN,2020-05-20,Win,61.08187469965798,,50.657006231269044,True,False,4.263883002601718,True
BMRN,2020-10-13,Loss,-19.958114824582353,98.21428571428572,55.63762019055085,True,True,5.885878734524175,True
BMRN,2020-11-23,Win,64.66449009486946,85.64285714285715,54.12731807966315,True,True,4.881028660078436,True
BMRN,2021-04-13,Loss,-23.556833856723532,45.17857142857143,51.83435168918349,True,True,5.400204987229584,True
BMRN,2022-02-28,Loss,-22.939401246732363,14.535714285714286,49.59353194445346,True,False,4.230544194361571,True
BMRN,2022-08-03,Loss,-15.88317230306461,46.75,52.764177067287136,True,True,3.796855026943994,True
BMRN,2023-02-01,Win,54.556561085972845,13.357142857142856,57.85931076661603,True,True,4.2388105921278525,True
BMRN,2023-10-06,Win,37.78109523370324,99.0,52.681786789796526,True,True,3.986758214194422,True
BMRN,2023-12-11,Win,73.58060158564872,99.0,60.47265967782975,True,True,8.60924307074396,True
BMRN,2025-02-13,Loss,-24.50823185074317,55.785714285714285,58.797459557207375,True,True,7.258930675713842,True
BE,2020-05-20,Win,61.08187469965798,,50.657006231269044,True,False,4.263883002601718,True
BE,2020-10-13,Loss,-19.958114824582353,98.21428571428572,55.63762019055085,True,True,5.885878734524175,True
BE,2020-11-23,Win,64.66449009486946,85.64285714285715,54.12731807966315,True,True,4.881028660078436,True
BE,2021-04-13,Loss,-23.556833856723532,45.17857142857143,51.83435168918349,True,True,5.400204987229584,True
BE,2022-02-28,Loss,-22.939401246732363,14.535714285714286,49.59353194445346,True,False,4.230544194361571,True
BE,2022-08-03,Loss,-15.88317230306461,46.75,52.764177067287136,True,True,3.796855026943994,True
BE,2023-02-01,Win,54.556561085972845,13.357142857142856,57.85931076661603,True,True,4.2388105921278525,True
BE,2023-10-06,Win,37.78109523370324,99.0,52.681786789796526,True,True,3.986758214194422,True
BE,2023-12-11,Win,73.58060158564872,99.0,60.47265967782975,True,True,8.60924307074396,True
BE,2025-02-13,Loss,-24.50823185074317,55.785714285714285,58.797459557207375,True,True,7.258930675713842,True
BLD,2020-05-20,Win,61.08187469965798,,50.657006231269044,True,False,4.263883002601718,True
BLD,2020-10-13,Loss,-19.958114824582353,98.21428571428572,55.63762019055085,True,True,5.885878734524175,True
BLD,2020-11-23,Win,64.66449009486946,85.64285714285715,54.12731807966315,True,True,4.881028660078436,True
BLD,2021-04-13,Loss,-23.556833856723532,45.17857142857143,51.83435168918349,True,True,5.400204987229584,True
BLD,2022-02-28,Loss,-22.939401246732363,14.535714285714286,49.59353194445346,True,False,4.230544194361571,True
BLD,2022-08-03,Loss,-15.88317230306461,46.75,52.764177067287136,True,True,3.796855026943994,True
BLD,2023-02-01,Win,54.556561085972845,13.357142857142856,57.85931076661603,True,True,4.2388105921278525,True
BLD,2023-10-06,Win,37.78109523370324,99.0,52.681786789796526,True,True,3.986758214194422,True
BLD,2023-12-11,Win,73.58060158564872,99.0,60.47265967782975,True,True,8.60924307074396,True
BLD,2025-02-13,Loss,-24.50823185074317,55.785714285714285,58.797459557207375,True,True,7.258930675713842,True
BLDR,2020-05-20,Win,61.08187469965798,,50.657006231269044,True,False,4.263883002601718,True
BLDR,2020-10-13,Loss,-19.958114824582353,98.21428571428572,55.63762019055085,True,True,5.885878734524175,True
BLDR,2020-11-23,Win,64.66449009486946,85.64285714285715,54.12731807966315,True,True,4.881028660078436,True
BLDR,2021-04-13,Loss,-23.556833856723532,45.17857142857143,51.83435168918349,True,True,5.400204987229584,True
BLDR,2022-02-28,Loss,-22.939401246732363,14.535714285714286,49.59353194445346,True,False,4.230544194361571,True
BLDR,2022-08-03,Loss,-15.88317230306461,46.75,52.764177067287136,True,True,3.796855026943994,True
BLDR,2023-02-01,Win,54.556561085972845,13.357142857142856,57.85931076661603,True,True,4.2388105921278525,True
BLDR,2023-10-06,Win,37.78109523370324,99.0,52.681786789796526,True,True,3.986758214194422,True
BLDR,2023-12-11,Win,73.58060158564872,99.0,60.47265967782975,True,True,8.60924307074396,True
BLDR,2025-02-13,Loss,-24.50823185074317,55.785714285714285,58.797459557207375,True,True,7.258930675713842,True
CF,2015-11-18,Loss,-11.029430607957961,,54.23498532582207,True,False,8.232192515146185,True
CF,2016-02-17,Win,25.651890792143295,5.107142857142857,49.389876433032306,True,True,4.589627565611442,True
CF,2016-10-20,Win,22.39030069440564,74.25,46.23456101636723,True,False,5.8504550506883986,True
CF,2018-01-12,Win,27.327500016385137,60.50000000000001,55.62487358778389,True,True,8.313223995230658,True
CF,2019-03-19,Win,49.4683895228725,99.0,57.179885933114164,True,True,12.767680488306041,True
CF,2020-07-21,Win,45.81813839827534,99.0,54.229045980905745,True,True,9.058114355398812,True
CF,2021-07-22,Loss,-10.081877284208415,41.25,54.32407631124835,True,False,6.300885574415607,True
CF,2022-03-17,Loss,-11.308949263043294,11.0,50.61858494277014,True,False,4.295067842893794,False
CF,2022-05-27,Loss,-14.05463296511571,9.821428571428571,50.02506033468465,True,True,5.425898733439827,True
CF,2023-06-13,Loss,-10.143979554485275,42.42857142857142,55.692142522086364,True,True,5.260881002200999,True
CF,2023-11-20,Loss,-15.439425476774197,62.464285714285715,47.363910474078935,True,True,8.648948615283928,True
CACI,2015-11-18,Loss,-11.029430607957961,,54.23498532582207,True,False,8.232192515146185,True
CACI,2016-02-17,Win,25.651890792143295,5.107142857142857,49.389876433032306,True,True,4.589627565611442,True
CACI,2016-10-20,Win,22.39030069440564,74.25,46.23456101636723,True,False,5.8504550506883986,True
CACI,2018-01-12,Win,27.327500016385137,60.50000000000001,55.62487358778389,True,True,8.313223995230658,True
CACI,2019-03-19,Win,49.4683895228725,99.0,57.179885933114164,True,True,12.767680488306041,True
CACI,2020-07-21,Win,45.81813839827534,99.0,54.229045980905745,True,True,9.058114355398812,True
CACI,2021-07-22,Loss,-10.081877284208415,41.25,54.32407631124835,True,False,6.300885574415607,True
CACI,2022-03-17,Loss,-11.308949263043294,11.0,50.61858494277014,True,False,4.295067842893794,False
CACI,2022-05-27,Loss,-14.05463296511571,9.821428571428571,50.02506033468465,True,True,5.425898733439827,True
CACI,2023-06-13,Loss,-10.143979554485275,42.42857142857142,55.692142522086364,True,True,5.260881002200999,True
CACI,2023-11-20,Loss,-15.439425476774197,62.464285714285715,47.363910474078935,True,True,8.648948615283928,True
CDE,2015-12-29,Loss,-8.972686914646895,,55.39849482633185,True,True,6.151597383141568,True
CDE,2016-03-01,Win,42.71346959107176,48.32142857142857,46.09527657391778,True,False,6.591947434916531,True
CDE,2017-04-17,Win,36.96414982805731,36.535714285714285,53.58364130023353,True,False,8.826223538682125,True
CDE,2019-04-02,Win,24.83213313992797,98.60714285714286,67.12576403773096,True,True,5.738454404464245,True
CDE,2019-10-22,Loss,-10.180128040870688,97.82142857142857,56.154015635040956,True,True,6.97703792873983,True
CDE,2020-05-28,Win,46.85359313365585,26.321428571428573,55.64676540493498,True,True,6.144787927648642,True
CDE,2021-08-17,Win,23.037435691450604,94.28571428571428,53.87774357292715,True,False,6.543195688259695,True
CDE,2021-12-27,Loss,-11.873352910551072,99.0,53.873592148576,True,False,6.218115679252366,True
CDE,2022-03-16,Loss,-12.569052236913652,27.5,47.60678505807949,True,True,5.4958945780708675,True
CDE,2022-07-19,Loss,-13.734004696405291,10.214285714285714,48.51131511665551,True,True,5.419161668114319,True
CDE,2022-10-26,Loss,-12.560846973829925,6.678571428571428,45.833874105835015,True,False,3.9902609886242715,True
CLH,2015-12-29,Loss,-8.972686914646895,,55.39849482633185,True,True,6.151597383141568,True
CLH,2016-03-01,Win,42.71346959107176,48.32142857142857,46.09527657391778,True,False,6.591947434916531,True
CLH,2017-04-17,Win,36.96414982805731,36.535714285714285,53.58364130023353,True,False,8.826223538682125,True
CLH,2019-04-02,Win,24.83213313992797,98.60714285714286,67.12576403773096,True,True,5.738454404464245,True
CLH,2019-10-22,Loss,-10.180128040870688,97.82142857142857,56.154015635040956,True,True,6.97703792873983,True
CLH,2020-05-28,Win,46.85359313365585,26.321428571428573,55.64676540493498,True,True,6.144787927648642,True
CLH,2021-08-17,Win,23.037435691450604,94.28571428571428,53.87774357292715,True,False,6.543195688259695,True
CLH,2021-12-27,Loss,-11.873352910551072,99.0,53.873592148576,True,False,6.218115679252366,True
CLH,2022-03-16,Loss,-12.569052236913652,27.5,47.60678505807949,True,True,5.4958945780708675,True
CLH,2022-07-19,Loss,-13.734004696405291,10.214285714285714,48.51131511665551,True,True,5.419161668114319,True
CLH,2022-10-26,Loss,-12.560846973829925,6.678571428571428,45.833874105835015,True,False,3.9902609886242715,True
CSL,2015-12-29,Loss,-8.972686914646895,,55.39849482633185,True,True,6.151597383141568,True
CSL,2016-03-01,Win,42.71346959107176,48.32142857142857,46.09527657391778,True,False,6.591947434916531,True
CSL,2017-04-17,Win,36.96414982805731,36.535714285714285,53.58364130023353,True,False,8.826223538682125,True
CSL,2019-04-02,Win,24.83213313992797,98.60714285714286,67.12576403773096,True,True,5.738454404464245,True
CSL,2019-10-22,Loss,-10.180128040870688,97.82142857142857,56.154015635040956,True,True,6.97703792873983,True
CSL,2020-05-28,Win,46.85359313365585,26.321428571428573,55.64676540493498,True,True,6.144787927648642,True
CSL,2021-08-17,Win,23.037435691450604,94.28571428571428,53.87774357292715,True,False,6.543195688259695,True
CSL,2021-12-27,Loss,-11.873352910551072,99.0,53.873592148576,True,False,6.218115679252366,True
CSL,2022-03-16,Loss,-12.569052236913652,27.5,47.60678505807949,True,True,5.4958945780708675,True
CSL,2022-07-19,Loss,-13.734004696405291,10.214285714285714,48.51131511665551,True,True,5.419161668114319,True
CSL,2022-10-26,Loss,-12.560846973829925,6.678571428571428,45.833874105835015,True,False,3.9902609886242715,True
DKS,2015-12-29,Loss,-8.972686914646895,,55.39849482633185,True,True,6.151597383141568,True
DKS,2016-03-01,Win,42.71346959107176,48.32142857142857,46.09527657391778,True,False,6.591947434916531,True
DKS,2017-04-17,Win,36.96414982805731,36.535714285714285,53.58364130023353,True,False,8.826223538682125,True
DKS,2019-04-02,Win,24.83213313992797,98.60714285714286,67.12576403773096,True,True,5.738454404464245,True
DKS,2019-10-22,Loss,-10.180128040870688,97.82142857142857,56.154015635040956,True,True,6.97703792873983,True
DKS,2020-05-28,Win,46.85359313365585,26.321428571428573,55.64676540493498,True,True,6.144787927648642,True
DKS,2021-08-17,Win,23.037435691450604,94.28571428571428,53.87774357292715,True,False,6.543195688259695,True
DKS,2021-12-27,Loss,-11.873352910551072,99.0,53.873592148576,True,False,6.218115679252366,True
DKS,2022-03-16,Loss,-12.569052236913652,27.5,47.60678505807949,True,True,5.4958945780708675,True
DKS,2022-07-19,Loss,-13.734004696405291,10.214285714285714,48.51131511665551,True,True,5.419161668114319,True
DKS,2022-10-26,Loss,-12.560846973829925,6.678571428571428,45.833874105835015,True,False,3.9902609886242715,True
CRS,2015-12-29,Loss,-8.972686914646895,,55.39849482633185,True,True,6.151597383141568,True
CRS,2016-03-01,Win,42.71346959107176,48.32142857142857,46.09527657391778,True,False,6.591947434916531,True
CRS,2017-04-17,Win,36.96414982805731,36.535714285714285,53.58364130023353,True,False,8.826223538682125,True
CRS,2019-04-02,Win,24.83213313992797,98.60714285714286,67.12576403773096,True,True,5.738454404464245,True
CRS,2019-10-22,Loss,-10.180128040870688,97.82142857142857,56.154015635040956,True,True,6.97703792873983,True
CRS,2020-05-28,Win,46.85359313365585,26.321428571428573,55.64676540493498,True,True,6.144787927648642,True
CRS,2021-08-17,Win,23.037435691450604,94.28571428571428,53.87774357292715,True,False,6.543195688259695,True
CRS,2021-12-27,Loss,-11.873352910551072,99.0,53.873592148576,True,False,6.218115679252366,True
CRS,2022-03-16,Loss,-12.569052236913652,27.5,47.60678505807949,True,True,5.4958945780708675,True
CRS,2022-07-19,Loss,-13.734004696405291,10.214285714285714,48.51131511665551,True,True,5.419161668114319,True
CRS,2022-10-26,Loss,-12.560846973829925,6.678571428571428,45.833874105835015,True,False,3.9902609886242715,True
DCI,2015-12-29,Loss,-8.972686914646895,,55.39849482633185,True,True,6.151597383141568,True
DCI,2016-03-01,Win,42.71346959107176,48.32142857142857,46.09527657391778,True,False,6.591947434916531,True
DCI,2017-04-17,Win,36.96414982805731,36.535714285714285,53.58364130023353,True,False,8.826223538682125,True
DCI,2019-04-02,Win,24.83213313992797,98.60714285714286,67.12576403773096,True,True,5.738454404464245,True
DCI,2019-10-22,Loss,-10.180128040870688,97.82142857142857,56.154015635040956,True,True,6.97703792873983,True
DCI,2020-05-28,Win,46.85359313365585,26.321428571428573,55.64676540493498,True,True,6.144787927648642,True
DCI,2021-08-17,Win,23.037435691450604,94.28571428571428,53.87774357292715,True,False,6.543195688259695,True
DCI,2021-12-27,Loss,-11.873352910551072,99.0,53.873592148576,True,False,6.218115679252366,True
DCI,2022-03-16,Loss,-12.569052236913652,27.5,47.60678505807949,True,True,5.4958945780708675,True
DCI,2022-07-19,Loss,-13.734004696405291,10.214285714285714,48.51131511665551,True,True,5.419161668114319,True
DCI,2022-10-26,Loss,-12.560846973829925,6.678571428571428,45.833874105835015,True,False,3.9902609886242715,True
DAY,2015-12-29,Loss,-8.972686914646895,,55.39849482633185,True,True,6.151597383141568,True
DAY,2016-03-01,Win,42.71346959107176,48.32142857142857,46.09527657391778,True,False,6.591947434916531,True
DAY,2017-04-17,Win,36.96414982805731,36.535714285714285,53.58364130023353,True,False,8.826223538682125,True
DAY,2019-04-02,Win,24.83213313992797,98.60714285714286,67.12576403773096,True,True,5.738454404464245,True
DAY,2019-10-22,Loss,-10.180128040870688,97.82142857142857,56.154015635040956,True,True,6.97703792873983,True
DAY,2020-05-28,Win,46.85359313365585,26.321428571428573,55.64676540493498,True,True,6.144787927648642,True
DAY,2021-08-17,Win,23.037435691450604,94.28571428571428,53.87774357292715,True,False,6.543195688259695,True
DAY,2021-12-27,Loss,-11.873352910551072,99.0,53.873592148576,True,False,6.218115679252366,True
DAY,2022-03-16,Loss,-12.569052236913652,27.5,47.60678505807949,True,True,5.4958945780708675,True
DAY,2022-07-19,Loss,-13.734004696405291,10.214285714285714,48.51131511665551,True,True,5.419161668114319,True
DAY,2022-10-26,Loss,-12.560846973829925,6.678571428571428,45.833874105835015,True,False,3.9902609886242715,True
DOC,2015-12-29,Loss,-8.972686914646895,,55.39849482633185,True,True,6.151597383141568,True
DOC,2016-03-01,Win,42.71346959107176,48.32142857142857,46.09527657391778,True,False,6.591947434916531,True
DOC,2017-04-17,Win,36.96414982805731,36.535714285714285,53.58364130023353,True,False,8.826223538682125,True
DOC,2019-04-02,Win,24.83213313992797,98.60714285714286,67.12576403773096,True,True,5.738454404464245,True
DOC,2019-10-22,Loss,-10.180128040870688,97.82142857142857,56.154015635040956,True,True,6.97703792873983,True
DOC,2020-05-28,Win,46.85359313365585,26.321428571428573,55.64676540493498,True,True,6.144787927648642,True
DOC,2021-08-17,Win,23.037435691450604,94.28571428571428,53.87774357292715,True,False,6.543195688259695,True
DOC,2021-12-27,Loss,-11.873352910551072,99.0,53.873592148576,True,False,6.218115679252366,True
DOC,2022-03-16,Loss,-12.569052236913652,27.5,47.60678505807949,True,True,5.4958945780708675,True
DOC,2022-07-19,Loss,-13.734004696405291,10.214285714285714,48.51131511665551,True,True,5.419161668114319,True
DOC,2022-10-26,Loss,-12.560846973829925,6.678571428571428,45.833874105835015,True,False,3.9902609886242715,True
DTM,2015-12-04,Win,17.35600551367489,,51.67078460178287,True,False,4.186395862185645,True
DTM,2016-06-30,Loss,-9.9385107502993,99.0,59.691880889244345,True,False,6.585466727785785,True
DTM,2016-10-24,Loss,-8.231570498895268,8.642857142857142,46.947312827284115,True,False,6.565763674769037,True
DTM,2018-06-08,Loss,-8.452972300283227,14.535714285714286,44.408251781189804,True,True,6.311913610480058,True
DTM,2019-02-20,Loss,-17.73510290068246,40.857142857142854,50.71483176327515,True,True,9.359110829648724,True
DTM,2019-10-17,Loss,-13.021691140049132,37.32142857142857,44.65311975834737,True,True,7.658825965021268,True
DTM,2020-06-03,Win,43.9472554169466,52.642857142857146,49.53930742896301,True,True,8.313066975309585,True
DTM,2022-01-14,Loss,-12.854270341756926,56.57142857142857,49.02924900631352,True,False,8.091819179347674,True
DTM,2022-07-26,Win,26.847726042480268,8.25,44.49150102844827,True,True,5.59743955957021,True
DTM,2024-07-12,Win,30.02258964887936,99.0,56.42329820998728,True,True,8.145220280810916,True
DOCS,2015-12-04,Win,17.35600551367489,,51.67078460178287,True,False,4.186395862185645,True
DOCS,2016-06-30,Loss,-9.9385107502993,99.0,59.691880889244345,True,False,6.585466727785785,True
DOCS,2016-10-24,Loss,-8.231570498895268,8.642857142857142,46.947312827284115,True,False,6.565763674769037,True
DOCS,2018-06-08,Loss,-8.452972300283227,14.535714285714286,44.408251781189804,True,True,6.311913610480058,True
DOCS,2019-02-20,Loss,-17.73510290068246,40.857142857142854,50.71483176327515,True,True,9.359110829648724,True
DOCS,2019-10-17,Loss,-13.021691140049132,37.32142857142857,44.65311975834737,True,True,7.658825965021268,True
DOCS,2020-06-03,Win,43.9472554169466,52.642857142857146,49.53930742896301,True,True,8.313066975309585,True
DOCS,2022-01-14,Loss,-12.854270341756926,56.57142857142857,49.02924900631352,True,False,8.091819179347674,True
DOCS,2022-07-26,Win,26.847726042480268,8.25,44.49150102844827,True,True,5.59743955957021,True
DOCS,2024-07-12,Win,30.02258964887936,99.0,56.42329820998728,True,True,8.145220280810916,True
DPZ,2015-12-04,Win,17.35600551367489,,51.67078460178287,True,False,4.186395862185645,True
DPZ,2016-06-30,Loss,-9.9385107502993,99.0,59.691880889244345,True,False,6.585466727785785,True
DPZ,2016-10-24,Loss,-8.231570498895268,8.642857142857142,46.947312827284115,True,False,6.565763674769037,True
DPZ,2018-06-08,Loss,-8.452972300283227,14.535714285714286,44.408251781189804,True,True,6.311913610480058,True
DPZ,2019-02-20,Loss,-17.73510290068246,40.857142857142854,50.71483176327515,True,True,9.359110829648724,True
DPZ,2019-10-17,Loss,-13.021691140049132,37.32142857142857,44.65311975834737,True,True,7.658825965021268,True
DPZ,2020-06-03,Win,43.9472554169466,52.642857142857146,49.53930742896301,True,True,8.313066975309585,True
DPZ,2022-01-14,Loss,-12.854270341756926,56.57142857142857,49.02924900631352,True,False,8.091819179347674,True
DPZ,2022-07-26,Win,26.847726042480268,8.25,44.49150102844827,True,True,5.59743955957021,True
DPZ,2024-07-12,Win,30.02258964887936,99.0,56.42329820998728,True,True,8.145220280810916,True
ENSG,2015-12-04,Win,17.35600551367489,,51.67078460178287,True,False,4.186395862185645,True
ENSG,2016-06-30,Loss,-9.9385107502993,99.0,59.691880889244345,True,False,6.585466727785785,True
ENSG,2016-10-24,Loss,-8.231570498895268,8.642857142857142,46.947312827284115,True,False,6.565763674769037,True
ENSG,2018-06-08,Loss,-8.452972300283227,14.535714285714286,44.408251781189804,True,True,6.311913610480058,True
ENSG,2019-02-20,Loss,-17.73510290068246,40.857142857142854,50.71483176327515,True,True,9.359110829648724,True
ENSG,2019-10-17,Loss,-13.021691140049132,37.32142857142857,44.65311975834737,True,True,7.658825965021268,True
ENSG,2020-06-03,Win,43.9472554169466,52.642857142857146,49.53930742896301,True,True,8.313066975309585,True
ENSG,2022-01-14,Loss,-12.854270341756926,56.57142857142857,49.02924900631352,True,False,8.091819179347674,True
ENSG,2022-07-26,Win,26.847726042480268,8.25,44.49150102844827,True,True,5.59743955957021,True
ENSG,2024-07-12,Win,30.02258964887936,99.0,56.42329820998728,True,True,8.145220280810916,True
EG,2015-12-04,Win,17.35600551367489,,51.67078460178287,True,False,4.186395862185645,True
EG,2016-06-30,Loss,-9.9385107502993,99.0,59.691880889244345,True,False,6.585466727785785,True
EG,2016-10-24,Loss,-8.231570498895268,8.642857142857142,46.947312827284115,True,False,6.565763674769037,True
EG,2018-06-08,Loss,-8.452972300283227,14.535714285714286,44.408251781189804,True,True,6.311913610480058,True
EG,2019-02-20,Loss,-17.73510290068246,40.857142857142854,50.71483176327515,True,True,9.359110829648724,True
EG,2019-10-17,Loss,-13.021691140049132,37.32142857142857,44.65311975834737,True,True,7.658825965021268,True
EG,2020-06-03,Win,43.9472554169466,52.642857142857146,49.53930742896301,True,True,8.313066975309585,True
EG,2022-01-14,Loss,-12.854270341756926,56.57142857142857,49.02924900631352,True,False,8.091819179347674,True
EG,2022-07-26,Win,26.847726042480268,8.25,44.49150102844827,True,True,5.59743955957021,True
EG,2024-07-12,Win,30.02258964887936,99.0,56.42329820998728,True,True,8.145220280810916,True
EQH,2015-12-04,Win,17.35600551367489,,51.67078460178287,True,False,4.186395862185645,True
EQH,2016-06-30,Loss,-9.9385107502993,99.0,59.691880889244345,True,False,6.585466727785785,True
EQH,2016-10-24,Loss,-8.231570498895268,8.642857142857142,46.947312827284115,True,False,6.565763674769037,True
EQH,2018-06-08,Loss,-8.452972300283227,14.535714285714286,44.408251781189804,True,True,6.311913610480058,True
EQH,2019-02-20,Loss,-17.73510290068246,40.857142857142854,50.71483176327515,True,True,9.359110829648724,True
EQH,2019-10-17,Loss,-13.021691140049132,37.32142857142857,44.65311975834737,True,True,7.658825965021268,True
EQH,2020-06-03,Win,43.9472554169466,52.642857142857146,49.53930742896301,True,True,8.313066975309585,True
EQH,2022-01-14,Loss,-12.854270341756926,56.57142857142857,49.02924900631352,True,False,8.091819179347674,True
EQH,2022-07-26,Win,26.847726042480268,8.25,44.49150102844827,True,True,5.59743955957021,True
EQH,2024-07-12,Win,30.02258964887936,99.0,56.42329820998728,True,True,8.145220280810916,True
EHC,2015-12-04,Win,17.35600551367489,,51.67078460178287,True,False,4.186395862185645,True
EHC,2016-06-30,Loss,-9.9385107502993,99.0,59.691880889244345,True,False,6.585466727785785,True
EHC,2016-10-24,Loss,-8.231570498895268,8.642857142857142,46.947312827284115,True,False,6.565763674769037,True
EHC,2018-06-08,Loss,-8.452972300283227,14.535714285714286,44.408251781189804,True,True,6.311913610480058,True
EHC,2019-02-20,Loss,-17.73510290068246,40.857142857142854,50.71483176327515,True,True,9.359110829648724,True
EHC,2019-10-17,Loss,-13.021691140049132,37.32142857142857,44.65311975834737,True,True,7.658825965021268,True
EHC,2020-06-03,Win,43.9472554169466,52.642857142857146,49.53930742896301,True,True,8.313066975309585,True
EHC,2022-01-14,Loss,-12.854270341756926,56.57142857142857,49.02924900631352,True,False,8.091819179347674,True
EHC,2022-07-26,Win,26.847726042480268,8.25,44.49150102844827,True,True,5.59743955957021,True
EHC,2024-07-12,Win,30.02258964887936,99.0,56.42329820998728,True,True,8.145220280810916,True
DT,2015-12-04,Win,17.35600551367489,,51.67078460178287,True,False,4.186395862185645,True
DT,2016-06-30,Loss,-9.9385107502993,99.0,59.691880889244345,True,False,6.585466727785785,True
DT,2016-10-24,Loss,-8.231570498895268,8.642857142857142,46.947312827284115,True,False,6.565763674769037,True
DT,2018-06-08,Loss,-8.452972300283227,14.535714285714286,44.408251781189804,True,True,6.311913610480058,True
DT,2019-02-20,Loss,-17.73510290068246,40.857142857142854,50.71483176327515,True,True,9.359110829648724,True
DT,2019-10-17,Loss,-13.021691140049132,37.32142857142857,44.65311975834737,True,True,7.658825965021268,True
DT,2020-06-03,Win,43.9472554169466,52.642857142857146,49.53930742896301,True,True,8.313066975309585,True
DT,2022-01-14,Loss,-12.854270341756926,56.57142857142857,49.02924900631352,True,False,8.091819179347674,True
DT,2022-07-26,Win,26.847726042480268,8.25,44.49150102844827,True,True,5.59743955957021,True
DT,2024-07-12,Win,30.02258964887936,99.0,56.42329820998728,True,True,8.145220280810916,True
DUOL,2015-12-04,Win,17.35600551367489,,51.67078460178287,True,False,4.186395862185645,True
DUOL,2016-06-30,Loss,-9.9385107502993,99.0,59.691880889244345,True,False,6.585466727785785,True
DUOL,2016-10-24,Loss,-8.231570498895268,8.642857142857142,46.947312827284115,True,False,6.565763674769037,True
DUOL,2018-06-08,Loss,-8.452972300283227,14.535714285714286,44.408251781189804,True,True,6.311913610480058,True
DUOL,2019-02-20,Loss,-17.73510290068246,40.857142857142854,50.71483176327515,True,True,9.359110829648724,True
DUOL,2019-10-17,Loss,-13.021691140049132,37.32142857142857,44.65311975834737,True,True,7.658825965021268,True
DUOL,2020-06-03,Win,43.9472554169466,52.642857142857146,49.53930742896301,True,True,8.313066975309585,True
DUOL,2022-01-14,Loss,-12.854270341756926,56.57142857142857,49.02924900631352,True,False,8.091819179347674,True
DUOL,2022-07-26,Win,26.847726042480268,8.25,44.49150102844827,True,True,5.59743955957021,True
DUOL,2024-07-12,Win,30.02258964887936,99.0,56.42329820998728,True,True,8.145220280810916,True
ENTG,2015-12-04,Win,17.35600551367489,,51.67078460178287,True,False,4.186395862185645,True
ENTG,2016-06-30,Loss,-9.9385107502993,99.0,59.691880889244345,True,False,6.585466727785785,True
ENTG,2016-10-24,Loss,-8.231570498895268,8.642857142857142,46.947312827284115,True,False,6.565763674769037,True
ENTG,2018-06-08,Loss,-8.452972300283227,14.535714285714286,44.408251781189804,True,True,6.311913610480058,True
ENTG,2019-02-20,Loss,-17.73510290068246,40.857142857142854,50.71483176327515,True,True,9.359110829648724,True
ENTG,2019-10-17,Loss,-13.021691140049132,37.32142857142857,44.65311975834737,True,True,7.658825965021268,True
ENTG,2020-06-03,Win,43.9472554169466,52.642857142857146,49.53930742896301,True,True,8.313066975309585,True
ENTG,2022-01-14,Loss,-12.854270341756926,56.57142857142857,49.02924900631352,True,False,8.091819179347674,True
ENTG,2022-07-26,Win,26.847726042480268,8.25,44.49150102844827,True,True,5.59743955957021,True
ENTG,2024-07-12,Win,30.02258964887936,99.0,56.42329820998728,True,True,8.145220280810916,True
